Country,Province,District,Soil_Type,Soil_Texture_Canonical,Fertility_Index,Land_Use_Type,Altitude_m,Annual_Rainfall_mm,Growing_Season_Rainfall_mm,Temperature_C,Humidity_pct,Soil_pH,Crop_Suitability,Season,Suitability_Score,Satellite_Observation_Date,Remarks,Agroecology_Notes,Data_Sources
Rwanda,Northern,Musanze,Sandy,sandy,82,Marshland,2333,1454.0,485.0,14.7,81.0,6.37,potato,A,97,2024-08-25,High potential,"Volcanic highlands (Musanze, Burera, Nyabihu). Cool, wet, Irish potato and wheat belt.",RAB; CIP / RwaSIS; FAO ECOCROP; OFRA Rwanda
Rwanda,Northern,Musanze,Sandy,sandy,73,Agricultural,1864,1500.0,664.0,17.1,85.1,5.32,potato,B,100,2024-09-23,High potential,"Volcanic highlands (Musanze, Burera, Nyabihu). Cool, wet, Irish potato and wheat belt.",RAB; CIP / RwaSIS; FAO ECOCROP; OFRA Rwanda
Rwanda,Northern,Musanze,Sandy,sandy,83,Agricultural,1936,1296.0,246.0,13.4,64.3,6.09,sweet_potato,C,90,2024-08-14,High potential,"Volcanic highlands (Musanze, Burera, Nyabihu). Cool, wet, Irish potato and wheat belt.",RAB; CIP; FAO ECOCROP
Rwanda,Northern,Musanze,Clayey,clayey,64,Agricultural,1853,1575.0,567.0,16.3,86.6,5.52,potato,A,76,2024-07-25,Moderate potential,"Volcanic highlands (Musanze, Burera, Nyabihu). Cool, wet, Irish potato and wheat belt.",RAB; CIP / RwaSIS; FAO ECOCROP; OFRA Rwanda
Rwanda,Northern,Musanze,Loamy,loamy,63,Marshland,2018,1479.0,732.0,15.2,78.7,5.98,wheat,B,100,2024-07-01,High potential,"Volcanic highlands (Musanze, Burera, Nyabihu). Cool, wet, Irish potato and wheat belt.",RAB CIP; OFRA Rwanda
Rwanda,Northern,Musanze,Sandy,sandy,72,Agricultural,2347,1107.0,160.0,13.7,68.5,6.1,sweet_potato,C,90,2024-12-09,High potential,"Volcanic highlands (Musanze, Burera, Nyabihu). Cool, wet, Irish potato and wheat belt.",RAB; CIP; FAO ECOCROP
Rwanda,Northern,Musanze,Sandy,sandy,80,Agricultural,2130,1203.0,404.0,15.3,75.4,5.94,maize,A,97,2023-10-26,High potential,"Volcanic highlands (Musanze, Burera, Nyabihu). Cool, wet, Irish potato and wheat belt.",RAB CIP; OFRA Rwanda; FAO ECOCROP
Rwanda,Northern,Musanze,Clayey,clayey,79,Marshland,1993,1279.0,565.0,16.7,84.8,5.3,maize,B,98,2024-06-12,High potential,"Volcanic highlands (Musanze, Burera, Nyabihu). Cool, wet, Irish potato and wheat belt.",RAB CIP; OFRA Rwanda; FAO ECOCROP
Rwanda,Northern,Musanze,Loamy,loamy,90,Agricultural,2265,1229.0,213.0,12.5,67.0,6.1,potato,C,94,2024-06-19,High potential,"Volcanic highlands (Musanze, Burera, Nyabihu). Cool, wet, Irish potato and wheat belt.",RAB; CIP / RwaSIS; FAO ECOCROP; OFRA Rwanda
Rwanda,Northern,Musanze,Loamy,loamy,65,Agricultural,2431,1465.0,550.0,15.4,76.5,5.23,pea,A,98,2024-08-16,High potential,"Volcanic highlands (Musanze, Burera, Nyabihu). Cool, wet, Irish potato and wheat belt.",RAB; FAO ECOCROP
Rwanda,Northern,Musanze,Sandy,sandy,70,Fallow,1882,1324.0,571.0,16.8,81.6,5.12,wheat,B,74,2024-05-14,Moderate potential,"Volcanic highlands (Musanze, Burera, Nyabihu). Cool, wet, Irish potato and wheat belt.",RAB CIP; OFRA Rwanda
Rwanda,Northern,Musanze,Clayey,clayey,81,Homestead,1855,1448.0,242.0,13.1,70.2,5.38,sweet_potato,C,68,2023-11-07,Moderate potential,"Volcanic highlands (Musanze, Burera, Nyabihu). Cool, wet, Irish potato and wheat belt.",RAB; CIP; FAO ECOCROP
Rwanda,Northern,Musanze,Clayey,clayey,60,Agricultural,2331,1401.0,481.0,13.9,79.7,6.2,potato,A,75,2024-12-08,Moderate potential,"Volcanic highlands (Musanze, Burera, Nyabihu). Cool, wet, Irish potato and wheat belt.",RAB; CIP / RwaSIS; FAO ECOCROP; OFRA Rwanda
Rwanda,Northern,Musanze,Loamy,loamy,79,Agricultural,1931,1207.0,468.0,17.9,81.0,5.69,wheat,B,99,2024-04-18,High potential,"Volcanic highlands (Musanze, Burera, Nyabihu). Cool, wet, Irish potato and wheat belt.",RAB CIP; OFRA Rwanda
Rwanda,Northern,Musanze,Loamy,loamy,69,Fallow,1815,1491.0,242.0,12.2,62.4,5.83,tomato,C,89,2024-06-19,High potential,"Volcanic highlands (Musanze, Burera, Nyabihu). Cool, wet, Irish potato and wheat belt.",RAB; FAO ECOCROP
Rwanda,Northern,Musanze,Clayey,clayey,84,Agricultural,2180,1361.0,585.0,16.7,86.0,5.8,beans,A,100,2024-07-28,High potential,"Volcanic highlands (Musanze, Burera, Nyabihu). Cool, wet, Irish potato and wheat belt.",RAB; OFRA Rwanda; NISR
Rwanda,Northern,Musanze,Loamy,loamy,69,Agricultural,2188,1207.0,608.0,15.6,79.6,5.2,tomato,B,97,2024-12-10,High potential,"Volcanic highlands (Musanze, Burera, Nyabihu). Cool, wet, Irish potato and wheat belt.",RAB; FAO ECOCROP
Rwanda,Northern,Musanze,Loamy,loamy,68,Agricultural,1965,1353.0,259.0,13.8,72.1,5.32,tomato,C,91,2023-09-27,High potential,"Volcanic highlands (Musanze, Burera, Nyabihu). Cool, wet, Irish potato and wheat belt.",RAB; FAO ECOCROP
Rwanda,Northern,Musanze,Clayey,clayey,79,Agricultural,2161,1283.0,554.0,14.9,81.4,5.41,wheat,A,99,2025-07-25,High potential,"Volcanic highlands (Musanze, Burera, Nyabihu). Cool, wet, Irish potato and wheat belt.",RAB CIP; OFRA Rwanda
Rwanda,Northern,Musanze,Loamy,loamy,65,Agricultural,1956,1671.0,808.0,15.6,77.1,6.25,tomato,B,99,2025-05-18,High potential,"Volcanic highlands (Musanze, Burera, Nyabihu). Cool, wet, Irish potato and wheat belt.",RAB; FAO ECOCROP
Rwanda,Northern,Musanze,Loamy,loamy,60,Agricultural,2456,1190.0,217.0,13.7,63.4,5.37,pea,C,97,2023-09-23,High potential,"Volcanic highlands (Musanze, Burera, Nyabihu). Cool, wet, Irish potato and wheat belt.",RAB; FAO ECOCROP
Rwanda,Northern,Musanze,Loamy,loamy,85,Agricultural,1996,1410.0,596.0,15.6,76.5,5.28,potato,A,99,2024-04-05,High potential,"Volcanic highlands (Musanze, Burera, Nyabihu). Cool, wet, Irish potato and wheat belt.",RAB; CIP / RwaSIS; FAO ECOCROP; OFRA Rwanda
Rwanda,Northern,Musanze,Sandy,sandy,90,Agricultural,1885,1162.0,465.0,16.1,81.3,5.95,beans,B,78,2025-06-11,Moderate potential,"Volcanic highlands (Musanze, Burera, Nyabihu). Cool, wet, Irish potato and wheat belt.",RAB; OFRA Rwanda; NISR
Rwanda,Northern,Musanze,Sandy,sandy,78,Agricultural,2197,1424.0,215.0,12.5,63.7,5.17,tomato,C,86,2025-06-11,High potential,"Volcanic highlands (Musanze, Burera, Nyabihu). Cool, wet, Irish potato and wheat belt.",RAB; FAO ECOCROP
Rwanda,Northern,Musanze,Loamy,loamy,75,Agricultural,1817,1570.0,558.0,16.9,80.2,6.29,sweet_potato,A,100,2023-12-13,High potential,"Volcanic highlands (Musanze, Burera, Nyabihu). Cool, wet, Irish potato and wheat belt.",RAB; CIP; FAO ECOCROP
Rwanda,Northern,Musanze,Sandy,sandy,63,Marshland,2102,1631.0,829.0,16.2,82.9,6.13,pea,B,100,2024-07-24,High potential,"Volcanic highlands (Musanze, Burera, Nyabihu). Cool, wet, Irish potato and wheat belt.",RAB; FAO ECOCROP
Rwanda,Northern,Musanze,Loamy,loamy,88,Agricultural,2408,1384.0,237.0,14.8,62.1,5.85,sweet_potato,C,94,2024-03-21,High potential,"Volcanic highlands (Musanze, Burera, Nyabihu). Cool, wet, Irish potato and wheat belt.",RAB; CIP; FAO ECOCROP
Rwanda,Northern,Musanze,Loamy,loamy,71,Agricultural,1988,1530.0,573.0,17.0,77.6,5.35,beans,A,99,2024-02-13,High potential,"Volcanic highlands (Musanze, Burera, Nyabihu). Cool, wet, Irish potato and wheat belt.",RAB; OFRA Rwanda; NISR
Rwanda,Northern,Musanze,Sandy,sandy,88,Homestead,1900,1420.0,701.0,19.3,77.3,5.43,tomato,B,99,2024-10-23,High potential,"Volcanic highlands (Musanze, Burera, Nyabihu). Cool, wet, Irish potato and wheat belt.",RAB; FAO ECOCROP
Rwanda,Northern,Musanze,Loamy,loamy,68,Agricultural,2100,1041.0,160.0,13.4,59.5,5.07,potato,C,91,2024-10-18,High potential,"Volcanic highlands (Musanze, Burera, Nyabihu). Cool, wet, Irish potato and wheat belt.",RAB; CIP / RwaSIS; FAO ECOCROP; OFRA Rwanda
Rwanda,Northern,Musanze,Clayey,clayey,75,Agricultural,1927,1534.0,644.0,16.2,78.2,5.06,pea,A,74,2024-02-07,Moderate potential,"Volcanic highlands (Musanze, Burera, Nyabihu). Cool, wet, Irish potato and wheat belt.",RAB; FAO ECOCROP
Rwanda,Northern,Musanze,Clayey,clayey,77,Homestead,1874,1349.0,535.0,16.5,78.9,6.17,beans,B,100,2023-10-07,High potential,"Volcanic highlands (Musanze, Burera, Nyabihu). Cool, wet, Irish potato and wheat belt.",RAB; OFRA Rwanda; NISR
Rwanda,Northern,Musanze,Loamy,loamy,79,Agricultural,2346,1550.0,286.0,14.5,66.8,5.9,tomato,C,95,2025-04-01,High potential,"Volcanic highlands (Musanze, Burera, Nyabihu). Cool, wet, Irish potato and wheat belt.",RAB; FAO ECOCROP
Rwanda,Northern,Musanze,Loamy,loamy,75,Agricultural,1842,1313.0,520.0,17.4,67.7,5.37,wheat,A,99,2023-12-07,High potential,"Volcanic highlands (Musanze, Burera, Nyabihu). Cool, wet, Irish potato and wheat belt.",RAB CIP; OFRA Rwanda
Rwanda,Northern,Musanze,Clayey,clayey,67,Homestead,2008,1331.0,577.0,18.0,75.9,5.96,potato,B,76,2024-12-13,Moderate potential,"Volcanic highlands (Musanze, Burera, Nyabihu). Cool, wet, Irish potato and wheat belt.",RAB; CIP / RwaSIS; FAO ECOCROP; OFRA Rwanda
Rwanda,Northern,Musanze,Sandy,sandy,74,Agricultural,2337,1469.0,273.0,14.8,66.8,5.75,sweet_potato,C,94,2024-11-17,High potential,"Volcanic highlands (Musanze, Burera, Nyabihu). Cool, wet, Irish potato and wheat belt.",RAB; CIP; FAO ECOCROP
Rwanda,Northern,Musanze,Sandy,sandy,79,Agricultural,1866,1527.0,516.0,14.5,81.1,5.86,maize,A,96,2024-10-11,High potential,"Volcanic highlands (Musanze, Burera, Nyabihu). Cool, wet, Irish potato and wheat belt.",RAB CIP; OFRA Rwanda; FAO ECOCROP
Rwanda,Northern,Musanze,Clayey,clayey,89,Agricultural,2452,1554.0,759.0,16.0,77.3,6.11,potato,B,78,2025-06-24,Moderate potential,"Volcanic highlands (Musanze, Burera, Nyabihu). Cool, wet, Irish potato and wheat belt.",RAB; CIP / RwaSIS; FAO ECOCROP; OFRA Rwanda
Rwanda,Northern,Musanze,Clayey,clayey,82,Marshland,2335,1335.0,225.0,12.8,66.2,5.73,tomato,C,68,2024-08-28,Moderate potential,"Volcanic highlands (Musanze, Burera, Nyabihu). Cool, wet, Irish potato and wheat belt.",RAB; FAO ECOCROP
Rwanda,Northern,Musanze,Loamy,loamy,78,Agricultural,2310,1193.0,397.0,15.1,80.4,5.92,beans,A,100,2024-06-20,High potential,"Volcanic highlands (Musanze, Burera, Nyabihu). Cool, wet, Irish potato and wheat belt.",RAB; OFRA Rwanda; NISR
Rwanda,Northern,Musanze,Sandy,sandy,69,Agricultural,1910,1507.0,651.0,17.3,82.9,5.44,beans,B,78,2023-10-31,Moderate potential,"Volcanic highlands (Musanze, Burera, Nyabihu). Cool, wet, Irish potato and wheat belt.",RAB; OFRA Rwanda; NISR
Rwanda,Northern,Musanze,Clayey,clayey,73,Fallow,1898,1380.0,254.0,13.4,70.9,5.67,sweet_potato,C,68,2024-05-21,Moderate potential,"Volcanic highlands (Musanze, Burera, Nyabihu). Cool, wet, Irish potato and wheat belt.",RAB; CIP; FAO ECOCROP
Rwanda,Northern,Musanze,Sandy,sandy,74,Agricultural,2212,1523.0,603.0,16.7,80.2,5.17,potato,A,99,2024-09-16,High potential,"Volcanic highlands (Musanze, Burera, Nyabihu). Cool, wet, Irish potato and wheat belt.",RAB; CIP / RwaSIS; FAO ECOCROP; OFRA Rwanda
Rwanda,Northern,Musanze,Loamy,loamy,74,Agricultural,2317,1382.0,585.0,14.3,77.0,6.29,potato,B,99,2025-02-28,High potential,"Volcanic highlands (Musanze, Burera, Nyabihu). Cool, wet, Irish potato and wheat belt.",RAB; CIP / RwaSIS; FAO ECOCROP; OFRA Rwanda
Rwanda,Northern,Musanze,Sandy,sandy,64,Agricultural,2255,1381.0,270.0,13.6,63.1,5.93,beans,C,73,2024-12-20,Moderate potential,"Volcanic highlands (Musanze, Burera, Nyabihu). Cool, wet, Irish potato and wheat belt.",RAB; OFRA Rwanda; NISR
Rwanda,Northern,Musanze,Sandy,sandy,60,Agricultural,2002,1490.0,515.0,15.0,77.3,6.27,sweet_potato,A,98,2024-12-03,High potential,"Volcanic highlands (Musanze, Burera, Nyabihu). Cool, wet, Irish potato and wheat belt.",RAB; CIP; FAO ECOCROP
Rwanda,Northern,Musanze,Loamy,loamy,80,Homestead,2361,1522.0,757.0,17.0,74.0,5.08,potato,B,100,2023-11-24,High potential,"Volcanic highlands (Musanze, Burera, Nyabihu). Cool, wet, Irish potato and wheat belt.",RAB; CIP / RwaSIS; FAO ECOCROP; OFRA Rwanda
Rwanda,Northern,Musanze,Sandy,sandy,81,Agricultural,1860,1137.0,208.0,15.0,64.7,5.88,tomato,C,95,2025-04-18,High potential,"Volcanic highlands (Musanze, Burera, Nyabihu). Cool, wet, Irish potato and wheat belt.",RAB; FAO ECOCROP
Rwanda,Northern,Musanze,Sandy,sandy,75,Agricultural,1838,1459.0,634.0,14.8,76.6,5.86,pea,A,100,2023-09-04,High potential,"Volcanic highlands (Musanze, Burera, Nyabihu). Cool, wet, Irish potato and wheat belt.",RAB; FAO ECOCROP
Rwanda,Northern,Musanze,Loamy,loamy,87,Agricultural,2180,1194.0,615.0,14.1,85.7,5.64,potato,B,99,2025-03-02,High potential,"Volcanic highlands (Musanze, Burera, Nyabihu). Cool, wet, Irish potato and wheat belt.",RAB; CIP / RwaSIS; FAO ECOCROP; OFRA Rwanda
Rwanda,Northern,Musanze,Clayey,clayey,73,Agricultural,2459,1222.0,220.0,13.9,70.3,5.91,sweet_potato,C,69,2024-07-20,Moderate potential,"Volcanic highlands (Musanze, Burera, Nyabihu). Cool, wet, Irish potato and wheat belt.",RAB; CIP; FAO ECOCROP
Rwanda,Northern,Musanze,Sandy,sandy,72,Agricultural,2230,1200.0,426.0,17.9,86.3,5.43,wheat,A,73,2024-06-26,Moderate potential,"Volcanic highlands (Musanze, Burera, Nyabihu). Cool, wet, Irish potato and wheat belt.",RAB CIP; OFRA Rwanda
Rwanda,Northern,Musanze,Clayey,clayey,69,Agricultural,2093,1282.0,545.0,16.4,78.7,5.05,wheat,B,96,2023-12-13,High potential,"Volcanic highlands (Musanze, Burera, Nyabihu). Cool, wet, Irish potato and wheat belt.",RAB CIP; OFRA Rwanda
Rwanda,Northern,Musanze,Loamy,loamy,77,Agricultural,2040,1382.0,222.0,13.9,63.4,6.1,beans,C,95,2024-09-19,High potential,"Volcanic highlands (Musanze, Burera, Nyabihu). Cool, wet, Irish potato and wheat belt.",RAB; OFRA Rwanda; NISR
Rwanda,Northern,Musanze,Clayey,clayey,86,Agricultural,2153,1472.0,624.0,18.7,78.9,6.29,wheat,A,100,2024-03-07,High potential,"Volcanic highlands (Musanze, Burera, Nyabihu). Cool, wet, Irish potato and wheat belt.",RAB CIP; OFRA Rwanda
Rwanda,Northern,Musanze,Loamy,loamy,69,Agricultural,2141,1524.0,641.0,15.2,84.7,5.47,maize,B,98,2023-12-31,High potential,"Volcanic highlands (Musanze, Burera, Nyabihu). Cool, wet, Irish potato and wheat belt.",RAB CIP; OFRA Rwanda; FAO ECOCROP
Rwanda,Northern,Musanze,Sandy,sandy,80,Agricultural,1883,1430.0,218.0,13.1,57.0,5.84,potato,C,90,2024-08-17,High potential,"Volcanic highlands (Musanze, Burera, Nyabihu). Cool, wet, Irish potato and wheat belt.",RAB; CIP / RwaSIS; FAO ECOCROP; OFRA Rwanda
Rwanda,Northern,Musanze,Loamy,loamy,90,Agricultural,2448,1449.0,585.0,16.3,75.8,5.54,sweet_potato,A,100,2024-11-22,High potential,"Volcanic highlands (Musanze, Burera, Nyabihu). Cool, wet, Irish potato and wheat belt.",RAB; CIP; FAO ECOCROP
Rwanda,Northern,Musanze,Loamy,loamy,66,Fallow,2388,1276.0,658.0,16.5,84.7,5.78,maize,B,100,2024-11-29,High potential,"Volcanic highlands (Musanze, Burera, Nyabihu). Cool, wet, Irish potato and wheat belt.",RAB CIP; OFRA Rwanda; FAO ECOCROP
Rwanda,Northern,Musanze,Clayey,clayey,73,Homestead,2014,1396.0,235.0,13.0,70.8,5.21,potato,C,72,2024-01-05,Moderate potential,"Volcanic highlands (Musanze, Burera, Nyabihu). Cool, wet, Irish potato and wheat belt.",RAB; CIP / RwaSIS; FAO ECOCROP; OFRA Rwanda
Rwanda,Northern,Musanze,Loamy,loamy,60,Agricultural,1858,1361.0,531.0,14.1,80.5,5.69,sweet_potato,A,95,2025-04-11,High potential,"Volcanic highlands (Musanze, Burera, Nyabihu). Cool, wet, Irish potato and wheat belt.",RAB; CIP; FAO ECOCROP
Rwanda,Northern,Musanze,Sandy,sandy,79,Marshland,2417,1488.0,643.0,15.9,81.0,5.76,tomato,B,99,2024-04-24,High potential,"Volcanic highlands (Musanze, Burera, Nyabihu). Cool, wet, Irish potato and wheat belt.",RAB; FAO ECOCROP
Rwanda,Northern,Musanze,Clayey,clayey,71,Agricultural,2038,1355.0,236.0,13.8,73.1,6.19,beans,C,95,2025-04-16,High potential,"Volcanic highlands (Musanze, Burera, Nyabihu). Cool, wet, Irish potato and wheat belt.",RAB; OFRA Rwanda; NISR
Rwanda,Northern,Musanze,Clayey,clayey,63,Agricultural,2021,1424.0,489.0,15.7,79.3,5.47,wheat,A,100,2024-01-13,High potential,"Volcanic highlands (Musanze, Burera, Nyabihu). Cool, wet, Irish potato and wheat belt.",RAB CIP; OFRA Rwanda
Rwanda,Northern,Musanze,Sandy,sandy,76,Fallow,2244,1410.0,592.0,16.7,82.8,5.98,pea,B,100,2025-03-15,High potential,"Volcanic highlands (Musanze, Burera, Nyabihu). Cool, wet, Irish potato and wheat belt.",RAB; FAO ECOCROP
Rwanda,Northern,Musanze,Sandy,sandy,74,Agricultural,1851,1459.0,269.0,13.2,66.5,6.21,tomato,C,91,2023-11-19,High potential,"Volcanic highlands (Musanze, Burera, Nyabihu). Cool, wet, Irish potato and wheat belt.",RAB; FAO ECOCROP
Rwanda,Northern,Musanze,Clayey,clayey,85,Agricultural,2314,1576.0,686.0,14.9,78.9,5.4,pea,A,77,2024-11-19,Moderate potential,"Volcanic highlands (Musanze, Burera, Nyabihu). Cool, wet, Irish potato and wheat belt.",RAB; FAO ECOCROP
Rwanda,Northern,Musanze,Loamy,loamy,63,Marshland,1969,1441.0,642.0,14.7,80.3,6.37,wheat,B,100,2024-06-15,High potential,"Volcanic highlands (Musanze, Burera, Nyabihu). Cool, wet, Irish potato and wheat belt.",RAB CIP; OFRA Rwanda
Rwanda,Northern,Musanze,Loamy,loamy,89,Agricultural,1834,1529.0,224.0,12.8,62.5,5.52,tomato,C,90,2025-06-14,High potential,"Volcanic highlands (Musanze, Burera, Nyabihu). Cool, wet, Irish potato and wheat belt.",RAB; FAO ECOCROP
Rwanda,Northern,Musanze,Sandy,sandy,82,Agricultural,2436,1473.0,610.0,16.3,74.8,5.07,pea,A,97,2024-02-12,High potential,"Volcanic highlands (Musanze, Burera, Nyabihu). Cool, wet, Irish potato and wheat belt.",RAB; FAO ECOCROP
Rwanda,Northern,Musanze,Sandy,sandy,78,Agricultural,2270,1447.0,632.0,16.1,83.1,6.25,beans,B,78,2024-06-17,Moderate potential,"Volcanic highlands (Musanze, Burera, Nyabihu). Cool, wet, Irish potato and wheat belt.",RAB; OFRA Rwanda; NISR
Rwanda,Northern,Musanze,Clayey,clayey,70,Agricultural,2407,1321.0,209.0,16.3,63.4,6.24,sweet_potato,C,74,2024-01-10,Moderate potential,"Volcanic highlands (Musanze, Burera, Nyabihu). Cool, wet, Irish potato and wheat belt.",RAB; CIP; FAO ECOCROP
Rwanda,Northern,Musanze,Clayey,clayey,76,Agricultural,1895,1589.0,567.0,14.2,80.8,5.57,pea,A,78,2024-01-09,Moderate potential,"Volcanic highlands (Musanze, Burera, Nyabihu). Cool, wet, Irish potato and wheat belt.",RAB; FAO ECOCROP
Rwanda,Northern,Musanze,Sandy,sandy,81,Agricultural,1857,1598.0,640.0,14.2,82.7,5.51,tomato,B,94,2023-10-18,High potential,"Volcanic highlands (Musanze, Burera, Nyabihu). Cool, wet, Irish potato and wheat belt.",RAB; FAO ECOCROP
Rwanda,Northern,Musanze,Loamy,loamy,75,Agricultural,2179,1219.0,236.0,12.5,65.7,6.05,pea,C,98,2024-04-30,High potential,"Volcanic highlands (Musanze, Burera, Nyabihu). Cool, wet, Irish potato and wheat belt.",RAB; FAO ECOCROP
Rwanda,Northern,Musanze,Clayey,clayey,67,Agricultural,2234,1378.0,562.0,14.0,79.9,5.83,sweet_potato,A,73,2024-12-01,Moderate potential,"Volcanic highlands (Musanze, Burera, Nyabihu). Cool, wet, Irish potato and wheat belt.",RAB; CIP; FAO ECOCROP
Rwanda,Northern,Musanze,Loamy,loamy,78,Agricultural,2349,1560.0,715.0,17.0,83.4,6.11,tomato,B,98,2025-04-25,High potential,"Volcanic highlands (Musanze, Burera, Nyabihu). Cool, wet, Irish potato and wheat belt.",RAB; FAO ECOCROP
Rwanda,Northern,Musanze,Sandy,sandy,90,Agricultural,2023,1170.0,175.0,12.9,63.3,5.91,pea,C,97,2025-06-30,High potential,"Volcanic highlands (Musanze, Burera, Nyabihu). Cool, wet, Irish potato and wheat belt.",RAB; FAO ECOCROP
Rwanda,Northern,Musanze,Clayey,clayey,77,Agricultural,1845,1186.0,389.0,16.8,69.0,5.34,sweet_potato,A,77,2024-03-03,Moderate potential,"Volcanic highlands (Musanze, Burera, Nyabihu). Cool, wet, Irish potato and wheat belt.",RAB; CIP; FAO ECOCROP
Rwanda,Northern,Musanze,Sandy,sandy,69,Agricultural,2484,1318.0,628.0,15.8,77.9,5.29,pea,B,98,2024-03-30,High potential,"Volcanic highlands (Musanze, Burera, Nyabihu). Cool, wet, Irish potato and wheat belt.",RAB; FAO ECOCROP
Rwanda,Northern,Musanze,Clayey,clayey,60,Agricultural,2033,1376.0,234.0,13.5,67.8,5.69,beans,C,94,2024-09-20,High potential,"Volcanic highlands (Musanze, Burera, Nyabihu). Cool, wet, Irish potato and wheat belt.",RAB; OFRA Rwanda; NISR
Rwanda,Northern,Musanze,Clayey,clayey,86,Agricultural,2033,1249.0,472.0,15.7,82.5,5.96,pea,A,78,2024-02-07,Moderate potential,"Volcanic highlands (Musanze, Burera, Nyabihu). Cool, wet, Irish potato and wheat belt.",RAB; FAO ECOCROP
Rwanda,Northern,Musanze,Sandy,sandy,60,Agricultural,2444,1473.0,573.0,14.8,77.5,5.19,beans,B,75,2025-06-15,Moderate potential,"Volcanic highlands (Musanze, Burera, Nyabihu). Cool, wet, Irish potato and wheat belt.",RAB; OFRA Rwanda; NISR
Rwanda,Northern,Musanze,Sandy,sandy,60,Marshland,2146,1195.0,209.0,11.7,56.0,6.19,potato,C,89,2023-09-04,High potential,"Volcanic highlands (Musanze, Burera, Nyabihu). Cool, wet, Irish potato and wheat belt.",RAB; CIP / RwaSIS; FAO ECOCROP; OFRA Rwanda
Rwanda,Northern,Musanze,Clayey,clayey,77,Agricultural,2118,1525.0,537.0,16.4,76.5,6.29,wheat,A,100,2025-05-29,High potential,"Volcanic highlands (Musanze, Burera, Nyabihu). Cool, wet, Irish potato and wheat belt.",RAB CIP; OFRA Rwanda
Rwanda,Northern,Musanze,Loamy,loamy,71,Agricultural,2245,1554.0,640.0,15.1,85.4,5.58,tomato,B,95,2024-04-10,High potential,"Volcanic highlands (Musanze, Burera, Nyabihu). Cool, wet, Irish potato and wheat belt.",RAB; FAO ECOCROP
Rwanda,Northern,Musanze,Loamy,loamy,85,Homestead,2022,1181.0,213.0,11.5,65.3,6.03,sweet_potato,C,85,2023-12-13,High potential,"Volcanic highlands (Musanze, Burera, Nyabihu). Cool, wet, Irish potato and wheat belt.",RAB; CIP; FAO ECOCROP
Rwanda,Northern,Musanze,Loamy,loamy,63,Agricultural,1985,1218.0,464.0,16.0,73.6,6.39,wheat,A,100,2023-09-03,High potential,"Volcanic highlands (Musanze, Burera, Nyabihu). Cool, wet, Irish potato and wheat belt.",RAB CIP; OFRA Rwanda
Rwanda,Northern,Musanze,Sandy,sandy,65,Agricultural,1991,1625.0,739.0,17.1,82.0,5.87,pea,B,100,2024-07-10,High potential,"Volcanic highlands (Musanze, Burera, Nyabihu). Cool, wet, Irish potato and wheat belt.",RAB; FAO ECOCROP
Rwanda,Northern,Musanze,Loamy,loamy,69,Agricultural,2388,1102.0,172.0,13.9,57.9,6.22,pea,C,97,2024-02-25,High potential,"Volcanic highlands (Musanze, Burera, Nyabihu). Cool, wet, Irish potato and wheat belt.",RAB; FAO ECOCROP
Rwanda,Northern,Musanze,Clayey,clayey,82,Agricultural,2489,1467.0,569.0,16.2,79.5,6.06,maize,A,100,2025-06-08,High potential,"Volcanic highlands (Musanze, Burera, Nyabihu). Cool, wet, Irish potato and wheat belt.",RAB CIP; OFRA Rwanda; FAO ECOCROP
Rwanda,Northern,Musanze,Sandy,sandy,60,Agricultural,1912,1331.0,669.0,15.5,83.0,5.55,pea,B,100,2024-12-21,High potential,"Volcanic highlands (Musanze, Burera, Nyabihu). Cool, wet, Irish potato and wheat belt.",RAB; FAO ECOCROP
Rwanda,Northern,Musanze,Sandy,sandy,87,Marshland,2314,1513.0,235.0,13.0,70.8,5.66,beans,C,71,2024-11-26,Moderate potential,"Volcanic highlands (Musanze, Burera, Nyabihu). Cool, wet, Irish potato and wheat belt.",RAB; OFRA Rwanda; NISR
Rwanda,Northern,Musanze,Clayey,clayey,76,Marshland,2345,1492.0,579.0,17.1,67.3,5.15,beans,A,97,2025-05-25,High potential,"Volcanic highlands (Musanze, Burera, Nyabihu). Cool, wet, Irish potato and wheat belt.",RAB; OFRA Rwanda; NISR
Rwanda,Northern,Musanze,Sandy,sandy,84,Homestead,2304,1477.0,760.0,15.7,87.7,5.53,tomato,B,95,2024-11-14,High potential,"Volcanic highlands (Musanze, Burera, Nyabihu). Cool, wet, Irish potato and wheat belt.",RAB; FAO ECOCROP
Rwanda,Northern,Musanze,Clayey,clayey,69,Agricultural,1847,1271.0,244.0,17.0,68.4,5.65,beans,C,98,2024-01-16,High potential,"Volcanic highlands (Musanze, Burera, Nyabihu). Cool, wet, Irish potato and wheat belt.",RAB; OFRA Rwanda; NISR
Rwanda,Northern,Musanze,Clayey,clayey,82,Agricultural,1970,1448.0,524.0,15.8,79.3,6.34,beans,A,100,2024-07-28,High potential,"Volcanic highlands (Musanze, Burera, Nyabihu). Cool, wet, Irish potato and wheat belt.",RAB; OFRA Rwanda; NISR
Rwanda,Northern,Musanze,Clayey,clayey,87,Agricultural,1889,1262.0,563.0,15.3,85.3,5.36,maize,B,97,2023-10-02,High potential,"Volcanic highlands (Musanze, Burera, Nyabihu). Cool, wet, Irish potato and wheat belt.",RAB CIP; OFRA Rwanda; FAO ECOCROP
Rwanda,Northern,Musanze,Sandy,sandy,69,Homestead,2414,1101.0,176.0,13.6,57.4,6.07,potato,C,90,2023-11-13,High potential,"Volcanic highlands (Musanze, Burera, Nyabihu). Cool, wet, Irish potato and wheat belt.",RAB; CIP / RwaSIS; FAO ECOCROP; OFRA Rwanda
Rwanda,Northern,Musanze,Clayey,clayey,90,Marshland,2098,1202.0,430.0,14.5,73.6,5.77,sweet_potato,A,73,2023-11-07,Moderate potential,"Volcanic highlands (Musanze, Burera, Nyabihu). Cool, wet, Irish potato and wheat belt.",RAB; CIP; FAO ECOCROP
Rwanda,Northern,Musanze,Clayey,clayey,76,Agricultural,2315,1266.0,630.0,15.5,80.4,5.82,maize,B,99,2025-04-16,High potential,"Volcanic highlands (Musanze, Burera, Nyabihu). Cool, wet, Irish potato and wheat belt.",RAB CIP; OFRA Rwanda; FAO ECOCROP
Rwanda,Northern,Musanze,Sandy,sandy,72,Agricultural,2309,1226.0,185.0,13.6,64.4,6.25,beans,C,72,2023-11-10,Moderate potential,"Volcanic highlands (Musanze, Burera, Nyabihu). Cool, wet, Irish potato and wheat belt.",RAB; OFRA Rwanda; NISR
Rwanda,Northern,Musanze,Sandy,sandy,64,Marshland,2396,1342.0,471.0,15.0,79.6,5.99,maize,A,97,2025-02-04,High potential,"Volcanic highlands (Musanze, Burera, Nyabihu). Cool, wet, Irish potato and wheat belt.",RAB CIP; OFRA Rwanda; FAO ECOCROP
Rwanda,Northern,Musanze,Clayey,clayey,76,Agricultural,2030,1281.0,644.0,17.6,74.5,6.09,wheat,B,100,2024-08-28,High potential,"Volcanic highlands (Musanze, Burera, Nyabihu). Cool, wet, Irish potato and wheat belt.",RAB CIP; OFRA Rwanda
Rwanda,Northern,Musanze,Clayey,clayey,85,Agricultural,2468,1094.0,211.0,14.0,64.1,5.67,pea,C,76,2024-05-18,Moderate potential,"Volcanic highlands (Musanze, Burera, Nyabihu). Cool, wet, Irish potato and wheat belt.",RAB; FAO ECOCROP
Rwanda,Northern,Musanze,Sandy,sandy,66,Agricultural,2441,1194.0,510.0,15.7,81.8,5.45,wheat,A,77,2024-10-30,Moderate potential,"Volcanic highlands (Musanze, Burera, Nyabihu). Cool, wet, Irish potato and wheat belt.",RAB CIP; OFRA Rwanda
Rwanda,Northern,Musanze,Clayey,clayey,86,Homestead,1907,1663.0,803.0,15.7,83.3,5.66,tomato,B,76,2024-12-21,Moderate potential,"Volcanic highlands (Musanze, Burera, Nyabihu). Cool, wet, Irish potato and wheat belt.",RAB; FAO ECOCROP
Rwanda,Northern,Musanze,Clayey,clayey,61,Agricultural,1947,1385.0,256.0,15.0,63.1,5.3,beans,C,97,2025-06-08,High potential,"Volcanic highlands (Musanze, Burera, Nyabihu). Cool, wet, Irish potato and wheat belt.",RAB; OFRA Rwanda; NISR
Rwanda,Northern,Musanze,Clayey,clayey,84,Agricultural,1890,1266.0,418.0,15.8,72.5,5.64,maize,A,98,2025-03-05,High potential,"Volcanic highlands (Musanze, Burera, Nyabihu). Cool, wet, Irish potato and wheat belt.",RAB CIP; OFRA Rwanda; FAO ECOCROP
Rwanda,Northern,Musanze,Clayey,clayey,72,Fallow,1851,1507.0,711.0,16.8,78.0,5.84,pea,B,78,2024-07-27,Moderate potential,"Volcanic highlands (Musanze, Burera, Nyabihu). Cool, wet, Irish potato and wheat belt.",RAB; FAO ECOCROP
Rwanda,Northern,Burera,Clayey,clayey,68,Agricultural,2425,1501.0,492.0,15.8,80.9,5.63,wheat,A,99,2024-03-13,High potential,"Volcanic highlands (Musanze, Burera, Nyabihu). Cool, wet, Irish potato and wheat belt.",RAB CIP; OFRA Rwanda
Rwanda,Northern,Burera,Clayey,clayey,76,Agricultural,2426,1580.0,762.0,15.3,85.5,5.56,tomato,B,74,2024-09-28,Moderate potential,"Volcanic highlands (Musanze, Burera, Nyabihu). Cool, wet, Irish potato and wheat belt.",RAB; FAO ECOCROP
Rwanda,Northern,Burera,Clayey,clayey,68,Agricultural,1888,1318.0,218.0,13.3,68.3,5.62,pea,C,76,2024-04-15,Moderate potential,"Volcanic highlands (Musanze, Burera, Nyabihu). Cool, wet, Irish potato and wheat belt.",RAB; FAO ECOCROP
Rwanda,Northern,Burera,Loamy,loamy,80,Agricultural,2458,1267.0,438.0,16.3,79.5,6.09,pea,A,100,2025-04-25,High potential,"Volcanic highlands (Musanze, Burera, Nyabihu). Cool, wet, Irish potato and wheat belt.",RAB; FAO ECOCROP
Rwanda,Northern,Burera,Sandy,sandy,82,Agricultural,1941,1203.0,570.0,15.9,80.9,6.27,tomato,B,99,2024-09-17,High potential,"Volcanic highlands (Musanze, Burera, Nyabihu). Cool, wet, Irish potato and wheat belt.",RAB; FAO ECOCROP
Rwanda,Northern,Burera,Sandy,sandy,89,Agricultural,2108,1306.0,254.0,10.8,65.1,5.56,tomato,C,85,2024-12-23,High potential,"Volcanic highlands (Musanze, Burera, Nyabihu). Cool, wet, Irish potato and wheat belt.",RAB; FAO ECOCROP
Rwanda,Northern,Burera,Clayey,clayey,70,Agricultural,2025,1320.0,567.0,15.5,81.9,6.2,wheat,A,99,2025-01-06,High potential,"Volcanic highlands (Musanze, Burera, Nyabihu). Cool, wet, Irish potato and wheat belt.",RAB CIP; OFRA Rwanda
Rwanda,Northern,Burera,Clayey,clayey,79,Agricultural,1814,1616.0,802.0,15.0,78.6,6.37,wheat,B,100,2025-02-03,High potential,"Volcanic highlands (Musanze, Burera, Nyabihu). Cool, wet, Irish potato and wheat belt.",RAB CIP; OFRA Rwanda
Rwanda,Northern,Burera,Sandy,sandy,74,Agricultural,2210,1184.0,189.0,15.9,59.5,5.36,beans,C,74,2024-03-19,Moderate potential,"Volcanic highlands (Musanze, Burera, Nyabihu). Cool, wet, Irish potato and wheat belt.",RAB; OFRA Rwanda; NISR
Rwanda,Northern,Burera,Clayey,clayey,85,Agricultural,1894,1123.0,406.0,16.7,75.4,6.12,maize,A,99,2025-04-10,High potential,"Volcanic highlands (Musanze, Burera, Nyabihu). Cool, wet, Irish potato and wheat belt.",RAB CIP; OFRA Rwanda; FAO ECOCROP
Rwanda,Northern,Burera,Sandy,sandy,72,Homestead,2234,1588.0,640.0,14.6,81.1,5.59,maize,B,96,2024-03-21,High potential,"Volcanic highlands (Musanze, Burera, Nyabihu). Cool, wet, Irish potato and wheat belt.",RAB CIP; OFRA Rwanda; FAO ECOCROP
Rwanda,Northern,Burera,Clayey,clayey,62,Agricultural,2298,1227.0,219.0,13.0,66.7,5.16,sweet_potato,C,67,2025-04-05,Moderate potential,"Volcanic highlands (Musanze, Burera, Nyabihu). Cool, wet, Irish potato and wheat belt.",RAB; CIP; FAO ECOCROP
Rwanda,Northern,Burera,Clayey,clayey,60,Agricultural,2500,1429.0,568.0,14.8,78.0,6.39,potato,A,76,2023-11-14,Moderate potential,"Volcanic highlands (Musanze, Burera, Nyabihu). Cool, wet, Irish potato and wheat belt.",RAB; CIP / RwaSIS; FAO ECOCROP; OFRA Rwanda
Rwanda,Northern,Burera,Sandy,sandy,82,Marshland,2334,1361.0,530.0,16.9,87.0,5.94,potato,B,98,2024-05-05,High potential,"Volcanic highlands (Musanze, Burera, Nyabihu). Cool, wet, Irish potato and wheat belt.",RAB; CIP / RwaSIS; FAO ECOCROP; OFRA Rwanda
Rwanda,Northern,Burera,Sandy,sandy,66,Agricultural,2426,1233.0,229.0,12.3,70.2,5.69,tomato,C,89,2024-10-03,High potential,"Volcanic highlands (Musanze, Burera, Nyabihu). Cool, wet, Irish potato and wheat belt.",RAB; FAO ECOCROP
Rwanda,Northern,Burera,Sandy,sandy,62,Agricultural,1860,1150.0,378.0,15.1,79.4,5.0,sweet_potato,A,95,2024-07-02,High potential,"Volcanic highlands (Musanze, Burera, Nyabihu). Cool, wet, Irish potato and wheat belt.",RAB; CIP; FAO ECOCROP
Rwanda,Northern,Burera,Loamy,loamy,77,Marshland,2177,1206.0,601.0,15.5,89.1,6.15,potato,B,99,2023-10-01,High potential,"Volcanic highlands (Musanze, Burera, Nyabihu). Cool, wet, Irish potato and wheat belt.",RAB; CIP / RwaSIS; FAO ECOCROP; OFRA Rwanda
Rwanda,Northern,Burera,Clayey,clayey,72,Agricultural,2016,1386.0,253.0,14.6,65.2,5.65,potato,C,72,2024-05-15,Moderate potential,"Volcanic highlands (Musanze, Burera, Nyabihu). Cool, wet, Irish potato and wheat belt.",RAB; CIP / RwaSIS; FAO ECOCROP; OFRA Rwanda
Rwanda,Northern,Burera,Loamy,loamy,61,Agricultural,2376,1159.0,398.0,15.5,80.8,5.25,wheat,A,96,2025-01-02,High potential,"Volcanic highlands (Musanze, Burera, Nyabihu). Cool, wet, Irish potato and wheat belt.",RAB CIP; OFRA Rwanda
Rwanda,Northern,Burera,Sandy,sandy,64,Agricultural,2118,1365.0,702.0,15.2,84.8,6.22,tomato,B,96,2024-01-13,High potential,"Volcanic highlands (Musanze, Burera, Nyabihu). Cool, wet, Irish potato and wheat belt.",RAB; FAO ECOCROP
Rwanda,Northern,Burera,Clayey,clayey,74,Agricultural,1818,1313.0,245.0,12.9,59.0,5.99,pea,C,76,2025-06-13,Moderate potential,"Volcanic highlands (Musanze, Burera, Nyabihu). Cool, wet, Irish potato and wheat belt.",RAB; FAO ECOCROP
Rwanda,Northern,Burera,Clayey,clayey,75,Agricultural,1910,1461.0,610.0,15.4,74.0,5.79,wheat,A,100,2024-05-27,High potential,"Volcanic highlands (Musanze, Burera, Nyabihu). Cool, wet, Irish potato and wheat belt.",RAB CIP; OFRA Rwanda
Rwanda,Northern,Burera,Clayey,clayey,78,Agricultural,2427,1430.0,547.0,14.3,85.4,5.3,potato,B,76,2025-02-26,Moderate potential,"Volcanic highlands (Musanze, Burera, Nyabihu). Cool, wet, Irish potato and wheat belt.",RAB; CIP / RwaSIS; FAO ECOCROP; OFRA Rwanda
Rwanda,Northern,Burera,Sandy,sandy,87,Agricultural,2125,1396.0,217.0,14.9,69.0,5.82,potato,C,94,2024-01-15,High potential,"Volcanic highlands (Musanze, Burera, Nyabihu). Cool, wet, Irish potato and wheat belt.",RAB; CIP / RwaSIS; FAO ECOCROP; OFRA Rwanda
Rwanda,Northern,Burera,Loamy,loamy,80,Agricultural,2403,1310.0,449.0,14.3,72.7,5.19,potato,A,97,2024-04-28,High potential,"Volcanic highlands (Musanze, Burera, Nyabihu). Cool, wet, Irish potato and wheat belt.",RAB; CIP / RwaSIS; FAO ECOCROP; OFRA Rwanda
Rwanda,Northern,Burera,Loamy,loamy,61,Agricultural,2290,1412.0,709.0,18.3,83.2,6.3,wheat,B,98,2023-11-09,High potential,"Volcanic highlands (Musanze, Burera, Nyabihu). Cool, wet, Irish potato and wheat belt.",RAB CIP; OFRA Rwanda
Rwanda,Northern,Burera,Loamy,loamy,64,Agricultural,2498,1467.0,273.0,10.7,60.2,5.74,potato,C,92,2024-01-25,High potential,"Volcanic highlands (Musanze, Burera, Nyabihu). Cool, wet, Irish potato and wheat belt.",RAB; CIP / RwaSIS; FAO ECOCROP; OFRA Rwanda
Rwanda,Northern,Burera,Loamy,loamy,70,Agricultural,2028,1483.0,508.0,14.9,80.2,6.37,beans,A,100,2024-08-15,High potential,"Volcanic highlands (Musanze, Burera, Nyabihu). Cool, wet, Irish potato and wheat belt.",RAB; OFRA Rwanda; NISR
Rwanda,Northern,Burera,Sandy,sandy,90,Marshland,1872,1394.0,594.0,15.9,83.3,5.27,beans,B,76,2023-09-22,Moderate potential,"Volcanic highlands (Musanze, Burera, Nyabihu). Cool, wet, Irish potato and wheat belt.",RAB; OFRA Rwanda; NISR
Rwanda,Northern,Burera,Clayey,clayey,71,Agricultural,2341,1395.0,268.0,12.6,69.2,5.55,pea,C,76,2024-04-18,Moderate potential,"Volcanic highlands (Musanze, Burera, Nyabihu). Cool, wet, Irish potato and wheat belt.",RAB; FAO ECOCROP
Rwanda,Northern,Burera,Clayey,clayey,62,Agricultural,2065,1369.0,492.0,14.6,79.2,5.48,sweet_potato,A,74,2024-04-01,Moderate potential,"Volcanic highlands (Musanze, Burera, Nyabihu). Cool, wet, Irish potato and wheat belt.",RAB; CIP; FAO ECOCROP
Rwanda,Northern,Burera,Clayey,clayey,82,Agricultural,2480,1435.0,599.0,15.9,85.2,6.16,potato,B,77,2025-06-11,Moderate potential,"Volcanic highlands (Musanze, Burera, Nyabihu). Cool, wet, Irish potato and wheat belt.",RAB; CIP / RwaSIS; FAO ECOCROP; OFRA Rwanda
Rwanda,Northern,Burera,Sandy,sandy,79,Agricultural,1827,1287.0,224.0,14.9,70.8,5.01,potato,C,94,2025-06-01,High potential,"Volcanic highlands (Musanze, Burera, Nyabihu). Cool, wet, Irish potato and wheat belt.",RAB; CIP / RwaSIS; FAO ECOCROP; OFRA Rwanda
Rwanda,Northern,Burera,Loamy,loamy,60,Agricultural,2198,1343.0,505.0,16.8,69.3,5.01,wheat,A,96,2025-03-04,High potential,"Volcanic highlands (Musanze, Burera, Nyabihu). Cool, wet, Irish potato and wheat belt.",RAB CIP; OFRA Rwanda
Rwanda,Northern,Burera,Sandy,sandy,66,Fallow,2176,1254.0,611.0,18.0,85.3,5.7,tomato,B,97,2023-10-24,High potential,"Volcanic highlands (Musanze, Burera, Nyabihu). Cool, wet, Irish potato and wheat belt.",RAB; FAO ECOCROP
Rwanda,Northern,Burera,Sandy,sandy,86,Agricultural,2154,1420.0,213.0,11.9,61.1,6.14,sweet_potato,C,86,2024-08-03,High potential,"Volcanic highlands (Musanze, Burera, Nyabihu). Cool, wet, Irish potato and wheat belt.",RAB; CIP; FAO ECOCROP
Rwanda,Northern,Burera,Sandy,sandy,87,Marshland,2357,1286.0,477.0,14.4,82.9,5.17,wheat,A,74,2023-10-19,Moderate potential,"Volcanic highlands (Musanze, Burera, Nyabihu). Cool, wet, Irish potato and wheat belt.",RAB CIP; OFRA Rwanda
Rwanda,Northern,Burera,Sandy,sandy,69,Agricultural,2239,1392.0,662.0,17.8,81.2,5.23,beans,B,76,2024-12-11,Moderate potential,"Volcanic highlands (Musanze, Burera, Nyabihu). Cool, wet, Irish potato and wheat belt.",RAB; OFRA Rwanda; NISR
Rwanda,Northern,Burera,Clayey,clayey,75,Agricultural,2041,1249.0,189.0,13.5,68.9,5.26,tomato,C,67,2024-08-24,Moderate potential,"Volcanic highlands (Musanze, Burera, Nyabihu). Cool, wet, Irish potato and wheat belt.",RAB; FAO ECOCROP
Rwanda,Northern,Burera,Loamy,loamy,72,Agricultural,2419,1156.0,459.0,16.0,85.4,6.22,sweet_potato,A,99,2024-11-17,High potential,"Volcanic highlands (Musanze, Burera, Nyabihu). Cool, wet, Irish potato and wheat belt.",RAB; CIP; FAO ECOCROP
Rwanda,Northern,Burera,Clayey,clayey,76,Homestead,2011,1657.0,643.0,16.3,79.9,5.99,potato,B,77,2024-05-30,Moderate potential,"Volcanic highlands (Musanze, Burera, Nyabihu). Cool, wet, Irish potato and wheat belt.",RAB; CIP / RwaSIS; FAO ECOCROP; OFRA Rwanda
Rwanda,Northern,Burera,Loamy,loamy,89,Agricultural,2410,1369.0,235.0,11.8,66.4,6.28,potato,C,94,2024-10-02,High potential,"Volcanic highlands (Musanze, Burera, Nyabihu). Cool, wet, Irish potato and wheat belt.",RAB; CIP / RwaSIS; FAO ECOCROP; OFRA Rwanda
Rwanda,Northern,Burera,Clayey,clayey,66,Agricultural,2476,1260.0,434.0,16.5,71.1,5.4,pea,A,77,2024-12-15,Moderate potential,"Volcanic highlands (Musanze, Burera, Nyabihu). Cool, wet, Irish potato and wheat belt.",RAB; FAO ECOCROP
Rwanda,Northern,Burera,Loamy,loamy,81,Agricultural,2010,1584.0,633.0,14.1,85.3,6.11,tomato,B,93,2024-09-16,High potential,"Volcanic highlands (Musanze, Burera, Nyabihu). Cool, wet, Irish potato and wheat belt.",RAB; FAO ECOCROP
Rwanda,Northern,Burera,Sandy,sandy,66,Agricultural,2074,1265.0,208.0,14.8,69.9,5.51,sweet_potato,C,93,2025-01-19,High potential,"Volcanic highlands (Musanze, Burera, Nyabihu). Cool, wet, Irish potato and wheat belt.",RAB; CIP; FAO ECOCROP
Rwanda,Northern,Burera,Clayey,clayey,84,Fallow,2403,1395.0,456.0,14.5,75.3,5.22,potato,A,75,2024-01-23,Moderate potential,"Volcanic highlands (Musanze, Burera, Nyabihu). Cool, wet, Irish potato and wheat belt.",RAB; CIP / RwaSIS; FAO ECOCROP; OFRA Rwanda
Rwanda,Northern,Burera,Loamy,loamy,88,Agricultural,1844,1582.0,616.0,15.6,84.3,5.22,maize,B,97,2023-12-14,High potential,"Volcanic highlands (Musanze, Burera, Nyabihu). Cool, wet, Irish potato and wheat belt.",RAB CIP; OFRA Rwanda; FAO ECOCROP
Rwanda,Northern,Burera,Clayey,clayey,88,Agricultural,2238,1187.0,209.0,13.9,65.0,6.21,pea,C,76,2025-06-26,Moderate potential,"Volcanic highlands (Musanze, Burera, Nyabihu). Cool, wet, Irish potato and wheat belt.",RAB; FAO ECOCROP
Rwanda,Northern,Burera,Loamy,loamy,63,Agricultural,2178,1546.0,566.0,18.0,82.0,6.08,potato,A,98,2024-11-05,High potential,"Volcanic highlands (Musanze, Burera, Nyabihu). Cool, wet, Irish potato and wheat belt.",RAB; CIP / RwaSIS; FAO ECOCROP; OFRA Rwanda
Rwanda,Northern,Burera,Loamy,loamy,80,Agricultural,2334,1276.0,517.0,14.8,85.3,6.31,beans,B,99,2024-01-10,High potential,"Volcanic highlands (Musanze, Burera, Nyabihu). Cool, wet, Irish potato and wheat belt.",RAB; OFRA Rwanda; NISR
Rwanda,Northern,Burera,Clayey,clayey,88,Agricultural,2095,1316.0,223.0,13.5,64.7,5.67,pea,C,76,2025-01-26,Moderate potential,"Volcanic highlands (Musanze, Burera, Nyabihu). Cool, wet, Irish potato and wheat belt.",RAB; FAO ECOCROP
Rwanda,Northern,Burera,Loamy,loamy,67,Agricultural,1998,1562.0,588.0,15.3,79.2,6.26,wheat,A,100,2024-07-29,High potential,"Volcanic highlands (Musanze, Burera, Nyabihu). Cool, wet, Irish potato and wheat belt.",RAB CIP; OFRA Rwanda
Rwanda,Northern,Burera,Sandy,sandy,69,Agricultural,2043,1363.0,679.0,15.7,80.4,5.88,maize,B,99,2025-02-26,High potential,"Volcanic highlands (Musanze, Burera, Nyabihu). Cool, wet, Irish potato and wheat belt.",RAB CIP; OFRA Rwanda; FAO ECOCROP
Rwanda,Northern,Burera,Sandy,sandy,89,Agricultural,2173,1412.0,257.0,12.3,66.8,5.64,tomato,C,89,2024-01-29,High potential,"Volcanic highlands (Musanze, Burera, Nyabihu). Cool, wet, Irish potato and wheat belt.",RAB; FAO ECOCROP
Rwanda,Northern,Burera,Loamy,loamy,77,Fallow,1877,1456.0,619.0,16.7,77.9,5.38,beans,A,99,2025-03-15,High potential,"Volcanic highlands (Musanze, Burera, Nyabihu). Cool, wet, Irish potato and wheat belt.",RAB; OFRA Rwanda; NISR
Rwanda,Northern,Burera,Loamy,loamy,66,Agricultural,2326,1587.0,759.0,16.3,84.3,5.25,potato,B,100,2024-05-08,High potential,"Volcanic highlands (Musanze, Burera, Nyabihu). Cool, wet, Irish potato and wheat belt.",RAB; CIP / RwaSIS; FAO ECOCROP; OFRA Rwanda
Rwanda,Northern,Burera,Loamy,loamy,73,Marshland,2137,1124.0,203.0,13.4,62.5,5.1,sweet_potato,C,89,2024-10-12,High potential,"Volcanic highlands (Musanze, Burera, Nyabihu). Cool, wet, Irish potato and wheat belt.",RAB; CIP; FAO ECOCROP
Rwanda,Northern,Burera,Loamy,loamy,85,Agricultural,1962,1228.0,447.0,14.2,75.7,5.25,pea,A,98,2024-07-24,High potential,"Volcanic highlands (Musanze, Burera, Nyabihu). Cool, wet, Irish potato and wheat belt.",RAB; FAO ECOCROP
Rwanda,Northern,Burera,Loamy,loamy,86,Agricultural,2058,1253.0,554.0,15.8,90.0,5.42,maize,B,96,2024-09-12,High potential,"Volcanic highlands (Musanze, Burera, Nyabihu). Cool, wet, Irish potato and wheat belt.",RAB CIP; OFRA Rwanda; FAO ECOCROP
Rwanda,Northern,Burera,Loamy,loamy,88,Marshland,2383,1510.0,265.0,14.6,63.7,6.25,tomato,C,95,2025-05-29,High potential,"Volcanic highlands (Musanze, Burera, Nyabihu). Cool, wet, Irish potato and wheat belt.",RAB; FAO ECOCROP
Rwanda,Northern,Burera,Clayey,clayey,73,Agricultural,2198,1335.0,506.0,16.8,77.3,5.57,beans,A,100,2024-11-23,High potential,"Volcanic highlands (Musanze, Burera, Nyabihu). Cool, wet, Irish potato and wheat belt.",RAB; OFRA Rwanda; NISR
Rwanda,Northern,Burera,Sandy,sandy,63,Agricultural,1912,1591.0,796.0,14.7,85.0,6.25,tomato,B,94,2024-04-08,High potential,"Volcanic highlands (Musanze, Burera, Nyabihu). Cool, wet, Irish potato and wheat belt.",RAB; FAO ECOCROP
Rwanda,Northern,Burera,Loamy,loamy,66,Agricultural,1936,1219.0,195.0,14.7,64.1,5.24,tomato,C,92,2024-11-14,High potential,"Volcanic highlands (Musanze, Burera, Nyabihu). Cool, wet, Irish potato and wheat belt.",RAB; FAO ECOCROP
Rwanda,Northern,Burera,Sandy,sandy,72,Homestead,2486,1206.0,414.0,14.0,75.5,6.14,sweet_potato,A,94,2024-03-04,High potential,"Volcanic highlands (Musanze, Burera, Nyabihu). Cool, wet, Irish potato and wheat belt.",RAB; CIP; FAO ECOCROP
Rwanda,Northern,Burera,Loamy,loamy,60,Agricultural,2101,1246.0,639.0,14.9,77.4,5.37,maize,B,96,2025-01-02,High potential,"Volcanic highlands (Musanze, Burera, Nyabihu). Cool, wet, Irish potato and wheat belt.",RAB CIP; OFRA Rwanda; FAO ECOCROP
Rwanda,Northern,Burera,Sandy,sandy,84,Agricultural,2054,1378.0,199.0,13.6,64.9,5.8,beans,C,72,2025-07-27,Moderate potential,"Volcanic highlands (Musanze, Burera, Nyabihu). Cool, wet, Irish potato and wheat belt.",RAB; OFRA Rwanda; NISR
Rwanda,Northern,Burera,Loamy,loamy,64,Agricultural,2060,1160.0,427.0,15.3,80.2,6.05,maize,A,97,2023-12-30,High potential,"Volcanic highlands (Musanze, Burera, Nyabihu). Cool, wet, Irish potato and wheat belt.",RAB CIP; OFRA Rwanda; FAO ECOCROP
Rwanda,Northern,Burera,Clayey,clayey,72,Homestead,2257,1467.0,756.0,14.3,76.4,5.58,beans,B,98,2024-06-09,High potential,"Volcanic highlands (Musanze, Burera, Nyabihu). Cool, wet, Irish potato and wheat belt.",RAB; OFRA Rwanda; NISR
Rwanda,Northern,Burera,Loamy,loamy,72,Agricultural,2125,1102.0,171.0,12.0,64.8,5.26,potato,C,93,2024-01-13,High potential,"Volcanic highlands (Musanze, Burera, Nyabihu). Cool, wet, Irish potato and wheat belt.",RAB; CIP / RwaSIS; FAO ECOCROP; OFRA Rwanda
Rwanda,Northern,Burera,Loamy,loamy,88,Agricultural,1816,1243.0,438.0,15.1,79.2,5.19,pea,A,98,2025-06-22,High potential,"Volcanic highlands (Musanze, Burera, Nyabihu). Cool, wet, Irish potato and wheat belt.",RAB; FAO ECOCROP
Rwanda,Northern,Burera,Loamy,loamy,64,Homestead,1947,1147.0,538.0,13.8,83.3,6.1,tomato,B,93,2024-11-03,High potential,"Volcanic highlands (Musanze, Burera, Nyabihu). Cool, wet, Irish potato and wheat belt.",RAB; FAO ECOCROP
Rwanda,Northern,Burera,Loamy,loamy,86,Marshland,2222,1405.0,247.0,14.9,66.5,6.06,sweet_potato,C,94,2023-11-29,High potential,"Volcanic highlands (Musanze, Burera, Nyabihu). Cool, wet, Irish potato and wheat belt.",RAB; CIP; FAO ECOCROP
Rwanda,Northern,Burera,Sandy,sandy,61,Agricultural,2375,1515.0,580.0,13.6,81.9,6.04,potato,A,98,2024-11-08,High potential,"Volcanic highlands (Musanze, Burera, Nyabihu). Cool, wet, Irish potato and wheat belt.",RAB; CIP / RwaSIS; FAO ECOCROP; OFRA Rwanda
Rwanda,Northern,Burera,Clayey,clayey,63,Agricultural,2473,1394.0,608.0,14.2,82.2,6.1,beans,B,98,2025-06-01,High potential,"Volcanic highlands (Musanze, Burera, Nyabihu). Cool, wet, Irish potato and wheat belt.",RAB; OFRA Rwanda; NISR
Rwanda,Northern,Burera,Sandy,sandy,85,Fallow,2443,1180.0,228.0,12.8,64.1,6.01,tomato,C,90,2024-06-01,High potential,"Volcanic highlands (Musanze, Burera, Nyabihu). Cool, wet, Irish potato and wheat belt.",RAB; FAO ECOCROP
Rwanda,Northern,Burera,Clayey,clayey,79,Marshland,1868,1162.0,430.0,17.5,82.8,6.23,beans,A,100,2024-03-17,High potential,"Volcanic highlands (Musanze, Burera, Nyabihu). Cool, wet, Irish potato and wheat belt.",RAB; OFRA Rwanda; NISR
Rwanda,Northern,Burera,Clayey,clayey,69,Marshland,2261,1314.0,562.0,14.0,82.5,5.85,pea,B,78,2025-06-25,Moderate potential,"Volcanic highlands (Musanze, Burera, Nyabihu). Cool, wet, Irish potato and wheat belt.",RAB; FAO ECOCROP
Rwanda,Northern,Burera,Clayey,clayey,66,Agricultural,2326,1216.0,197.0,12.1,62.8,6.21,potato,C,71,2023-09-22,Moderate potential,"Volcanic highlands (Musanze, Burera, Nyabihu). Cool, wet, Irish potato and wheat belt.",RAB; CIP / RwaSIS; FAO ECOCROP; OFRA Rwanda
Rwanda,Northern,Burera,Sandy,sandy,69,Agricultural,1951,1510.0,616.0,14.9,71.7,6.24,beans,A,78,2024-06-13,Moderate potential,"Volcanic highlands (Musanze, Burera, Nyabihu). Cool, wet, Irish potato and wheat belt.",RAB; OFRA Rwanda; NISR
Rwanda,Northern,Burera,Sandy,sandy,67,Agricultural,2450,1617.0,757.0,13.9,82.8,6.04,maize,B,95,2024-09-07,High potential,"Volcanic highlands (Musanze, Burera, Nyabihu). Cool, wet, Irish potato and wheat belt.",RAB CIP; OFRA Rwanda; FAO ECOCROP
Rwanda,Northern,Burera,Clayey,clayey,63,Fallow,1898,1491.0,242.0,13.5,69.1,5.81,potato,C,72,2023-12-28,Moderate potential,"Volcanic highlands (Musanze, Burera, Nyabihu). Cool, wet, Irish potato and wheat belt.",RAB; CIP / RwaSIS; FAO ECOCROP; OFRA Rwanda
Rwanda,Northern,Burera,Sandy,sandy,88,Fallow,2066,1215.0,405.0,14.9,80.4,5.17,sweet_potato,A,96,2023-10-20,High potential,"Volcanic highlands (Musanze, Burera, Nyabihu). Cool, wet, Irish potato and wheat belt.",RAB; CIP; FAO ECOCROP
Rwanda,Northern,Burera,Loamy,loamy,69,Agricultural,2247,1445.0,676.0,15.9,78.2,6.24,potato,B,100,2025-06-19,High potential,"Volcanic highlands (Musanze, Burera, Nyabihu). Cool, wet, Irish potato and wheat belt.",RAB; CIP / RwaSIS; FAO ECOCROP; OFRA Rwanda
Rwanda,Northern,Burera,Clayey,clayey,73,Marshland,2329,1172.0,185.0,14.2,59.5,5.21,tomato,C,68,2024-02-20,Moderate potential,"Volcanic highlands (Musanze, Burera, Nyabihu). Cool, wet, Irish potato and wheat belt.",RAB; FAO ECOCROP
Rwanda,Northern,Burera,Loamy,loamy,83,Agricultural,1951,1155.0,474.0,16.2,74.9,5.43,pea,A,99,2024-11-29,High potential,"Volcanic highlands (Musanze, Burera, Nyabihu). Cool, wet, Irish potato and wheat belt.",RAB; FAO ECOCROP
Rwanda,Northern,Burera,Loamy,loamy,69,Agricultural,2448,1421.0,661.0,15.2,86.4,5.87,tomato,B,95,2023-12-04,High potential,"Volcanic highlands (Musanze, Burera, Nyabihu). Cool, wet, Irish potato and wheat belt.",RAB; FAO ECOCROP
Rwanda,Northern,Burera,Sandy,sandy,70,Agricultural,2109,1243.0,185.0,12.5,60.8,5.31,tomato,C,87,2025-02-21,High potential,"Volcanic highlands (Musanze, Burera, Nyabihu). Cool, wet, Irish potato and wheat belt.",RAB; FAO ECOCROP
Rwanda,Northern,Burera,Sandy,sandy,85,Agricultural,2305,1333.0,506.0,15.0,78.3,5.87,maize,A,98,2025-06-11,High potential,"Volcanic highlands (Musanze, Burera, Nyabihu). Cool, wet, Irish potato and wheat belt.",RAB CIP; OFRA Rwanda; FAO ECOCROP
Rwanda,Northern,Burera,Clayey,clayey,70,Agricultural,2145,1188.0,532.0,14.6,87.8,6.29,tomato,B,71,2025-07-09,Moderate potential,"Volcanic highlands (Musanze, Burera, Nyabihu). Cool, wet, Irish potato and wheat belt.",RAB; FAO ECOCROP
Rwanda,Northern,Burera,Clayey,clayey,73,Agricultural,2177,1047.0,174.0,13.5,69.1,6.08,sweet_potato,C,68,2025-01-26,Moderate potential,"Volcanic highlands (Musanze, Burera, Nyabihu). Cool, wet, Irish potato and wheat belt.",RAB; CIP; FAO ECOCROP
Rwanda,Northern,Burera,Clayey,clayey,72,Agricultural,2249,1195.0,471.0,15.3,75.7,5.46,maize,A,98,2024-03-21,High potential,"Volcanic highlands (Musanze, Burera, Nyabihu). Cool, wet, Irish potato and wheat belt.",RAB CIP; OFRA Rwanda; FAO ECOCROP
Rwanda,Northern,Burera,Loamy,loamy,67,Agricultural,2308,1535.0,794.0,16.3,82.0,5.31,maize,B,98,2024-03-19,High potential,"Volcanic highlands (Musanze, Burera, Nyabihu). Cool, wet, Irish potato and wheat belt.",RAB CIP; OFRA Rwanda; FAO ECOCROP
Rwanda,Northern,Burera,Loamy,loamy,72,Agricultural,2453,1492.0,264.0,12.7,67.7,6.2,tomato,C,90,2024-05-23,High potential,"Volcanic highlands (Musanze, Burera, Nyabihu). Cool, wet, Irish potato and wheat belt.",RAB; FAO ECOCROP
Rwanda,Northern,Burera,Sandy,sandy,85,Agricultural,2207,1564.0,681.0,16.2,81.4,6.27,wheat,A,77,2025-03-12,Moderate potential,"Volcanic highlands (Musanze, Burera, Nyabihu). Cool, wet, Irish potato and wheat belt.",RAB CIP; OFRA Rwanda
Rwanda,Northern,Burera,Loamy,loamy,85,Agricultural,2033,1399.0,612.0,16.3,84.3,6.05,potato,B,99,2024-09-04,High potential,"Volcanic highlands (Musanze, Burera, Nyabihu). Cool, wet, Irish potato and wheat belt.",RAB; CIP / RwaSIS; FAO ECOCROP; OFRA Rwanda
Rwanda,Northern,Burera,Clayey,clayey,65,Agricultural,2484,1193.0,206.0,11.6,59.8,5.03,potato,C,69,2024-04-09,Moderate potential,"Volcanic highlands (Musanze, Burera, Nyabihu). Cool, wet, Irish potato and wheat belt.",RAB; CIP / RwaSIS; FAO ECOCROP; OFRA Rwanda
Rwanda,Northern,Burera,Clayey,clayey,60,Agricultural,2395,1145.0,446.0,15.2,80.7,5.03,maize,A,94,2024-08-29,High potential,"Volcanic highlands (Musanze, Burera, Nyabihu). Cool, wet, Irish potato and wheat belt.",RAB CIP; OFRA Rwanda; FAO ECOCROP
Rwanda,Northern,Burera,Loamy,loamy,73,Agricultural,2216,1561.0,599.0,14.6,87.7,5.25,pea,B,97,2025-05-25,High potential,"Volcanic highlands (Musanze, Burera, Nyabihu). Cool, wet, Irish potato and wheat belt.",RAB; FAO ECOCROP
Rwanda,Northern,Burera,Loamy,loamy,77,Agricultural,2010,1388.0,268.0,14.2,62.8,5.69,tomato,C,94,2025-02-22,High potential,"Volcanic highlands (Musanze, Burera, Nyabihu). Cool, wet, Irish potato and wheat belt.",RAB; FAO ECOCROP
Rwanda,Northern,Burera,Sandy,sandy,66,Agricultural,2181,1440.0,468.0,16.3,83.7,5.61,beans,A,78,2024-11-24,Moderate potential,"Volcanic highlands (Musanze, Burera, Nyabihu). Cool, wet, Irish potato and wheat belt.",RAB; OFRA Rwanda; NISR
Rwanda,Northern,Burera,Sandy,sandy,65,Agricultural,1829,1199.0,556.0,14.1,84.2,5.34,pea,B,99,2024-10-07,High potential,"Volcanic highlands (Musanze, Burera, Nyabihu). Cool, wet, Irish potato and wheat belt.",RAB; FAO ECOCROP
Rwanda,Northern,Burera,Loamy,loamy,72,Fallow,2012,1414.0,271.0,12.7,60.7,5.03,pea,C,95,2025-06-09,High potential,"Volcanic highlands (Musanze, Burera, Nyabihu). Cool, wet, Irish potato and wheat belt.",RAB; FAO ECOCROP
Rwanda,Northern,Burera,Loamy,loamy,84,Marshland,1854,1528.0,663.0,15.7,76.1,5.77,wheat,A,100,2023-10-13,High potential,"Volcanic highlands (Musanze, Burera, Nyabihu). Cool, wet, Irish potato and wheat belt.",RAB CIP; OFRA Rwanda
Rwanda,Northern,Burera,Sandy,sandy,79,Agricultural,1928,1242.0,488.0,15.1,86.1,6.02,pea,B,99,2025-04-17,High potential,"Volcanic highlands (Musanze, Burera, Nyabihu). Cool, wet, Irish potato and wheat belt.",RAB; FAO ECOCROP
Rwanda,Northern,Burera,Clayey,clayey,82,Homestead,2125,1358.0,208.0,11.9,62.7,5.31,tomato,C,64,2024-08-30,Moderate potential,"Volcanic highlands (Musanze, Burera, Nyabihu). Cool, wet, Irish potato and wheat belt.",RAB; FAO ECOCROP
Rwanda,Northern,Burera,Loamy,loamy,66,Agricultural,2134,1503.0,527.0,17.3,77.9,5.87,pea,A,100,2025-06-10,High potential,"Volcanic highlands (Musanze, Burera, Nyabihu). Cool, wet, Irish potato and wheat belt.",RAB; FAO ECOCROP
Rwanda,Northern,Burera,Sandy,sandy,72,Agricultural,2133,1207.0,517.0,13.4,80.5,5.1,potato,B,98,2023-12-08,High potential,"Volcanic highlands (Musanze, Burera, Nyabihu). Cool, wet, Irish potato and wheat belt.",RAB; CIP / RwaSIS; FAO ECOCROP; OFRA Rwanda
Rwanda,Northern,Burera,Clayey,clayey,70,Homestead,1932,1416.0,273.0,12.5,65.9,5.91,beans,C,92,2023-11-21,High potential,"Volcanic highlands (Musanze, Burera, Nyabihu). Cool, wet, Irish potato and wheat belt.",RAB; OFRA Rwanda; NISR
Rwanda,Northern,Burera,Clayey,clayey,74,Agricultural,1897,1429.0,469.0,15.2,77.1,5.4,pea,A,77,2024-12-27,Moderate potential,"Volcanic highlands (Musanze, Burera, Nyabihu). Cool, wet, Irish potato and wheat belt.",RAB; FAO ECOCROP
Rwanda,Northern,Burera,Clayey,clayey,76,Agricultural,2089,1428.0,672.0,15.5,82.4,5.15,wheat,B,96,2023-09-10,High potential,"Volcanic highlands (Musanze, Burera, Nyabihu). Cool, wet, Irish potato and wheat belt.",RAB CIP; OFRA Rwanda
Rwanda,Northern,Gicumbi,Clayey,clayey,64,Agricultural,1815,1230.0,472.0,16.8,75.8,5.83,beans,A,100,2025-02-11,High potential,"Volcanic highlands (Musanze, Burera, Nyabihu). Cool, wet, Irish potato and wheat belt.",RAB; OFRA Rwanda; NISR
Rwanda,Northern,Gicumbi,Sandy,sandy,73,Marshland,2433,1486.0,689.0,15.4,83.6,6.07,wheat,B,76,2024-03-18,Moderate potential,"Volcanic highlands (Musanze, Burera, Nyabihu). Cool, wet, Irish potato and wheat belt.",RAB CIP; OFRA Rwanda
Rwanda,Northern,Gicumbi,Clayey,clayey,84,Fallow,2035,1019.0,176.0,13.7,73.9,5.21,pea,C,73,2024-01-12,Moderate potential,"Volcanic highlands (Musanze, Burera, Nyabihu). Cool, wet, Irish potato and wheat belt.",RAB; FAO ECOCROP
Rwanda,Northern,Gicumbi,Loamy,loamy,74,Agricultural,1813,1276.0,554.0,17.9,80.5,5.66,potato,A,98,2023-12-01,High potential,"Volcanic highlands (Musanze, Burera, Nyabihu). Cool, wet, Irish potato and wheat belt.",RAB; CIP / RwaSIS; FAO ECOCROP; OFRA Rwanda
Rwanda,Northern,Gicumbi,Sandy,sandy,90,Agricultural,2480,1129.0,574.0,17.1,81.9,5.7,maize,B,100,2025-05-09,High potential,"Volcanic highlands (Musanze, Burera, Nyabihu). Cool, wet, Irish potato and wheat belt.",RAB CIP; OFRA Rwanda; FAO ECOCROP
Rwanda,Northern,Gicumbi,Sandy,sandy,86,Agricultural,1958,1357.0,233.0,12.7,67.3,6.37,pea,C,98,2024-01-09,High potential,"Volcanic highlands (Musanze, Burera, Nyabihu). Cool, wet, Irish potato and wheat belt.",RAB; FAO ECOCROP
Rwanda,Northern,Gicumbi,Loamy,loamy,71,Agricultural,1984,1366.0,469.0,16.7,80.9,5.94,maize,A,100,2024-06-07,High potential,"Volcanic highlands (Musanze, Burera, Nyabihu). Cool, wet, Irish potato and wheat belt.",RAB CIP; OFRA Rwanda; FAO ECOCROP
Rwanda,Northern,Gicumbi,Loamy,loamy,82,Agricultural,2100,1493.0,614.0,16.1,76.5,6.26,wheat,B,100,2024-04-27,High potential,"Volcanic highlands (Musanze, Burera, Nyabihu). Cool, wet, Irish potato and wheat belt.",RAB CIP; OFRA Rwanda
Rwanda,Northern,Gicumbi,Clayey,clayey,67,Agricultural,2225,1275.0,237.0,15.6,76.4,6.31,pea,C,76,2024-06-18,Moderate potential,"Volcanic highlands (Musanze, Burera, Nyabihu). Cool, wet, Irish potato and wheat belt.",RAB; FAO ECOCROP
Rwanda,Northern,Gicumbi,Sandy,sandy,90,Agricultural,2115,1294.0,497.0,18.5,79.1,5.25,pea,A,98,2024-11-03,High potential,"Volcanic highlands (Musanze, Burera, Nyabihu). Cool, wet, Irish potato and wheat belt.",RAB; FAO ECOCROP
Rwanda,Northern,Gicumbi,Sandy,sandy,70,Agricultural,1995,1125.0,472.0,16.7,80.6,5.05,potato,B,97,2025-05-31,High potential,"Volcanic highlands (Musanze, Burera, Nyabihu). Cool, wet, Irish potato and wheat belt.",RAB; CIP / RwaSIS; FAO ECOCROP; OFRA Rwanda
Rwanda,Northern,Gicumbi,Clayey,clayey,71,Homestead,2220,993.0,154.0,11.9,61.3,6.06,beans,C,89,2025-07-25,High potential,"Volcanic highlands (Musanze, Burera, Nyabihu). Cool, wet, Irish potato and wheat belt.",RAB; OFRA Rwanda; NISR
Rwanda,Northern,Gicumbi,Clayey,clayey,74,Agricultural,2427,1408.0,578.0,16.1,75.5,6.18,potato,A,76,2023-11-25,Moderate potential,"Volcanic highlands (Musanze, Burera, Nyabihu). Cool, wet, Irish potato and wheat belt.",RAB; CIP / RwaSIS; FAO ECOCROP; OFRA Rwanda
Rwanda,Northern,Gicumbi,Sandy,sandy,84,Agricultural,1993,1168.0,568.0,17.9,78.8,5.13,maize,B,97,2024-12-03,High potential,"Volcanic highlands (Musanze, Burera, Nyabihu). Cool, wet, Irish potato and wheat belt.",RAB CIP; OFRA Rwanda; FAO ECOCROP
Rwanda,Northern,Gicumbi,Sandy,sandy,86,Agricultural,1829,1315.0,209.0,13.7,70.6,5.58,tomato,C,92,2024-07-20,High potential,"Volcanic highlands (Musanze, Burera, Nyabihu). Cool, wet, Irish potato and wheat belt.",RAB; FAO ECOCROP
Rwanda,Northern,Gicumbi,Sandy,sandy,72,Agricultural,2330,1182.0,502.0,16.3,78.3,5.6,maize,A,100,2024-04-17,High potential,"Volcanic highlands (Musanze, Burera, Nyabihu). Cool, wet, Irish potato and wheat belt.",RAB CIP; OFRA Rwanda; FAO ECOCROP
Rwanda,Northern,Gicumbi,Clayey,clayey,74,Agricultural,2377,1152.0,529.0,17.0,81.9,5.58,potato,B,76,2024-12-12,Moderate potential,"Volcanic highlands (Musanze, Burera, Nyabihu). Cool, wet, Irish potato and wheat belt.",RAB; CIP / RwaSIS; FAO ECOCROP; OFRA Rwanda
Rwanda,Northern,Gicumbi,Loamy,loamy,84,Agricultural,2012,1071.0,164.0,14.7,61.8,6.15,sweet_potato,C,93,2024-10-13,High potential,"Volcanic highlands (Musanze, Burera, Nyabihu). Cool, wet, Irish potato and wheat belt.",RAB; CIP; FAO ECOCROP
Rwanda,Northern,Gicumbi,Sandy,sandy,65,Agricultural,2371,1384.0,456.0,19.6,79.6,5.84,potato,A,97,2024-08-22,High potential,"Volcanic highlands (Musanze, Burera, Nyabihu). Cool, wet, Irish potato and wheat belt.",RAB; CIP / RwaSIS; FAO ECOCROP; OFRA Rwanda
Rwanda,Northern,Gicumbi,Loamy,loamy,68,Agricultural,1884,1561.0,636.0,17.7,78.6,5.45,pea,B,100,2024-10-16,High potential,"Volcanic highlands (Musanze, Burera, Nyabihu). Cool, wet, Irish potato and wheat belt.",RAB; FAO ECOCROP
Rwanda,Northern,Gicumbi,Clayey,clayey,83,Agricultural,2446,1428.0,270.0,13.7,61.2,5.68,pea,C,76,2025-05-21,Moderate potential,"Volcanic highlands (Musanze, Burera, Nyabihu). Cool, wet, Irish potato and wheat belt.",RAB; FAO ECOCROP
Rwanda,Northern,Gicumbi,Clayey,clayey,88,Homestead,2015,1220.0,457.0,15.8,75.5,5.58,potato,A,75,2024-01-12,Moderate potential,"Volcanic highlands (Musanze, Burera, Nyabihu). Cool, wet, Irish potato and wheat belt.",RAB; CIP / RwaSIS; FAO ECOCROP; OFRA Rwanda
Rwanda,Northern,Gicumbi,Loamy,loamy,73,Homestead,1865,1120.0,480.0,17.4,84.0,5.92,tomato,B,98,2025-05-15,High potential,"Volcanic highlands (Musanze, Burera, Nyabihu). Cool, wet, Irish potato and wheat belt.",RAB; FAO ECOCROP
Rwanda,Northern,Gicumbi,Clayey,clayey,87,Agricultural,2128,1169.0,187.0,14.2,63.1,5.08,tomato,C,67,2024-05-16,Moderate potential,"Volcanic highlands (Musanze, Burera, Nyabihu). Cool, wet, Irish potato and wheat belt.",RAB; FAO ECOCROP
Rwanda,Northern,Gicumbi,Clayey,clayey,81,Agricultural,2174,1342.0,493.0,14.6,77.3,5.48,wheat,A,100,2023-09-12,High potential,"Volcanic highlands (Musanze, Burera, Nyabihu). Cool, wet, Irish potato and wheat belt.",RAB CIP; OFRA Rwanda
Rwanda,Northern,Gicumbi,Loamy,loamy,78,Fallow,2494,1539.0,601.0,18.1,80.8,5.6,wheat,B,100,2025-01-01,High potential,"Volcanic highlands (Musanze, Burera, Nyabihu). Cool, wet, Irish potato and wheat belt.",RAB CIP; OFRA Rwanda
Rwanda,Northern,Gicumbi,Clayey,clayey,85,Agricultural,2409,1089.0,186.0,16.3,61.5,6.01,sweet_potato,C,74,2025-06-10,Moderate potential,"Volcanic highlands (Musanze, Burera, Nyabihu). Cool, wet, Irish potato and wheat belt.",RAB; CIP; FAO ECOCROP
Rwanda,Northern,Gicumbi,Clayey,clayey,83,Agricultural,1909,1076.0,416.0,15.7,73.6,5.3,wheat,A,97,2025-04-25,High potential,"Volcanic highlands (Musanze, Burera, Nyabihu). Cool, wet, Irish potato and wheat belt.",RAB CIP; OFRA Rwanda
Rwanda,Northern,Gicumbi,Clayey,clayey,82,Agricultural,2335,1394.0,551.0,15.7,76.9,6.24,wheat,B,100,2024-03-11,High potential,"Volcanic highlands (Musanze, Burera, Nyabihu). Cool, wet, Irish potato and wheat belt.",RAB CIP; OFRA Rwanda
Rwanda,Northern,Gicumbi,Loamy,loamy,90,Agricultural,2232,1114.0,163.0,13.4,59.4,6.02,beans,C,93,2023-10-01,High potential,"Volcanic highlands (Musanze, Burera, Nyabihu). Cool, wet, Irish potato and wheat belt.",RAB; OFRA Rwanda; NISR
Rwanda,Northern,Gicumbi,Sandy,sandy,62,Agricultural,2027,1272.0,481.0,15.5,77.7,5.61,sweet_potato,A,99,2024-09-27,High potential,"Volcanic highlands (Musanze, Burera, Nyabihu). Cool, wet, Irish potato and wheat belt.",RAB; CIP; FAO ECOCROP
Rwanda,Northern,Gicumbi,Loamy,loamy,78,Agricultural,1903,1121.0,456.0,17.5,72.5,5.49,wheat,B,99,2024-03-20,High potential,"Volcanic highlands (Musanze, Burera, Nyabihu). Cool, wet, Irish potato and wheat belt.",RAB CIP; OFRA Rwanda
Rwanda,Northern,Gicumbi,Sandy,sandy,69,Fallow,1984,974.0,161.0,12.3,63.2,5.11,potato,C,92,2024-04-19,High potential,"Volcanic highlands (Musanze, Burera, Nyabihu). Cool, wet, Irish potato and wheat belt.",RAB; CIP / RwaSIS; FAO ECOCROP; OFRA Rwanda
Rwanda,Northern,Gicumbi,Loamy,loamy,66,Agricultural,2015,1321.0,483.0,16.0,70.1,6.16,maize,A,100,2023-12-07,High potential,"Volcanic highlands (Musanze, Burera, Nyabihu). Cool, wet, Irish potato and wheat belt.",RAB CIP; OFRA Rwanda; FAO ECOCROP
Rwanda,Northern,Gicumbi,Sandy,sandy,76,Agricultural,2310,1321.0,536.0,17.7,91.1,5.1,potato,B,97,2023-09-06,High potential,"Volcanic highlands (Musanze, Burera, Nyabihu). Cool, wet, Irish potato and wheat belt.",RAB; CIP / RwaSIS; FAO ECOCROP; OFRA Rwanda
Rwanda,Northern,Gicumbi,Loamy,loamy,62,Agricultural,2315,993.0,146.0,17.1,62.0,6.2,tomato,C,97,2024-02-12,High potential,"Volcanic highlands (Musanze, Burera, Nyabihu). Cool, wet, Irish potato and wheat belt.",RAB; FAO ECOCROP
Rwanda,Northern,Gicumbi,Clayey,clayey,77,Agricultural,2382,1285.0,560.0,16.1,85.7,5.21,pea,A,75,2024-03-22,Moderate potential,"Volcanic highlands (Musanze, Burera, Nyabihu). Cool, wet, Irish potato and wheat belt.",RAB; FAO ECOCROP
Rwanda,Northern,Gicumbi,Loamy,loamy,87,Agricultural,1985,1208.0,522.0,17.4,83.5,5.73,wheat,B,98,2024-07-20,High potential,"Volcanic highlands (Musanze, Burera, Nyabihu). Cool, wet, Irish potato and wheat belt.",RAB CIP; OFRA Rwanda
Rwanda,Northern,Gicumbi,Loamy,loamy,74,Marshland,2286,1113.0,195.0,14.3,55.5,5.19,tomato,C,91,2023-11-08,High potential,"Volcanic highlands (Musanze, Burera, Nyabihu). Cool, wet, Irish potato and wheat belt.",RAB; FAO ECOCROP
Rwanda,Northern,Gicumbi,Clayey,clayey,64,Agricultural,2035,1403.0,611.0,16.6,76.0,5.06,maize,A,96,2025-02-05,High potential,"Volcanic highlands (Musanze, Burera, Nyabihu). Cool, wet, Irish potato and wheat belt.",RAB CIP; OFRA Rwanda; FAO ECOCROP
Rwanda,Northern,Gicumbi,Clayey,clayey,72,Agricultural,1932,1103.0,569.0,16.7,73.8,5.36,tomato,B,77,2024-05-31,Moderate potential,"Volcanic highlands (Musanze, Burera, Nyabihu). Cool, wet, Irish potato and wheat belt.",RAB; FAO ECOCROP
Rwanda,Northern,Gicumbi,Clayey,clayey,78,Agricultural,2323,1433.0,225.0,15.0,64.9,5.78,pea,C,76,2024-03-27,Moderate potential,"Volcanic highlands (Musanze, Burera, Nyabihu). Cool, wet, Irish potato and wheat belt.",RAB; FAO ECOCROP
Rwanda,Northern,Gicumbi,Sandy,sandy,70,Agricultural,1875,1248.0,480.0,18.3,74.0,5.68,wheat,A,78,2025-07-15,Moderate potential,"Volcanic highlands (Musanze, Burera, Nyabihu). Cool, wet, Irish potato and wheat belt.",RAB CIP; OFRA Rwanda
Rwanda,Northern,Gicumbi,Loamy,loamy,62,Agricultural,2451,1202.0,475.0,17.8,77.6,6.26,pea,B,100,2025-01-20,High potential,"Volcanic highlands (Musanze, Burera, Nyabihu). Cool, wet, Irish potato and wheat belt.",RAB; FAO ECOCROP
Rwanda,Northern,Gicumbi,Sandy,sandy,88,Fallow,2288,1392.0,243.0,14.3,64.7,5.45,potato,C,94,2023-10-12,High potential,"Volcanic highlands (Musanze, Burera, Nyabihu). Cool, wet, Irish potato and wheat belt.",RAB; CIP / RwaSIS; FAO ECOCROP; OFRA Rwanda
Rwanda,Northern,Gicumbi,Loamy,loamy,80,Agricultural,2284,1509.0,515.0,17.8,77.8,5.28,wheat,A,98,2024-09-12,High potential,"Volcanic highlands (Musanze, Burera, Nyabihu). Cool, wet, Irish potato and wheat belt.",RAB CIP; OFRA Rwanda
Rwanda,Northern,Gicumbi,Clayey,clayey,65,Marshland,2249,1369.0,645.0,16.4,81.3,6.01,tomato,B,77,2025-03-12,Moderate potential,"Volcanic highlands (Musanze, Burera, Nyabihu). Cool, wet, Irish potato and wheat belt.",RAB; FAO ECOCROP
Rwanda,Northern,Gicumbi,Sandy,sandy,76,Agricultural,2032,1127.0,213.0,13.3,58.4,5.95,tomato,C,91,2023-11-03,High potential,"Volcanic highlands (Musanze, Burera, Nyabihu). Cool, wet, Irish potato and wheat belt.",RAB; FAO ECOCROP
Rwanda,Northern,Gicumbi,Loamy,loamy,82,Marshland,2112,1327.0,518.0,15.0,82.4,5.47,maize,A,97,2023-09-26,High potential,"Volcanic highlands (Musanze, Burera, Nyabihu). Cool, wet, Irish potato and wheat belt.",RAB CIP; OFRA Rwanda; FAO ECOCROP
Rwanda,Northern,Gicumbi,Clayey,clayey,76,Agricultural,2067,1137.0,492.0,18.6,80.3,6.32,maize,B,100,2024-08-19,High potential,"Volcanic highlands (Musanze, Burera, Nyabihu). Cool, wet, Irish potato and wheat belt.",RAB CIP; OFRA Rwanda; FAO ECOCROP
Rwanda,Northern,Gicumbi,Loamy,loamy,88,Fallow,2226,1204.0,223.0,15.4,60.9,5.16,sweet_potato,C,95,2024-01-10,High potential,"Volcanic highlands (Musanze, Burera, Nyabihu). Cool, wet, Irish potato and wheat belt.",RAB; CIP; FAO ECOCROP
Rwanda,Northern,Gicumbi,Loamy,loamy,61,Agricultural,2323,1295.0,500.0,16.5,78.3,5.3,beans,A,98,2025-03-27,High potential,"Volcanic highlands (Musanze, Burera, Nyabihu). Cool, wet, Irish potato and wheat belt.",RAB; OFRA Rwanda; NISR
Rwanda,Northern,Gicumbi,Loamy,loamy,80,Agricultural,2456,1457.0,568.0,16.4,85.1,6.32,beans,B,100,2025-02-28,High potential,"Volcanic highlands (Musanze, Burera, Nyabihu). Cool, wet, Irish potato and wheat belt.",RAB; OFRA Rwanda; NISR
Rwanda,Northern,Gicumbi,Sandy,sandy,74,Agricultural,1814,1019.0,191.0,13.6,57.6,5.2,tomato,C,89,2024-02-06,High potential,"Volcanic highlands (Musanze, Burera, Nyabihu). Cool, wet, Irish potato and wheat belt.",RAB; FAO ECOCROP
Rwanda,Northern,Gicumbi,Loamy,loamy,73,Homestead,1905,1226.0,484.0,16.1,83.3,6.28,sweet_potato,A,100,2023-10-05,High potential,"Volcanic highlands (Musanze, Burera, Nyabihu). Cool, wet, Irish potato and wheat belt.",RAB; CIP; FAO ECOCROP
Rwanda,Northern,Gicumbi,Sandy,sandy,85,Marshland,2437,1403.0,540.0,16.9,73.9,6.34,tomato,B,100,2024-10-14,High potential,"Volcanic highlands (Musanze, Burera, Nyabihu). Cool, wet, Irish potato and wheat belt.",RAB; FAO ECOCROP
Rwanda,Northern,Gicumbi,Clayey,clayey,64,Agricultural,2169,1216.0,197.0,14.2,64.5,5.35,potato,C,71,2023-10-03,Moderate potential,"Volcanic highlands (Musanze, Burera, Nyabihu). Cool, wet, Irish potato and wheat belt.",RAB; CIP / RwaSIS; FAO ECOCROP; OFRA Rwanda
Rwanda,Northern,Gicumbi,Clayey,clayey,65,Agricultural,2331,1304.0,495.0,17.4,75.0,5.9,sweet_potato,A,78,2025-06-27,Moderate potential,"Volcanic highlands (Musanze, Burera, Nyabihu). Cool, wet, Irish potato and wheat belt.",RAB; CIP; FAO ECOCROP
Rwanda,Northern,Gicumbi,Sandy,sandy,63,Agricultural,2323,1271.0,592.0,17.5,83.0,5.95,pea,B,100,2024-12-17,High potential,"Volcanic highlands (Musanze, Burera, Nyabihu). Cool, wet, Irish potato and wheat belt.",RAB; FAO ECOCROP
Rwanda,Northern,Gicumbi,Loamy,loamy,72,Marshland,2248,1354.0,197.0,13.6,71.8,5.78,tomato,C,91,2025-02-07,High potential,"Volcanic highlands (Musanze, Burera, Nyabihu). Cool, wet, Irish potato and wheat belt.",RAB; FAO ECOCROP
Rwanda,Northern,Gicumbi,Clayey,clayey,71,Marshland,1818,1447.0,488.0,14.7,77.1,6.3,beans,A,99,2024-05-06,High potential,"Volcanic highlands (Musanze, Burera, Nyabihu). Cool, wet, Irish potato and wheat belt.",RAB; OFRA Rwanda; NISR
Rwanda,Northern,Gicumbi,Sandy,sandy,66,Homestead,2399,1223.0,542.0,16.8,80.5,5.56,potato,B,98,2025-02-19,High potential,"Volcanic highlands (Musanze, Burera, Nyabihu). Cool, wet, Irish potato and wheat belt.",RAB; CIP / RwaSIS; FAO ECOCROP; OFRA Rwanda
Rwanda,Northern,Gicumbi,Clayey,clayey,73,Agricultural,2088,1035.0,199.0,15.5,61.5,6.33,tomato,C,74,2024-08-31,Moderate potential,"Volcanic highlands (Musanze, Burera, Nyabihu). Cool, wet, Irish potato and wheat belt.",RAB; FAO ECOCROP
Rwanda,Northern,Gicumbi,Sandy,sandy,83,Homestead,1836,1336.0,467.0,16.1,76.8,5.93,beans,A,78,2024-05-03,Moderate potential,"Volcanic highlands (Musanze, Burera, Nyabihu). Cool, wet, Irish potato and wheat belt.",RAB; OFRA Rwanda; NISR
Rwanda,Northern,Gicumbi,Sandy,sandy,77,Homestead,2376,1217.0,498.0,14.6,83.6,6.21,tomato,B,95,2024-05-03,High potential,"Volcanic highlands (Musanze, Burera, Nyabihu). Cool, wet, Irish potato and wheat belt.",RAB; FAO ECOCROP
Rwanda,Northern,Gicumbi,Sandy,sandy,89,Agricultural,1841,1241.0,215.0,16.2,69.5,5.48,sweet_potato,C,96,2024-03-20,High potential,"Volcanic highlands (Musanze, Burera, Nyabihu). Cool, wet, Irish potato and wheat belt.",RAB; CIP; FAO ECOCROP
Rwanda,Northern,Gicumbi,Loamy,loamy,67,Agricultural,2125,1344.0,514.0,18.2,78.7,5.6,sweet_potato,A,100,2024-02-22,High potential,"Volcanic highlands (Musanze, Burera, Nyabihu). Cool, wet, Irish potato and wheat belt.",RAB; CIP; FAO ECOCROP
Rwanda,Northern,Gicumbi,Clayey,clayey,66,Marshland,2037,1387.0,585.0,18.0,81.7,6.23,maize,B,100,2025-01-23,High potential,"Volcanic highlands (Musanze, Burera, Nyabihu). Cool, wet, Irish potato and wheat belt.",RAB CIP; OFRA Rwanda; FAO ECOCROP
Rwanda,Northern,Gicumbi,Clayey,clayey,88,Agricultural,2449,1226.0,224.0,13.4,73.6,5.63,potato,C,72,2024-06-13,Moderate potential,"Volcanic highlands (Musanze, Burera, Nyabihu). Cool, wet, Irish potato and wheat belt.",RAB; CIP / RwaSIS; FAO ECOCROP; OFRA Rwanda
Rwanda,Northern,Gicumbi,Clayey,clayey,63,Marshland,1928,1238.0,455.0,16.0,83.6,5.34,wheat,A,96,2024-08-10,High potential,"Volcanic highlands (Musanze, Burera, Nyabihu). Cool, wet, Irish potato and wheat belt.",RAB CIP; OFRA Rwanda
Rwanda,Northern,Gicumbi,Sandy,sandy,75,Agricultural,2130,1317.0,583.0,17.8,76.7,5.56,wheat,B,78,2024-02-06,Moderate potential,"Volcanic highlands (Musanze, Burera, Nyabihu). Cool, wet, Irish potato and wheat belt.",RAB CIP; OFRA Rwanda
Rwanda,Northern,Gicumbi,Loamy,loamy,74,Agricultural,1860,1189.0,224.0,13.5,71.6,5.21,pea,C,95,2024-10-12,High potential,"Volcanic highlands (Musanze, Burera, Nyabihu). Cool, wet, Irish potato and wheat belt.",RAB; FAO ECOCROP
Rwanda,Northern,Gicumbi,Sandy,sandy,72,Marshland,2067,1175.0,448.0,18.2,74.7,6.33,pea,A,100,2024-02-12,High potential,"Volcanic highlands (Musanze, Burera, Nyabihu). Cool, wet, Irish potato and wheat belt.",RAB; FAO ECOCROP
Rwanda,Northern,Gicumbi,Clayey,clayey,87,Agricultural,2271,1100.0,550.0,17.7,86.8,5.96,tomato,B,75,2024-09-07,Moderate potential,"Volcanic highlands (Musanze, Burera, Nyabihu). Cool, wet, Irish potato and wheat belt.",RAB; FAO ECOCROP
Rwanda,Northern,Gicumbi,Sandy,sandy,84,Agricultural,2481,1349.0,207.0,13.2,70.8,5.9,tomato,C,91,2024-03-29,High potential,"Volcanic highlands (Musanze, Burera, Nyabihu). Cool, wet, Irish potato and wheat belt.",RAB; FAO ECOCROP
Rwanda,Northern,Gicumbi,Sandy,sandy,64,Agricultural,2096,1286.0,561.0,18.0,74.7,5.02,maize,A,96,2024-09-24,High potential,"Volcanic highlands (Musanze, Burera, Nyabihu). Cool, wet, Irish potato and wheat belt.",RAB CIP; OFRA Rwanda; FAO ECOCROP
Rwanda,Northern,Gicumbi,Sandy,sandy,64,Homestead,2075,1186.0,579.0,15.8,79.2,5.19,tomato,B,97,2025-05-22,High potential,"Volcanic highlands (Musanze, Burera, Nyabihu). Cool, wet, Irish potato and wheat belt.",RAB; FAO ECOCROP
Rwanda,Northern,Gicumbi,Sandy,sandy,69,Agricultural,1980,1119.0,172.0,15.1,70.7,5.74,potato,C,93,2025-01-07,High potential,"Volcanic highlands (Musanze, Burera, Nyabihu). Cool, wet, Irish potato and wheat belt.",RAB; CIP / RwaSIS; FAO ECOCROP; OFRA Rwanda
Rwanda,Northern,Gicumbi,Loamy,loamy,65,Agricultural,1944,1404.0,511.0,17.1,82.9,6.1,sweet_potato,A,100,2025-02-21,High potential,"Volcanic highlands (Musanze, Burera, Nyabihu). Cool, wet, Irish potato and wheat belt.",RAB; CIP; FAO ECOCROP
Rwanda,Northern,Gicumbi,Sandy,sandy,61,Agricultural,2435,1444.0,724.0,18.3,74.4,6.12,wheat,B,78,2025-05-01,Moderate potential,"Volcanic highlands (Musanze, Burera, Nyabihu). Cool, wet, Irish potato and wheat belt.",RAB CIP; OFRA Rwanda
Rwanda,Northern,Gicumbi,Sandy,sandy,78,Agricultural,2462,1341.0,215.0,14.5,66.6,5.1,pea,C,94,2023-11-02,High potential,"Volcanic highlands (Musanze, Burera, Nyabihu). Cool, wet, Irish potato and wheat belt.",RAB; FAO ECOCROP
Rwanda,Northern,Gicumbi,Loamy,loamy,86,Agricultural,1953,1420.0,602.0,13.5,79.2,5.07,pea,A,97,2025-02-09,High potential,"Volcanic highlands (Musanze, Burera, Nyabihu). Cool, wet, Irish potato and wheat belt.",RAB; FAO ECOCROP
Rwanda,Northern,Gicumbi,Clayey,clayey,66,Agricultural,2046,1129.0,448.0,17.0,82.5,5.89,pea,B,78,2025-02-15,Moderate potential,"Volcanic highlands (Musanze, Burera, Nyabihu). Cool, wet, Irish potato and wheat belt.",RAB; FAO ECOCROP
Rwanda,Northern,Gicumbi,Loamy,loamy,81,Marshland,1956,1213.0,180.0,13.9,61.4,6.04,tomato,C,92,2025-07-23,High potential,"Volcanic highlands (Musanze, Burera, Nyabihu). Cool, wet, Irish potato and wheat belt.",RAB; FAO ECOCROP
Rwanda,Northern,Gicumbi,Clayey,clayey,60,Agricultural,2145,1366.0,561.0,16.6,76.4,6.4,potato,A,76,2024-07-12,Moderate potential,"Volcanic highlands (Musanze, Burera, Nyabihu). Cool, wet, Irish potato and wheat belt.",RAB; CIP / RwaSIS; FAO ECOCROP; OFRA Rwanda
Rwanda,Northern,Gicumbi,Clayey,clayey,63,Agricultural,1940,1404.0,568.0,14.9,86.1,5.06,pea,B,74,2025-05-04,Moderate potential,"Volcanic highlands (Musanze, Burera, Nyabihu). Cool, wet, Irish potato and wheat belt.",RAB; FAO ECOCROP
Rwanda,Northern,Gicumbi,Loamy,loamy,83,Agricultural,2001,1139.0,190.0,13.9,58.5,6.29,pea,C,97,2024-10-31,High potential,"Volcanic highlands (Musanze, Burera, Nyabihu). Cool, wet, Irish potato and wheat belt.",RAB; FAO ECOCROP
Rwanda,Northern,Gicumbi,Sandy,sandy,89,Agricultural,2165,1269.0,442.0,14.8,75.9,6.14,potato,A,97,2025-01-28,High potential,"Volcanic highlands (Musanze, Burera, Nyabihu). Cool, wet, Irish potato and wheat belt.",RAB; CIP / RwaSIS; FAO ECOCROP; OFRA Rwanda
Rwanda,Northern,Gicumbi,Clayey,clayey,76,Agricultural,2060,1421.0,668.0,17.7,85.9,5.38,tomato,B,74,2024-01-12,Moderate potential,"Volcanic highlands (Musanze, Burera, Nyabihu). Cool, wet, Irish potato and wheat belt.",RAB; FAO ECOCROP
Rwanda,Northern,Gicumbi,Clayey,clayey,73,Agricultural,1852,1107.0,173.0,13.2,71.0,5.09,tomato,C,65,2025-02-19,Moderate potential,"Volcanic highlands (Musanze, Burera, Nyabihu). Cool, wet, Irish potato and wheat belt.",RAB; FAO ECOCROP
Rwanda,Northern,Gicumbi,Clayey,clayey,74,Agricultural,2263,1204.0,493.0,16.0,76.2,6.32,wheat,A,100,2024-01-18,High potential,"Volcanic highlands (Musanze, Burera, Nyabihu). Cool, wet, Irish potato and wheat belt.",RAB CIP; OFRA Rwanda
Rwanda,Northern,Gicumbi,Loamy,loamy,74,Agricultural,2390,1210.0,531.0,17.5,81.0,5.17,maize,B,97,2024-06-14,High potential,"Volcanic highlands (Musanze, Burera, Nyabihu). Cool, wet, Irish potato and wheat belt.",RAB CIP; OFRA Rwanda; FAO ECOCROP
Rwanda,Northern,Gicumbi,Sandy,sandy,87,Agricultural,1951,1142.0,180.0,14.4,71.9,5.17,beans,C,71,2023-12-10,Moderate potential,"Volcanic highlands (Musanze, Burera, Nyabihu). Cool, wet, Irish potato and wheat belt.",RAB; OFRA Rwanda; NISR
Rwanda,Northern,Gicumbi,Loamy,loamy,76,Agricultural,2129,1102.0,425.0,16.6,75.9,5.46,beans,A,100,2024-09-18,High potential,"Volcanic highlands (Musanze, Burera, Nyabihu). Cool, wet, Irish potato and wheat belt.",RAB; OFRA Rwanda; NISR
Rwanda,Northern,Gicumbi,Loamy,loamy,80,Fallow,2227,1127.0,580.0,17.6,77.9,5.86,wheat,B,100,2025-01-26,High potential,"Volcanic highlands (Musanze, Burera, Nyabihu). Cool, wet, Irish potato and wheat belt.",RAB CIP; OFRA Rwanda
Rwanda,Northern,Gicumbi,Clayey,clayey,90,Agricultural,2099,1172.0,225.0,15.4,61.0,5.21,potato,C,70,2025-07-29,Moderate potential,"Volcanic highlands (Musanze, Burera, Nyabihu). Cool, wet, Irish potato and wheat belt.",RAB; CIP / RwaSIS; FAO ECOCROP; OFRA Rwanda
Rwanda,Northern,Gicumbi,Clayey,clayey,87,Agricultural,1904,1475.0,572.0,17.8,80.3,5.99,pea,A,78,2023-12-16,Moderate potential,"Volcanic highlands (Musanze, Burera, Nyabihu). Cool, wet, Irish potato and wheat belt.",RAB; FAO ECOCROP
Rwanda,Northern,Gicumbi,Loamy,loamy,74,Agricultural,2188,1447.0,692.0,16.7,87.7,6.4,maize,B,99,2023-09-06,High potential,"Volcanic highlands (Musanze, Burera, Nyabihu). Cool, wet, Irish potato and wheat belt.",RAB CIP; OFRA Rwanda; FAO ECOCROP
Rwanda,Northern,Gicumbi,Sandy,sandy,75,Agricultural,2216,1311.0,214.0,13.3,59.1,5.98,potato,C,91,2025-06-01,High potential,"Volcanic highlands (Musanze, Burera, Nyabihu). Cool, wet, Irish potato and wheat belt.",RAB; CIP / RwaSIS; FAO ECOCROP; OFRA Rwanda
Rwanda,Northern,Gicumbi,Sandy,sandy,87,Fallow,2260,1205.0,401.0,17.2,70.6,5.34,wheat,A,75,2023-09-08,Moderate potential,"Volcanic highlands (Musanze, Burera, Nyabihu). Cool, wet, Irish potato and wheat belt.",RAB CIP; OFRA Rwanda
Rwanda,Northern,Gicumbi,Loamy,loamy,60,Marshland,2471,1217.0,519.0,16.3,78.7,6.12,tomato,B,100,2025-06-13,High potential,"Volcanic highlands (Musanze, Burera, Nyabihu). Cool, wet, Irish potato and wheat belt.",RAB; FAO ECOCROP
Rwanda,Northern,Gicumbi,Loamy,loamy,84,Homestead,2027,1207.0,184.0,14.5,63.4,5.02,potato,C,93,2024-02-21,High potential,"Volcanic highlands (Musanze, Burera, Nyabihu). Cool, wet, Irish potato and wheat belt.",RAB; CIP / RwaSIS; FAO ECOCROP; OFRA Rwanda
Rwanda,Northern,Gicumbi,Sandy,sandy,70,Agricultural,2024,1326.0,467.0,15.9,73.2,5.76,potato,A,97,2023-12-21,High potential,"Volcanic highlands (Musanze, Burera, Nyabihu). Cool, wet, Irish potato and wheat belt.",RAB; CIP / RwaSIS; FAO ECOCROP; OFRA Rwanda
Rwanda,Northern,Gicumbi,Sandy,sandy,65,Agricultural,1936,1180.0,532.0,16.3,80.4,6.15,pea,B,100,2024-12-01,High potential,"Volcanic highlands (Musanze, Burera, Nyabihu). Cool, wet, Irish potato and wheat belt.",RAB; FAO ECOCROP
Rwanda,Northern,Gicumbi,Sandy,sandy,83,Agricultural,1969,1078.0,189.0,14.3,56.1,5.09,beans,C,70,2025-07-06,Moderate potential,"Volcanic highlands (Musanze, Burera, Nyabihu). Cool, wet, Irish potato and wheat belt.",RAB; OFRA Rwanda; NISR
Rwanda,Northern,Gicumbi,Sandy,sandy,64,Agricultural,2407,1430.0,512.0,15.2,75.4,5.77,wheat,A,78,2024-09-29,Moderate potential,"Volcanic highlands (Musanze, Burera, Nyabihu). Cool, wet, Irish potato and wheat belt.",RAB CIP; OFRA Rwanda
Rwanda,Northern,Gicumbi,Clayey,clayey,68,Agricultural,2322,1159.0,536.0,16.1,85.5,5.34,maize,B,98,2024-06-04,High potential,"Volcanic highlands (Musanze, Burera, Nyabihu). Cool, wet, Irish potato and wheat belt.",RAB CIP; OFRA Rwanda; FAO ECOCROP
Rwanda,Northern,Gicumbi,Clayey,clayey,78,Agricultural,2114,1299.0,247.0,16.1,70.1,6.07,tomato,C,76,2025-01-01,Moderate potential,"Volcanic highlands (Musanze, Burera, Nyabihu). Cool, wet, Irish potato and wheat belt.",RAB; FAO ECOCROP
Rwanda,Northern,Gicumbi,Sandy,sandy,70,Agricultural,2320,1207.0,422.0,17.9,73.3,5.55,sweet_potato,A,99,2023-11-18,High potential,"Volcanic highlands (Musanze, Burera, Nyabihu). Cool, wet, Irish potato and wheat belt.",RAB; CIP; FAO ECOCROP
Rwanda,Northern,Gicumbi,Loamy,loamy,69,Agricultural,2064,1499.0,650.0,17.0,82.7,6.11,pea,B,100,2023-10-16,High potential,"Volcanic highlands (Musanze, Burera, Nyabihu). Cool, wet, Irish potato and wheat belt.",RAB; FAO ECOCROP
Rwanda,Northern,Rulindo,Loamy,loamy,77,Agricultural,2245,1298.0,420.0,19.2,75.3,5.26,beans,A,98,2024-02-13,High potential,"Volcanic highlands (Musanze, Burera, Nyabihu). Cool, wet, Irish potato and wheat belt.",RAB; OFRA Rwanda; NISR
Rwanda,Northern,Rulindo,Sandy,sandy,83,Agricultural,2141,1381.0,575.0,18.2,78.9,6.24,tomato,B,100,2023-11-08,High potential,"Volcanic highlands (Musanze, Burera, Nyabihu). Cool, wet, Irish potato and wheat belt.",RAB; FAO ECOCROP
Rwanda,Northern,Rulindo,Sandy,sandy,84,Agricultural,2109,1003.0,159.0,13.8,63.2,5.84,potato,C,92,2023-12-25,High potential,"Volcanic highlands (Musanze, Burera, Nyabihu). Cool, wet, Irish potato and wheat belt.",RAB; CIP / RwaSIS; FAO ECOCROP; OFRA Rwanda
Rwanda,Northern,Rulindo,Loamy,loamy,71,Fallow,2022,1102.0,448.0,17.1,74.9,5.63,sweet_potato,A,99,2023-09-12,High potential,"Volcanic highlands (Musanze, Burera, Nyabihu). Cool, wet, Irish potato and wheat belt.",RAB; CIP; FAO ECOCROP
Rwanda,Northern,Rulindo,Sandy,sandy,83,Agricultural,1987,1457.0,677.0,20.1,75.8,5.85,potato,B,99,2024-02-05,High potential,"Volcanic highlands (Musanze, Burera, Nyabihu). Cool, wet, Irish potato and wheat belt.",RAB; CIP / RwaSIS; FAO ECOCROP; OFRA Rwanda
Rwanda,Northern,Rulindo,Loamy,loamy,80,Marshland,2360,1070.0,179.0,14.8,65.5,5.77,potato,C,93,2025-06-05,High potential,"Volcanic highlands (Musanze, Burera, Nyabihu). Cool, wet, Irish potato and wheat belt.",RAB; CIP / RwaSIS; FAO ECOCROP; OFRA Rwanda
Rwanda,Northern,Rulindo,Sandy,sandy,69,Agricultural,2073,1229.0,404.0,15.4,73.1,5.12,maize,A,94,2023-12-21,High potential,"Volcanic highlands (Musanze, Burera, Nyabihu). Cool, wet, Irish potato and wheat belt.",RAB CIP; OFRA Rwanda; FAO ECOCROP
Rwanda,Northern,Rulindo,Sandy,sandy,89,Agricultural,2298,1415.0,670.0,16.4,78.6,5.46,beans,B,78,2024-11-26,Moderate potential,"Volcanic highlands (Musanze, Burera, Nyabihu). Cool, wet, Irish potato and wheat belt.",RAB; OFRA Rwanda; NISR
Rwanda,Northern,Rulindo,Sandy,sandy,64,Agricultural,1911,1294.0,217.0,15.5,64.6,5.89,potato,C,94,2025-03-21,High potential,"Volcanic highlands (Musanze, Burera, Nyabihu). Cool, wet, Irish potato and wheat belt.",RAB; CIP / RwaSIS; FAO ECOCROP; OFRA Rwanda
Rwanda,Northern,Rulindo,Sandy,sandy,68,Agricultural,2279,1169.0,438.0,18.1,80.1,5.27,maize,A,97,2024-01-14,High potential,"Volcanic highlands (Musanze, Burera, Nyabihu). Cool, wet, Irish potato and wheat belt.",RAB CIP; OFRA Rwanda; FAO ECOCROP
Rwanda,Northern,Rulindo,Loamy,loamy,68,Agricultural,2305,1278.0,506.0,17.4,77.4,5.06,beans,B,96,2024-10-04,High potential,"Volcanic highlands (Musanze, Burera, Nyabihu). Cool, wet, Irish potato and wheat belt.",RAB; OFRA Rwanda; NISR
Rwanda,Northern,Rulindo,Clayey,clayey,61,Agricultural,1990,1061.0,207.0,15.0,65.0,5.09,sweet_potato,C,71,2025-04-01,Moderate potential,"Volcanic highlands (Musanze, Burera, Nyabihu). Cool, wet, Irish potato and wheat belt.",RAB; CIP; FAO ECOCROP
Rwanda,Northern,Rulindo,Sandy,sandy,69,Agricultural,2048,1103.0,356.0,18.4,83.1,5.84,potato,A,96,2024-06-04,High potential,"Volcanic highlands (Musanze, Burera, Nyabihu). Cool, wet, Irish potato and wheat belt.",RAB; CIP / RwaSIS; FAO ECOCROP; OFRA Rwanda
Rwanda,Northern,Rulindo,Clayey,clayey,70,Agricultural,2461,1459.0,752.0,18.2,79.9,6.35,beans,B,100,2023-12-09,High potential,"Volcanic highlands (Musanze, Burera, Nyabihu). Cool, wet, Irish potato and wheat belt.",RAB; OFRA Rwanda; NISR
Rwanda,Northern,Rulindo,Clayey,clayey,80,Agricultural,2271,1003.0,176.0,14.6,68.7,6.38,potato,C,71,2024-09-26,Moderate potential,"Volcanic highlands (Musanze, Burera, Nyabihu). Cool, wet, Irish potato and wheat belt.",RAB; CIP / RwaSIS; FAO ECOCROP; OFRA Rwanda
Rwanda,Northern,Rulindo,Clayey,clayey,81,Agricultural,2238,1184.0,383.0,17.0,81.1,5.71,sweet_potato,A,77,2025-06-17,Moderate potential,"Volcanic highlands (Musanze, Burera, Nyabihu). Cool, wet, Irish potato and wheat belt.",RAB; CIP; FAO ECOCROP
Rwanda,Northern,Rulindo,Clayey,clayey,77,Agricultural,2002,1102.0,550.0,17.0,82.9,5.2,maize,B,98,2024-10-30,High potential,"Volcanic highlands (Musanze, Burera, Nyabihu). Cool, wet, Irish potato and wheat belt.",RAB CIP; OFRA Rwanda; FAO ECOCROP
Rwanda,Northern,Rulindo,Loamy,loamy,77,Agricultural,2198,1141.0,170.0,13.9,66.3,5.22,potato,C,93,2025-06-14,High potential,"Volcanic highlands (Musanze, Burera, Nyabihu). Cool, wet, Irish potato and wheat belt.",RAB; CIP / RwaSIS; FAO ECOCROP; OFRA Rwanda
Rwanda,Northern,Rulindo,Sandy,sandy,67,Agricultural,1843,1438.0,533.0,16.8,79.5,5.01,maize,A,96,2025-07-18,High potential,"Volcanic highlands (Musanze, Burera, Nyabihu). Cool, wet, Irish potato and wheat belt.",RAB CIP; OFRA Rwanda; FAO ECOCROP
Rwanda,Northern,Rulindo,Clayey,clayey,70,Agricultural,2228,1297.0,627.0,19.1,84.1,5.5,potato,B,77,2023-09-10,Moderate potential,"Volcanic highlands (Musanze, Burera, Nyabihu). Cool, wet, Irish potato and wheat belt.",RAB; CIP / RwaSIS; FAO ECOCROP; OFRA Rwanda
Rwanda,Northern,Rulindo,Loamy,loamy,90,Agricultural,2274,1321.0,200.0,15.7,68.3,6.13,potato,C,94,2024-03-25,High potential,"Volcanic highlands (Musanze, Burera, Nyabihu). Cool, wet, Irish potato and wheat belt.",RAB; CIP / RwaSIS; FAO ECOCROP; OFRA Rwanda
Rwanda,Northern,Rulindo,Clayey,clayey,74,Fallow,1810,1253.0,419.0,16.7,88.7,5.23,wheat,A,92,2023-12-02,High potential,"Volcanic highlands (Musanze, Burera, Nyabihu). Cool, wet, Irish potato and wheat belt.",RAB CIP; OFRA Rwanda
Rwanda,Northern,Rulindo,Loamy,loamy,64,Agricultural,1880,1472.0,746.0,18.6,79.4,5.42,beans,B,99,2024-03-26,High potential,"Volcanic highlands (Musanze, Burera, Nyabihu). Cool, wet, Irish potato and wheat belt.",RAB; OFRA Rwanda; NISR
Rwanda,Northern,Rulindo,Loamy,loamy,84,Marshland,2273,1392.0,220.0,15.3,68.1,5.68,beans,C,98,2023-09-27,High potential,"Volcanic highlands (Musanze, Burera, Nyabihu). Cool, wet, Irish potato and wheat belt.",RAB; OFRA Rwanda; NISR
Rwanda,Northern,Rulindo,Loamy,loamy,69,Agricultural,1850,1039.0,345.0,16.8,80.3,5.97,potato,A,96,2025-04-11,High potential,"Volcanic highlands (Musanze, Burera, Nyabihu). Cool, wet, Irish potato and wheat belt.",RAB; CIP / RwaSIS; FAO ECOCROP; OFRA Rwanda
Rwanda,Northern,Rulindo,Loamy,loamy,67,Agricultural,1921,1460.0,748.0,17.0,82.3,5.83,wheat,B,99,2024-11-23,High potential,"Volcanic highlands (Musanze, Burera, Nyabihu). Cool, wet, Irish potato and wheat belt.",RAB CIP; OFRA Rwanda
Rwanda,Northern,Rulindo,Sandy,sandy,74,Agricultural,1823,1175.0,176.0,14.7,69.7,5.93,pea,C,97,2023-11-11,High potential,"Volcanic highlands (Musanze, Burera, Nyabihu). Cool, wet, Irish potato and wheat belt.",RAB; FAO ECOCROP
Rwanda,Northern,Rulindo,Loamy,loamy,65,Agricultural,2124,1209.0,403.0,17.6,77.8,5.61,potato,A,96,2024-05-04,High potential,"Volcanic highlands (Musanze, Burera, Nyabihu). Cool, wet, Irish potato and wheat belt.",RAB; CIP / RwaSIS; FAO ECOCROP; OFRA Rwanda
Rwanda,Northern,Rulindo,Clayey,clayey,64,Homestead,1818,1521.0,684.0,20.4,86.0,5.67,maize,B,99,2024-07-29,High potential,"Volcanic highlands (Musanze, Burera, Nyabihu). Cool, wet, Irish potato and wheat belt.",RAB CIP; OFRA Rwanda; FAO ECOCROP
Rwanda,Northern,Rulindo,Clayey,clayey,67,Agricultural,2364,990.0,147.0,16.0,59.2,6.31,beans,C,97,2025-06-17,High potential,"Volcanic highlands (Musanze, Burera, Nyabihu). Cool, wet, Irish potato and wheat belt.",RAB; OFRA Rwanda; NISR
Rwanda,Northern,Rulindo,Clayey,clayey,84,Agricultural,2018,1352.0,452.0,18.4,81.6,5.12,pea,A,75,2025-07-12,Moderate potential,"Volcanic highlands (Musanze, Burera, Nyabihu). Cool, wet, Irish potato and wheat belt.",RAB; FAO ECOCROP
Rwanda,Northern,Rulindo,Sandy,sandy,81,Homestead,2205,1435.0,713.0,17.0,76.6,5.71,wheat,B,78,2024-02-04,Moderate potential,"Volcanic highlands (Musanze, Burera, Nyabihu). Cool, wet, Irish potato and wheat belt.",RAB CIP; OFRA Rwanda
Rwanda,Northern,Rulindo,Loamy,loamy,85,Agricultural,2004,1108.0,190.0,15.7,62.4,6.24,pea,C,97,2024-01-10,High potential,"Volcanic highlands (Musanze, Burera, Nyabihu). Cool, wet, Irish potato and wheat belt.",RAB; FAO ECOCROP
Rwanda,Northern,Rulindo,Sandy,sandy,85,Agricultural,1896,1246.0,498.0,18.0,67.0,6.11,beans,A,78,2024-10-17,Moderate potential,"Volcanic highlands (Musanze, Burera, Nyabihu). Cool, wet, Irish potato and wheat belt.",RAB; OFRA Rwanda; NISR
Rwanda,Northern,Rulindo,Clayey,clayey,77,Agricultural,2192,1058.0,475.0,17.5,74.3,5.5,beans,B,100,2024-09-29,High potential,"Volcanic highlands (Musanze, Burera, Nyabihu). Cool, wet, Irish potato and wheat belt.",RAB; OFRA Rwanda; NISR
Rwanda,Northern,Rulindo,Loamy,loamy,80,Agricultural,2211,1232.0,198.0,16.7,62.0,5.46,tomato,C,97,2024-12-29,High potential,"Volcanic highlands (Musanze, Burera, Nyabihu). Cool, wet, Irish potato and wheat belt.",RAB; FAO ECOCROP
Rwanda,Northern,Rulindo,Loamy,loamy,71,Agricultural,2155,1036.0,436.0,17.1,80.2,5.23,beans,A,98,2024-11-02,High potential,"Volcanic highlands (Musanze, Burera, Nyabihu). Cool, wet, Irish potato and wheat belt.",RAB; OFRA Rwanda; NISR
Rwanda,Northern,Rulindo,Clayey,clayey,88,Agricultural,2162,1209.0,613.0,20.2,85.8,5.78,potato,B,76,2024-01-20,Moderate potential,"Volcanic highlands (Musanze, Burera, Nyabihu). Cool, wet, Irish potato and wheat belt.",RAB; CIP / RwaSIS; FAO ECOCROP; OFRA Rwanda
Rwanda,Northern,Rulindo,Clayey,clayey,80,Agricultural,1819,1043.0,188.0,14.7,67.6,6.36,sweet_potato,C,71,2025-04-27,Moderate potential,"Volcanic highlands (Musanze, Burera, Nyabihu). Cool, wet, Irish potato and wheat belt.",RAB; CIP; FAO ECOCROP
Rwanda,Northern,Rulindo,Sandy,sandy,62,Homestead,2108,1312.0,434.0,15.8,76.7,6.17,sweet_potato,A,99,2024-09-01,High potential,"Volcanic highlands (Musanze, Burera, Nyabihu). Cool, wet, Irish potato and wheat belt.",RAB; CIP; FAO ECOCROP
Rwanda,Northern,Rulindo,Sandy,sandy,90,Agricultural,1893,1168.0,463.0,17.2,81.0,5.92,potato,B,97,2024-09-11,High potential,"Volcanic highlands (Musanze, Burera, Nyabihu). Cool, wet, Irish potato and wheat belt.",RAB; CIP / RwaSIS; FAO ECOCROP; OFRA Rwanda
Rwanda,Northern,Rulindo,Clayey,clayey,69,Agricultural,2149,1245.0,234.0,14.1,58.5,6.21,potato,C,69,2024-04-27,Moderate potential,"Volcanic highlands (Musanze, Burera, Nyabihu). Cool, wet, Irish potato and wheat belt.",RAB; CIP / RwaSIS; FAO ECOCROP; OFRA Rwanda
Rwanda,Northern,Rulindo,Clayey,clayey,73,Agricultural,2375,1059.0,448.0,17.8,80.2,6.29,potato,A,75,2024-01-04,Moderate potential,"Volcanic highlands (Musanze, Burera, Nyabihu). Cool, wet, Irish potato and wheat belt.",RAB; CIP / RwaSIS; FAO ECOCROP; OFRA Rwanda
Rwanda,Northern,Rulindo,Sandy,sandy,90,Agricultural,2021,1191.0,457.0,17.2,79.9,5.83,pea,B,100,2024-03-03,High potential,"Volcanic highlands (Musanze, Burera, Nyabihu). Cool, wet, Irish potato and wheat belt.",RAB; FAO ECOCROP
Rwanda,Northern,Rulindo,Loamy,loamy,89,Agricultural,2375,1134.0,208.0,13.9,65.1,5.46,potato,C,94,2025-03-22,High potential,"Volcanic highlands (Musanze, Burera, Nyabihu). Cool, wet, Irish potato and wheat belt.",RAB; CIP / RwaSIS; FAO ECOCROP; OFRA Rwanda
Rwanda,Northern,Rulindo,Clayey,clayey,60,Marshland,1821,1372.0,590.0,16.9,80.5,6.26,wheat,A,100,2023-09-15,High potential,"Volcanic highlands (Musanze, Burera, Nyabihu). Cool, wet, Irish potato and wheat belt.",RAB CIP; OFRA Rwanda
Rwanda,Northern,Rulindo,Clayey,clayey,72,Agricultural,2011,1202.0,588.0,17.2,81.7,5.87,beans,B,100,2025-03-09,High potential,"Volcanic highlands (Musanze, Burera, Nyabihu). Cool, wet, Irish potato and wheat belt.",RAB; OFRA Rwanda; NISR
Rwanda,Northern,Rulindo,Sandy,sandy,73,Homestead,2100,1150.0,192.0,14.1,67.3,6.16,sweet_potato,C,91,2025-05-29,High potential,"Volcanic highlands (Musanze, Burera, Nyabihu). Cool, wet, Irish potato and wheat belt.",RAB; CIP; FAO ECOCROP
Rwanda,Northern,Rulindo,Clayey,clayey,66,Agricultural,2325,1397.0,541.0,16.8,82.2,5.98,maize,A,100,2024-04-01,High potential,"Volcanic highlands (Musanze, Burera, Nyabihu). Cool, wet, Irish potato and wheat belt.",RAB CIP; OFRA Rwanda; FAO ECOCROP
Rwanda,Northern,Rulindo,Sandy,sandy,66,Agricultural,2324,1305.0,643.0,17.9,73.2,6.0,maize,B,100,2025-02-12,High potential,"Volcanic highlands (Musanze, Burera, Nyabihu). Cool, wet, Irish potato and wheat belt.",RAB CIP; OFRA Rwanda; FAO ECOCROP
Rwanda,Northern,Rulindo,Sandy,sandy,83,Marshland,2148,984.0,178.0,15.5,69.9,5.79,pea,C,97,2024-11-01,High potential,"Volcanic highlands (Musanze, Burera, Nyabihu). Cool, wet, Irish potato and wheat belt.",RAB; FAO ECOCROP
Rwanda,Northern,Rulindo,Clayey,clayey,68,Agricultural,2425,1465.0,635.0,19.7,81.2,6.29,pea,A,78,2025-02-10,Moderate potential,"Volcanic highlands (Musanze, Burera, Nyabihu). Cool, wet, Irish potato and wheat belt.",RAB; FAO ECOCROP
Rwanda,Northern,Rulindo,Loamy,loamy,84,Agricultural,2154,1320.0,524.0,17.2,82.4,5.53,tomato,B,99,2024-12-19,High potential,"Volcanic highlands (Musanze, Burera, Nyabihu). Cool, wet, Irish potato and wheat belt.",RAB; FAO ECOCROP
Rwanda,Northern,Rulindo,Sandy,sandy,64,Marshland,2240,939.0,158.0,14.8,68.9,5.23,potato,C,93,2025-01-06,High potential,"Volcanic highlands (Musanze, Burera, Nyabihu). Cool, wet, Irish potato and wheat belt.",RAB; CIP / RwaSIS; FAO ECOCROP; OFRA Rwanda
Rwanda,Northern,Rulindo,Loamy,loamy,76,Agricultural,2421,1157.0,491.0,16.7,78.9,5.76,wheat,A,100,2023-12-05,High potential,"Volcanic highlands (Musanze, Burera, Nyabihu). Cool, wet, Irish potato and wheat belt.",RAB CIP; OFRA Rwanda
Rwanda,Northern,Rulindo,Clayey,clayey,74,Agricultural,1997,1126.0,562.0,18.4,90.3,5.77,beans,B,97,2024-04-28,High potential,"Volcanic highlands (Musanze, Burera, Nyabihu). Cool, wet, Irish potato and wheat belt.",RAB; OFRA Rwanda; NISR
Rwanda,Northern,Rulindo,Loamy,loamy,78,Homestead,2153,1382.0,236.0,15.9,59.8,6.0,beans,C,98,2025-05-14,High potential,"Volcanic highlands (Musanze, Burera, Nyabihu). Cool, wet, Irish potato and wheat belt.",RAB; OFRA Rwanda; NISR
Rwanda,Northern,Rulindo,Loamy,loamy,90,Agricultural,1926,1237.0,518.0,19.0,81.5,5.43,maize,A,99,2025-02-15,High potential,"Volcanic highlands (Musanze, Burera, Nyabihu). Cool, wet, Irish potato and wheat belt.",RAB CIP; OFRA Rwanda; FAO ECOCROP
Rwanda,Northern,Rulindo,Loamy,loamy,64,Agricultural,1851,1253.0,523.0,16.8,80.9,6.04,beans,B,100,2024-11-12,High potential,"Volcanic highlands (Musanze, Burera, Nyabihu). Cool, wet, Irish potato and wheat belt.",RAB; OFRA Rwanda; NISR
Rwanda,Northern,Rulindo,Clayey,clayey,72,Marshland,2072,1296.0,219.0,16.8,67.5,6.09,tomato,C,76,2024-03-23,Moderate potential,"Volcanic highlands (Musanze, Burera, Nyabihu). Cool, wet, Irish potato and wheat belt.",RAB; FAO ECOCROP
Rwanda,Northern,Rulindo,Loamy,loamy,83,Fallow,2418,1040.0,454.0,18.2,72.4,6.22,potato,A,97,2024-02-15,High potential,"Volcanic highlands (Musanze, Burera, Nyabihu). Cool, wet, Irish potato and wheat belt.",RAB; CIP / RwaSIS; FAO ECOCROP; OFRA Rwanda
Rwanda,Northern,Rulindo,Sandy,sandy,68,Agricultural,1973,1182.0,453.0,17.8,82.1,5.2,wheat,B,74,2024-02-20,Moderate potential,"Volcanic highlands (Musanze, Burera, Nyabihu). Cool, wet, Irish potato and wheat belt.",RAB CIP; OFRA Rwanda
Rwanda,Northern,Rulindo,Loamy,loamy,73,Agricultural,2056,1283.0,225.0,15.7,59.7,5.97,beans,C,98,2025-04-11,High potential,"Volcanic highlands (Musanze, Burera, Nyabihu). Cool, wet, Irish potato and wheat belt.",RAB; OFRA Rwanda; NISR
Rwanda,Northern,Rulindo,Loamy,loamy,89,Homestead,2039,1223.0,512.0,18.6,76.7,5.94,maize,A,100,2024-09-27,High potential,"Volcanic highlands (Musanze, Burera, Nyabihu). Cool, wet, Irish potato and wheat belt.",RAB CIP; OFRA Rwanda; FAO ECOCROP
Rwanda,Northern,Rulindo,Sandy,sandy,74,Agricultural,2212,1130.0,524.0,17.6,79.4,5.58,beans,B,78,2024-10-02,Moderate potential,"Volcanic highlands (Musanze, Burera, Nyabihu). Cool, wet, Irish potato and wheat belt.",RAB; OFRA Rwanda; NISR
Rwanda,Northern,Rulindo,Loamy,loamy,66,Agricultural,2107,1033.0,192.0,16.3,64.0,5.25,sweet_potato,C,96,2023-10-07,High potential,"Volcanic highlands (Musanze, Burera, Nyabihu). Cool, wet, Irish potato and wheat belt.",RAB; CIP; FAO ECOCROP
Rwanda,Northern,Rulindo,Clayey,clayey,88,Agricultural,2016,1407.0,502.0,17.4,83.5,5.29,maize,A,98,2025-02-15,High potential,"Volcanic highlands (Musanze, Burera, Nyabihu). Cool, wet, Irish potato and wheat belt.",RAB CIP; OFRA Rwanda; FAO ECOCROP
Rwanda,Northern,Rulindo,Sandy,sandy,62,Agricultural,1972,1059.0,535.0,18.3,81.7,6.25,beans,B,78,2024-12-19,Moderate potential,"Volcanic highlands (Musanze, Burera, Nyabihu). Cool, wet, Irish potato and wheat belt.",RAB; OFRA Rwanda; NISR
Rwanda,Northern,Rulindo,Clayey,clayey,82,Agricultural,2007,1140.0,186.0,17.6,65.3,5.86,beans,C,97,2025-06-09,High potential,"Volcanic highlands (Musanze, Burera, Nyabihu). Cool, wet, Irish potato and wheat belt.",RAB; OFRA Rwanda; NISR
Rwanda,Northern,Rulindo,Sandy,sandy,87,Agricultural,1800,1145.0,377.0,19.1,85.2,6.03,pea,A,100,2023-12-29,High potential,"Volcanic highlands (Musanze, Burera, Nyabihu). Cool, wet, Irish potato and wheat belt.",RAB; FAO ECOCROP
Rwanda,Northern,Rulindo,Clayey,clayey,81,Agricultural,1827,1244.0,579.0,19.4,85.9,5.53,maize,B,100,2024-11-10,High potential,"Volcanic highlands (Musanze, Burera, Nyabihu). Cool, wet, Irish potato and wheat belt.",RAB CIP; OFRA Rwanda; FAO ECOCROP
Rwanda,Northern,Rulindo,Sandy,sandy,76,Agricultural,2322,1045.0,152.0,15.3,67.6,5.6,potato,C,93,2025-05-11,High potential,"Volcanic highlands (Musanze, Burera, Nyabihu). Cool, wet, Irish potato and wheat belt.",RAB; CIP / RwaSIS; FAO ECOCROP; OFRA Rwanda
Rwanda,Northern,Rulindo,Clayey,clayey,85,Agricultural,2107,1089.0,393.0,18.9,75.2,5.94,beans,A,100,2025-01-14,High potential,"Volcanic highlands (Musanze, Burera, Nyabihu). Cool, wet, Irish potato and wheat belt.",RAB; OFRA Rwanda; NISR
Rwanda,Northern,Rulindo,Loamy,loamy,83,Agricultural,2367,1474.0,709.0,20.1,82.2,6.12,tomato,B,99,2025-06-16,High potential,"Volcanic highlands (Musanze, Burera, Nyabihu). Cool, wet, Irish potato and wheat belt.",RAB; FAO ECOCROP
Rwanda,Northern,Rulindo,Clayey,clayey,78,Agricultural,1974,1192.0,221.0,15.1,59.8,6.35,potato,C,69,2023-11-10,Moderate potential,"Volcanic highlands (Musanze, Burera, Nyabihu). Cool, wet, Irish potato and wheat belt.",RAB; CIP / RwaSIS; FAO ECOCROP; OFRA Rwanda
Rwanda,Northern,Rulindo,Clayey,clayey,89,Agricultural,1954,1281.0,438.0,17.3,72.1,6.36,pea,A,78,2024-02-26,Moderate potential,"Volcanic highlands (Musanze, Burera, Nyabihu). Cool, wet, Irish potato and wheat belt.",RAB; FAO ECOCROP
Rwanda,Northern,Rulindo,Sandy,sandy,63,Agricultural,2302,1162.0,525.0,18.8,84.9,5.13,tomato,B,95,2025-04-25,High potential,"Volcanic highlands (Musanze, Burera, Nyabihu). Cool, wet, Irish potato and wheat belt.",RAB; FAO ECOCROP
Rwanda,Northern,Rulindo,Sandy,sandy,69,Agricultural,2061,1182.0,216.0,14.8,66.3,5.65,sweet_potato,C,93,2024-04-28,High potential,"Volcanic highlands (Musanze, Burera, Nyabihu). Cool, wet, Irish potato and wheat belt.",RAB; CIP; FAO ECOCROP
Rwanda,Northern,Rulindo,Loamy,loamy,69,Agricultural,1974,1465.0,528.0,18.2,80.3,5.12,maize,A,97,2024-06-24,High potential,"Volcanic highlands (Musanze, Burera, Nyabihu). Cool, wet, Irish potato and wheat belt.",RAB CIP; OFRA Rwanda; FAO ECOCROP
Rwanda,Northern,Rulindo,Sandy,sandy,75,Marshland,2263,1377.0,705.0,17.2,84.2,5.95,maize,B,100,2025-03-26,High potential,"Volcanic highlands (Musanze, Burera, Nyabihu). Cool, wet, Irish potato and wheat belt.",RAB CIP; OFRA Rwanda; FAO ECOCROP
Rwanda,Northern,Rulindo,Clayey,clayey,68,Agricultural,2454,1356.0,202.0,16.8,67.9,6.17,beans,C,98,2024-05-07,High potential,"Volcanic highlands (Musanze, Burera, Nyabihu). Cool, wet, Irish potato and wheat belt.",RAB; OFRA Rwanda; NISR
Rwanda,Northern,Rulindo,Sandy,sandy,88,Agricultural,2281,1177.0,474.0,16.3,77.8,5.31,wheat,A,76,2024-04-15,Moderate potential,"Volcanic highlands (Musanze, Burera, Nyabihu). Cool, wet, Irish potato and wheat belt.",RAB CIP; OFRA Rwanda
Rwanda,Northern,Rulindo,Loamy,loamy,64,Agricultural,1810,1373.0,602.0,18.6,81.4,5.38,maize,B,99,2023-10-24,High potential,"Volcanic highlands (Musanze, Burera, Nyabihu). Cool, wet, Irish potato and wheat belt.",RAB CIP; OFRA Rwanda; FAO ECOCROP
Rwanda,Northern,Rulindo,Clayey,clayey,65,Agricultural,2456,1271.0,244.0,15.8,66.8,6.12,beans,C,98,2024-10-02,High potential,"Volcanic highlands (Musanze, Burera, Nyabihu). Cool, wet, Irish potato and wheat belt.",RAB; OFRA Rwanda; NISR
Rwanda,Northern,Rulindo,Clayey,clayey,64,Marshland,2280,1196.0,445.0,17.9,80.5,5.39,sweet_potato,A,77,2024-11-17,Moderate potential,"Volcanic highlands (Musanze, Burera, Nyabihu). Cool, wet, Irish potato and wheat belt.",RAB; CIP; FAO ECOCROP
Rwanda,Northern,Rulindo,Clayey,clayey,79,Agricultural,2363,1389.0,582.0,17.4,80.0,5.46,maize,B,100,2025-06-16,High potential,"Volcanic highlands (Musanze, Burera, Nyabihu). Cool, wet, Irish potato and wheat belt.",RAB CIP; OFRA Rwanda; FAO ECOCROP
Rwanda,Northern,Rulindo,Clayey,clayey,90,Marshland,1827,1144.0,191.0,18.4,63.5,5.96,tomato,C,75,2024-07-02,Moderate potential,"Volcanic highlands (Musanze, Burera, Nyabihu). Cool, wet, Irish potato and wheat belt.",RAB; FAO ECOCROP
Rwanda,Northern,Rulindo,Clayey,clayey,81,Agricultural,2062,1294.0,559.0,17.3,76.0,5.71,maize,A,100,2025-01-25,High potential,"Volcanic highlands (Musanze, Burera, Nyabihu). Cool, wet, Irish potato and wheat belt.",RAB CIP; OFRA Rwanda; FAO ECOCROP
Rwanda,Northern,Rulindo,Loamy,loamy,68,Marshland,1954,1170.0,509.0,17.4,85.0,5.85,pea,B,100,2023-12-11,High potential,"Volcanic highlands (Musanze, Burera, Nyabihu). Cool, wet, Irish potato and wheat belt.",RAB; FAO ECOCROP
Rwanda,Northern,Rulindo,Sandy,sandy,81,Agricultural,2188,999.0,162.0,14.8,59.6,6.33,pea,C,97,2024-04-14,High potential,"Volcanic highlands (Musanze, Burera, Nyabihu). Cool, wet, Irish potato and wheat belt.",RAB; FAO ECOCROP
Rwanda,Northern,Rulindo,Loamy,loamy,85,Fallow,1884,1187.0,411.0,15.5,79.5,5.16,potato,A,96,2024-11-23,High potential,"Volcanic highlands (Musanze, Burera, Nyabihu). Cool, wet, Irish potato and wheat belt.",RAB; CIP / RwaSIS; FAO ECOCROP; OFRA Rwanda
Rwanda,Northern,Rulindo,Loamy,loamy,60,Fallow,2416,1260.0,638.0,19.9,80.0,6.0,wheat,B,100,2024-07-21,High potential,"Volcanic highlands (Musanze, Burera, Nyabihu). Cool, wet, Irish potato and wheat belt.",RAB CIP; OFRA Rwanda
Rwanda,Northern,Rulindo,Loamy,loamy,74,Agricultural,2161,1331.0,202.0,13.5,60.8,5.93,beans,C,94,2025-04-10,High potential,"Volcanic highlands (Musanze, Burera, Nyabihu). Cool, wet, Irish potato and wheat belt.",RAB; OFRA Rwanda; NISR
Rwanda,Northern,Rulindo,Sandy,sandy,79,Agricultural,2315,1080.0,373.0,16.7,78.6,5.2,sweet_potato,A,98,2025-03-21,High potential,"Volcanic highlands (Musanze, Burera, Nyabihu). Cool, wet, Irish potato and wheat belt.",RAB; CIP; FAO ECOCROP
Rwanda,Northern,Rulindo,Clayey,clayey,60,Marshland,2132,1463.0,722.0,19.2,79.1,5.72,beans,B,100,2024-03-17,High potential,"Volcanic highlands (Musanze, Burera, Nyabihu). Cool, wet, Irish potato and wheat belt.",RAB; OFRA Rwanda; NISR
Rwanda,Northern,Rulindo,Clayey,clayey,72,Agricultural,2406,1222.0,203.0,14.9,64.0,5.3,beans,C,96,2025-04-29,High potential,"Volcanic highlands (Musanze, Burera, Nyabihu). Cool, wet, Irish potato and wheat belt.",RAB; OFRA Rwanda; NISR
Rwanda,Northern,Rulindo,Sandy,sandy,62,Agricultural,2437,1261.0,526.0,16.7,83.7,5.19,maize,A,98,2025-03-07,High potential,"Volcanic highlands (Musanze, Burera, Nyabihu). Cool, wet, Irish potato and wheat belt.",RAB CIP; OFRA Rwanda; FAO ECOCROP
Rwanda,Northern,Rulindo,Loamy,loamy,75,Agricultural,2359,1162.0,546.0,18.2,89.4,5.7,pea,B,98,2023-11-05,High potential,"Volcanic highlands (Musanze, Burera, Nyabihu). Cool, wet, Irish potato and wheat belt.",RAB; FAO ECOCROP
Rwanda,Northern,Rulindo,Loamy,loamy,86,Agricultural,2413,1087.0,169.0,14.5,59.6,5.13,sweet_potato,C,92,2023-11-19,High potential,"Volcanic highlands (Musanze, Burera, Nyabihu). Cool, wet, Irish potato and wheat belt.",RAB; CIP; FAO ECOCROP
Rwanda,Northern,Rulindo,Clayey,clayey,89,Agricultural,1892,1051.0,411.0,18.4,73.3,6.38,beans,A,100,2025-06-24,High potential,"Volcanic highlands (Musanze, Burera, Nyabihu). Cool, wet, Irish potato and wheat belt.",RAB; OFRA Rwanda; NISR
Rwanda,Northern,Rulindo,Clayey,clayey,73,Agricultural,2149,1355.0,581.0,18.5,82.1,5.13,potato,B,77,2024-01-11,Moderate potential,"Volcanic highlands (Musanze, Burera, Nyabihu). Cool, wet, Irish potato and wheat belt.",RAB; CIP / RwaSIS; FAO ECOCROP; OFRA Rwanda
Rwanda,Northern,Rulindo,Loamy,loamy,64,Agricultural,2437,1154.0,171.0,13.9,66.2,5.28,pea,C,95,2023-10-09,High potential,"Volcanic highlands (Musanze, Burera, Nyabihu). Cool, wet, Irish potato and wheat belt.",RAB; FAO ECOCROP
Rwanda,Northern,Rulindo,Clayey,clayey,60,Agricultural,2060,1218.0,474.0,17.1,77.0,5.33,pea,A,77,2024-07-01,Moderate potential,"Volcanic highlands (Musanze, Burera, Nyabihu). Cool, wet, Irish potato and wheat belt.",RAB; FAO ECOCROP
Rwanda,Northern,Rulindo,Loamy,loamy,74,Agricultural,1805,1498.0,589.0,16.4,89.2,5.45,beans,B,98,2024-02-14,High potential,"Volcanic highlands (Musanze, Burera, Nyabihu). Cool, wet, Irish potato and wheat belt.",RAB; OFRA Rwanda; NISR
Rwanda,Northern,Rulindo,Loamy,loamy,72,Agricultural,1968,1070.0,174.0,18.0,58.6,6.19,tomato,C,97,2024-10-01,High potential,"Volcanic highlands (Musanze, Burera, Nyabihu). Cool, wet, Irish potato and wheat belt.",RAB; FAO ECOCROP
Rwanda,Northern,Rulindo,Loamy,loamy,75,Agricultural,1932,1296.0,458.0,17.3,76.7,5.24,maize,A,97,2025-06-12,High potential,"Volcanic highlands (Musanze, Burera, Nyabihu). Cool, wet, Irish potato and wheat belt.",RAB CIP; OFRA Rwanda; FAO ECOCROP
Rwanda,Northern,Rulindo,Clayey,clayey,90,Agricultural,1935,1230.0,590.0,18.6,82.1,5.31,wheat,B,97,2024-06-24,High potential,"Volcanic highlands (Musanze, Burera, Nyabihu). Cool, wet, Irish potato and wheat belt.",RAB CIP; OFRA Rwanda
Rwanda,Northern,Rulindo,Sandy,sandy,84,Agricultural,1926,1250.0,238.0,16.5,66.6,5.72,sweet_potato,C,97,2024-05-06,High potential,"Volcanic highlands (Musanze, Burera, Nyabihu). Cool, wet, Irish potato and wheat belt.",RAB; CIP; FAO ECOCROP
Rwanda,Northern,Rulindo,Clayey,clayey,87,Agricultural,2110,1401.0,513.0,16.7,80.8,6.15,maize,A,100,2024-12-30,High potential,"Volcanic highlands (Musanze, Burera, Nyabihu). Cool, wet, Irish potato and wheat belt.",RAB CIP; OFRA Rwanda; FAO ECOCROP
Rwanda,Northern,Rulindo,Sandy,sandy,88,Agricultural,2109,1147.0,496.0,20.5,81.7,6.0,potato,B,96,2025-06-26,High potential,"Volcanic highlands (Musanze, Burera, Nyabihu). Cool, wet, Irish potato and wheat belt.",RAB; CIP / RwaSIS; FAO ECOCROP; OFRA Rwanda
Rwanda,Northern,Gakenke,Clayey,clayey,63,Marshland,2076,1462.0,521.0,15.9,83.2,6.33,maize,A,100,2024-08-06,High potential,"Volcanic highlands (Musanze, Burera, Nyabihu). Cool, wet, Irish potato and wheat belt.",RAB CIP; OFRA Rwanda; FAO ECOCROP
Rwanda,Northern,Gakenke,Sandy,sandy,81,Agricultural,2372,1187.0,499.0,16.4,77.9,5.97,tomato,B,100,2025-05-30,High potential,"Volcanic highlands (Musanze, Burera, Nyabihu). Cool, wet, Irish potato and wheat belt.",RAB; FAO ECOCROP
Rwanda,Northern,Gakenke,Clayey,clayey,73,Agricultural,2202,1046.0,173.0,14.2,68.0,5.91,tomato,C,71,2025-06-14,Moderate potential,"Volcanic highlands (Musanze, Burera, Nyabihu). Cool, wet, Irish potato and wheat belt.",RAB; FAO ECOCROP
Rwanda,Northern,Gakenke,Loamy,loamy,71,Agricultural,2008,1219.0,469.0,17.3,82.8,6.29,beans,A,100,2024-09-12,High potential,"Volcanic highlands (Musanze, Burera, Nyabihu). Cool, wet, Irish potato and wheat belt.",RAB; OFRA Rwanda; NISR
Rwanda,Northern,Gakenke,Loamy,loamy,66,Agricultural,2026,1496.0,610.0,16.4,86.0,5.31,potato,B,99,2023-12-13,High potential,"Volcanic highlands (Musanze, Burera, Nyabihu). Cool, wet, Irish potato and wheat belt.",RAB; CIP / RwaSIS; FAO ECOCROP; OFRA Rwanda
Rwanda,Northern,Gakenke,Clayey,clayey,81,Agricultural,2273,1316.0,211.0,14.2,63.7,6.27,tomato,C,71,2023-11-06,Moderate potential,"Volcanic highlands (Musanze, Burera, Nyabihu). Cool, wet, Irish potato and wheat belt.",RAB; FAO ECOCROP
Rwanda,Northern,Gakenke,Sandy,sandy,78,Agricultural,2150,1225.0,511.0,17.0,77.5,6.08,potato,A,98,2024-04-10,High potential,"Volcanic highlands (Musanze, Burera, Nyabihu). Cool, wet, Irish potato and wheat belt.",RAB; CIP / RwaSIS; FAO ECOCROP; OFRA Rwanda
Rwanda,Northern,Gakenke,Sandy,sandy,78,Fallow,2083,1372.0,673.0,15.4,78.5,6.24,beans,B,78,2024-05-27,Moderate potential,"Volcanic highlands (Musanze, Burera, Nyabihu). Cool, wet, Irish potato and wheat belt.",RAB; OFRA Rwanda; NISR
Rwanda,Northern,Gakenke,Loamy,loamy,61,Agricultural,2099,1426.0,259.0,15.1,67.4,5.88,tomato,C,96,2023-12-10,High potential,"Volcanic highlands (Musanze, Burera, Nyabihu). Cool, wet, Irish potato and wheat belt.",RAB; FAO ECOCROP
Rwanda,Northern,Gakenke,Clayey,clayey,60,Agricultural,1800,1399.0,579.0,16.8,72.2,5.55,wheat,A,100,2024-09-05,High potential,"Volcanic highlands (Musanze, Burera, Nyabihu). Cool, wet, Irish potato and wheat belt.",RAB CIP; OFRA Rwanda
Rwanda,Northern,Gakenke,Clayey,clayey,90,Agricultural,1975,1139.0,503.0,18.1,81.6,5.58,potato,B,76,2024-04-18,Moderate potential,"Volcanic highlands (Musanze, Burera, Nyabihu). Cool, wet, Irish potato and wheat belt.",RAB; CIP / RwaSIS; FAO ECOCROP; OFRA Rwanda
Rwanda,Northern,Gakenke,Clayey,clayey,74,Agricultural,2266,1350.0,226.0,15.1,64.6,5.29,pea,C,74,2024-09-01,Moderate potential,"Volcanic highlands (Musanze, Burera, Nyabihu). Cool, wet, Irish potato and wheat belt.",RAB; FAO ECOCROP
Rwanda,Northern,Gakenke,Sandy,sandy,72,Agricultural,2176,1192.0,388.0,16.7,77.6,5.57,wheat,A,77,2025-05-11,Moderate potential,"Volcanic highlands (Musanze, Burera, Nyabihu). Cool, wet, Irish potato and wheat belt.",RAB CIP; OFRA Rwanda
Rwanda,Northern,Gakenke,Loamy,loamy,81,Homestead,2454,1483.0,690.0,14.2,80.1,6.38,tomato,B,95,2024-12-01,High potential,"Volcanic highlands (Musanze, Burera, Nyabihu). Cool, wet, Irish potato and wheat belt.",RAB; FAO ECOCROP
Rwanda,Northern,Gakenke,Sandy,sandy,88,Agricultural,1893,1287.0,239.0,14.5,61.7,5.15,potato,C,93,2025-06-25,High potential,"Volcanic highlands (Musanze, Burera, Nyabihu). Cool, wet, Irish potato and wheat belt.",RAB; CIP / RwaSIS; FAO ECOCROP; OFRA Rwanda
Rwanda,Northern,Gakenke,Loamy,loamy,62,Homestead,2452,1456.0,517.0,14.9,80.2,5.73,beans,A,100,2023-11-22,High potential,"Volcanic highlands (Musanze, Burera, Nyabihu). Cool, wet, Irish potato and wheat belt.",RAB; OFRA Rwanda; NISR
Rwanda,Northern,Gakenke,Loamy,loamy,88,Agricultural,2326,1452.0,676.0,19.1,80.6,6.04,maize,B,100,2024-12-20,High potential,"Volcanic highlands (Musanze, Burera, Nyabihu). Cool, wet, Irish potato and wheat belt.",RAB CIP; OFRA Rwanda; FAO ECOCROP
Rwanda,Northern,Gakenke,Clayey,clayey,73,Agricultural,1860,1172.0,176.0,15.1,61.8,5.79,potato,C,70,2024-01-08,Moderate potential,"Volcanic highlands (Musanze, Burera, Nyabihu). Cool, wet, Irish potato and wheat belt.",RAB; CIP / RwaSIS; FAO ECOCROP; OFRA Rwanda
Rwanda,Northern,Gakenke,Loamy,loamy,75,Agricultural,1907,1162.0,377.0,15.7,79.4,5.47,beans,A,99,2024-10-01,High potential,"Volcanic highlands (Musanze, Burera, Nyabihu). Cool, wet, Irish potato and wheat belt.",RAB; OFRA Rwanda; NISR
Rwanda,Northern,Gakenke,Sandy,sandy,78,Agricultural,2078,1265.0,489.0,16.3,83.4,6.03,tomato,B,98,2025-02-23,High potential,"Volcanic highlands (Musanze, Burera, Nyabihu). Cool, wet, Irish potato and wheat belt.",RAB; FAO ECOCROP
Rwanda,Northern,Gakenke,Loamy,loamy,74,Agricultural,2156,1345.0,251.0,14.3,78.8,5.67,pea,C,98,2024-06-21,High potential,"Volcanic highlands (Musanze, Burera, Nyabihu). Cool, wet, Irish potato and wheat belt.",RAB; FAO ECOCROP
Rwanda,Northern,Gakenke,Clayey,clayey,86,Agricultural,1907,1440.0,521.0,16.4,83.8,5.21,maize,A,98,2024-01-09,High potential,"Volcanic highlands (Musanze, Burera, Nyabihu). Cool, wet, Irish potato and wheat belt.",RAB CIP; OFRA Rwanda; FAO ECOCROP
Rwanda,Northern,Gakenke,Sandy,sandy,82,Agricultural,2422,1363.0,573.0,18.3,83.8,6.34,potato,B,98,2024-08-23,High potential,"Volcanic highlands (Musanze, Burera, Nyabihu). Cool, wet, Irish potato and wheat belt.",RAB; CIP / RwaSIS; FAO ECOCROP; OFRA Rwanda
Rwanda,Northern,Gakenke,Sandy,sandy,81,Marshland,2130,1417.0,259.0,14.4,67.0,6.4,sweet_potato,C,93,2024-07-31,High potential,"Volcanic highlands (Musanze, Burera, Nyabihu). Cool, wet, Irish potato and wheat belt.",RAB; CIP; FAO ECOCROP
Rwanda,Northern,Gakenke,Sandy,sandy,78,Agricultural,2290,1262.0,531.0,16.2,79.6,5.4,pea,A,99,2025-07-15,High potential,"Volcanic highlands (Musanze, Burera, Nyabihu). Cool, wet, Irish potato and wheat belt.",RAB; FAO ECOCROP
Rwanda,Northern,Gakenke,Loamy,loamy,79,Agricultural,2432,1213.0,499.0,17.1,83.5,6.39,wheat,B,98,2024-10-28,High potential,"Volcanic highlands (Musanze, Burera, Nyabihu). Cool, wet, Irish potato and wheat belt.",RAB CIP; OFRA Rwanda
Rwanda,Northern,Gakenke,Loamy,loamy,90,Agricultural,2173,1358.0,227.0,13.4,70.1,5.83,beans,C,94,2025-03-28,High potential,"Volcanic highlands (Musanze, Burera, Nyabihu). Cool, wet, Irish potato and wheat belt.",RAB; OFRA Rwanda; NISR
Rwanda,Northern,Gakenke,Loamy,loamy,82,Homestead,1925,1085.0,366.0,19.1,83.6,5.77,beans,A,100,2024-04-28,High potential,"Volcanic highlands (Musanze, Burera, Nyabihu). Cool, wet, Irish potato and wheat belt.",RAB; OFRA Rwanda; NISR
Rwanda,Northern,Gakenke,Clayey,clayey,73,Marshland,2455,1255.0,481.0,17.4,84.2,5.87,potato,B,75,2023-09-15,Moderate potential,"Volcanic highlands (Musanze, Burera, Nyabihu). Cool, wet, Irish potato and wheat belt.",RAB; CIP / RwaSIS; FAO ECOCROP; OFRA Rwanda
Rwanda,Northern,Gakenke,Sandy,sandy,72,Agricultural,2025,1231.0,191.0,16.3,67.2,5.77,sweet_potato,C,96,2023-10-12,High potential,"Volcanic highlands (Musanze, Burera, Nyabihu). Cool, wet, Irish potato and wheat belt.",RAB; CIP; FAO ECOCROP
Rwanda,Northern,Gakenke,Sandy,sandy,60,Agricultural,2389,1503.0,497.0,17.8,82.6,5.66,beans,A,78,2024-02-29,Moderate potential,"Volcanic highlands (Musanze, Burera, Nyabihu). Cool, wet, Irish potato and wheat belt.",RAB; OFRA Rwanda; NISR
Rwanda,Northern,Gakenke,Sandy,sandy,60,Homestead,2176,1146.0,526.0,17.0,84.6,5.33,potato,B,98,2025-01-24,High potential,"Volcanic highlands (Musanze, Burera, Nyabihu). Cool, wet, Irish potato and wheat belt.",RAB; CIP / RwaSIS; FAO ECOCROP; OFRA Rwanda
Rwanda,Northern,Gakenke,Sandy,sandy,78,Homestead,1836,1336.0,198.0,14.5,65.9,5.92,sweet_potato,C,92,2024-02-15,High potential,"Volcanic highlands (Musanze, Burera, Nyabihu). Cool, wet, Irish potato and wheat belt.",RAB; CIP; FAO ECOCROP
Rwanda,Northern,Gakenke,Sandy,sandy,89,Fallow,2452,1414.0,496.0,17.9,71.1,5.76,pea,A,100,2024-12-05,High potential,"Volcanic highlands (Musanze, Burera, Nyabihu). Cool, wet, Irish potato and wheat belt.",RAB; FAO ECOCROP
Rwanda,Northern,Gakenke,Sandy,sandy,87,Agricultural,1883,1357.0,598.0,16.1,85.5,5.4,tomato,B,96,2023-10-29,High potential,"Volcanic highlands (Musanze, Burera, Nyabihu). Cool, wet, Irish potato and wheat belt.",RAB; FAO ECOCROP
Rwanda,Northern,Gakenke,Sandy,sandy,78,Agricultural,2344,1156.0,169.0,14.9,72.4,5.73,potato,C,93,2024-04-12,High potential,"Volcanic highlands (Musanze, Burera, Nyabihu). Cool, wet, Irish potato and wheat belt.",RAB; CIP / RwaSIS; FAO ECOCROP; OFRA Rwanda
Rwanda,Northern,Gakenke,Clayey,clayey,64,Agricultural,2207,1216.0,414.0,14.0,81.2,6.01,maize,A,94,2023-11-25,High potential,"Volcanic highlands (Musanze, Burera, Nyabihu). Cool, wet, Irish potato and wheat belt.",RAB CIP; OFRA Rwanda; FAO ECOCROP
Rwanda,Northern,Gakenke,Loamy,loamy,76,Marshland,2394,1291.0,626.0,16.6,75.7,5.22,maize,B,98,2025-02-26,High potential,"Volcanic highlands (Musanze, Burera, Nyabihu). Cool, wet, Irish potato and wheat belt.",RAB CIP; OFRA Rwanda; FAO ECOCROP
Rwanda,Northern,Gakenke,Sandy,sandy,71,Agricultural,2413,1239.0,237.0,14.3,63.2,5.53,tomato,C,94,2024-08-10,High potential,"Volcanic highlands (Musanze, Burera, Nyabihu). Cool, wet, Irish potato and wheat belt.",RAB; FAO ECOCROP
Rwanda,Northern,Gakenke,Clayey,clayey,61,Agricultural,2457,1196.0,492.0,14.2,79.3,5.75,beans,A,98,2023-09-10,High potential,"Volcanic highlands (Musanze, Burera, Nyabihu). Cool, wet, Irish potato and wheat belt.",RAB; OFRA Rwanda; NISR
Rwanda,Northern,Gakenke,Clayey,clayey,76,Agricultural,1930,1375.0,636.0,17.8,79.8,5.53,maize,B,100,2023-12-09,High potential,"Volcanic highlands (Musanze, Burera, Nyabihu). Cool, wet, Irish potato and wheat belt.",RAB CIP; OFRA Rwanda; FAO ECOCROP
Rwanda,Northern,Gakenke,Loamy,loamy,60,Agricultural,2363,1363.0,237.0,15.6,66.9,5.79,beans,C,98,2025-04-03,High potential,"Volcanic highlands (Musanze, Burera, Nyabihu). Cool, wet, Irish potato and wheat belt.",RAB; OFRA Rwanda; NISR
Rwanda,Northern,Gakenke,Loamy,loamy,77,Agricultural,1876,1222.0,517.0,15.9,78.6,6.28,maize,A,100,2024-12-23,High potential,"Volcanic highlands (Musanze, Burera, Nyabihu). Cool, wet, Irish potato and wheat belt.",RAB CIP; OFRA Rwanda; FAO ECOCROP
Rwanda,Northern,Gakenke,Clayey,clayey,75,Agricultural,2031,1544.0,727.0,16.5,83.4,5.92,wheat,B,98,2024-09-04,High potential,"Volcanic highlands (Musanze, Burera, Nyabihu). Cool, wet, Irish potato and wheat belt.",RAB CIP; OFRA Rwanda
Rwanda,Northern,Gakenke,Loamy,loamy,66,Agricultural,2479,1367.0,226.0,12.9,60.9,5.46,tomato,C,90,2025-04-28,High potential,"Volcanic highlands (Musanze, Burera, Nyabihu). Cool, wet, Irish potato and wheat belt.",RAB; FAO ECOCROP
Rwanda,Northern,Gakenke,Clayey,clayey,65,Agricultural,1813,1186.0,506.0,16.1,69.3,5.39,potato,A,76,2024-11-27,Moderate potential,"Volcanic highlands (Musanze, Burera, Nyabihu). Cool, wet, Irish potato and wheat belt.",RAB; CIP / RwaSIS; FAO ECOCROP; OFRA Rwanda
Rwanda,Northern,Gakenke,Clayey,clayey,87,Marshland,2245,1246.0,640.0,16.5,77.5,5.64,tomato,B,78,2025-01-11,Moderate potential,"Volcanic highlands (Musanze, Burera, Nyabihu). Cool, wet, Irish potato and wheat belt.",RAB; FAO ECOCROP
Rwanda,Northern,Gakenke,Clayey,clayey,86,Fallow,2408,1050.0,180.0,14.8,66.9,5.73,beans,C,97,2025-04-18,High potential,"Volcanic highlands (Musanze, Burera, Nyabihu). Cool, wet, Irish potato and wheat belt.",RAB; OFRA Rwanda; NISR
Rwanda,Northern,Gakenke,Loamy,loamy,62,Agricultural,2340,1296.0,492.0,17.0,83.1,6.2,pea,A,100,2024-12-15,High potential,"Volcanic highlands (Musanze, Burera, Nyabihu). Cool, wet, Irish potato and wheat belt.",RAB; FAO ECOCROP
Rwanda,Northern,Gakenke,Sandy,sandy,79,Agricultural,1886,1290.0,526.0,15.7,81.8,6.06,wheat,B,77,2024-04-12,Moderate potential,"Volcanic highlands (Musanze, Burera, Nyabihu). Cool, wet, Irish potato and wheat belt.",RAB CIP; OFRA Rwanda
Rwanda,Northern,Gakenke,Clayey,clayey,79,Agricultural,2334,1052.0,175.0,14.4,58.2,5.42,tomato,C,71,2025-01-26,Moderate potential,"Volcanic highlands (Musanze, Burera, Nyabihu). Cool, wet, Irish potato and wheat belt.",RAB; FAO ECOCROP
Rwanda,Northern,Gakenke,Clayey,clayey,72,Agricultural,2477,1410.0,545.0,17.2,83.4,6.01,potato,A,76,2024-12-20,Moderate potential,"Volcanic highlands (Musanze, Burera, Nyabihu). Cool, wet, Irish potato and wheat belt.",RAB; CIP / RwaSIS; FAO ECOCROP; OFRA Rwanda
Rwanda,Northern,Gakenke,Clayey,clayey,60,Marshland,2267,1414.0,637.0,17.3,76.4,5.13,tomato,B,75,2025-01-04,Moderate potential,"Volcanic highlands (Musanze, Burera, Nyabihu). Cool, wet, Irish potato and wheat belt.",RAB; FAO ECOCROP
Rwanda,Northern,Gakenke,Loamy,loamy,71,Agricultural,2294,1448.0,235.0,15.4,63.3,5.38,potato,C,93,2025-07-18,High potential,"Volcanic highlands (Musanze, Burera, Nyabihu). Cool, wet, Irish potato and wheat belt.",RAB; CIP / RwaSIS; FAO ECOCROP; OFRA Rwanda
Rwanda,Northern,Gakenke,Sandy,sandy,70,Agricultural,1975,1387.0,448.0,16.9,73.7,5.95,potato,A,97,2025-04-26,High potential,"Volcanic highlands (Musanze, Burera, Nyabihu). Cool, wet, Irish potato and wheat belt.",RAB; CIP / RwaSIS; FAO ECOCROP; OFRA Rwanda
Rwanda,Northern,Gakenke,Clayey,clayey,82,Agricultural,1869,1548.0,649.0,17.5,84.4,6.14,maize,B,100,2023-12-22,High potential,"Volcanic highlands (Musanze, Burera, Nyabihu). Cool, wet, Irish potato and wheat belt.",RAB CIP; OFRA Rwanda; FAO ECOCROP
Rwanda,Northern,Gakenke,Sandy,sandy,81,Marshland,2055,1246.0,236.0,15.7,62.5,5.23,sweet_potato,C,96,2025-04-12,High potential,"Volcanic highlands (Musanze, Burera, Nyabihu). Cool, wet, Irish potato and wheat belt.",RAB; CIP; FAO ECOCROP
Rwanda,Northern,Gakenke,Loamy,loamy,85,Fallow,2463,1114.0,446.0,18.8,81.5,6.11,maize,A,99,2025-04-17,High potential,"Volcanic highlands (Musanze, Burera, Nyabihu). Cool, wet, Irish potato and wheat belt.",RAB CIP; OFRA Rwanda; FAO ECOCROP
Rwanda,Northern,Gakenke,Sandy,sandy,87,Agricultural,2148,1548.0,777.0,17.3,81.8,5.33,maize,B,99,2023-09-25,High potential,"Volcanic highlands (Musanze, Burera, Nyabihu). Cool, wet, Irish potato and wheat belt.",RAB CIP; OFRA Rwanda; FAO ECOCROP
Rwanda,Northern,Gakenke,Clayey,clayey,66,Fallow,2037,1084.0,179.0,16.4,61.4,5.87,beans,C,97,2025-06-08,High potential,"Volcanic highlands (Musanze, Burera, Nyabihu). Cool, wet, Irish potato and wheat belt.",RAB; OFRA Rwanda; NISR
Rwanda,Northern,Gakenke,Clayey,clayey,63,Marshland,2482,1466.0,510.0,16.2,72.0,5.15,beans,A,97,2024-06-28,High potential,"Volcanic highlands (Musanze, Burera, Nyabihu). Cool, wet, Irish potato and wheat belt.",RAB; OFRA Rwanda; NISR
Rwanda,Northern,Gakenke,Loamy,loamy,80,Agricultural,2251,1219.0,557.0,16.1,84.4,5.63,beans,B,100,2024-08-24,High potential,"Volcanic highlands (Musanze, Burera, Nyabihu). Cool, wet, Irish potato and wheat belt.",RAB; OFRA Rwanda; NISR
Rwanda,Northern,Gakenke,Sandy,sandy,74,Agricultural,1936,1087.0,204.0,14.3,63.8,5.46,tomato,C,93,2024-05-14,High potential,"Volcanic highlands (Musanze, Burera, Nyabihu). Cool, wet, Irish potato and wheat belt.",RAB; FAO ECOCROP
Rwanda,Northern,Gakenke,Loamy,loamy,73,Agricultural,1846,1372.0,451.0,15.5,77.1,5.48,maize,A,98,2024-12-26,High potential,"Volcanic highlands (Musanze, Burera, Nyabihu). Cool, wet, Irish potato and wheat belt.",RAB CIP; OFRA Rwanda; FAO ECOCROP
Rwanda,Northern,Gakenke,Loamy,loamy,81,Agricultural,2443,1296.0,543.0,15.5,82.0,6.39,tomato,B,98,2025-02-07,High potential,"Volcanic highlands (Musanze, Burera, Nyabihu). Cool, wet, Irish potato and wheat belt.",RAB; FAO ECOCROP
Rwanda,Northern,Gakenke,Sandy,sandy,74,Agricultural,2085,1037.0,172.0,13.4,67.3,6.22,beans,C,71,2025-05-10,Moderate potential,"Volcanic highlands (Musanze, Burera, Nyabihu). Cool, wet, Irish potato and wheat belt.",RAB; OFRA Rwanda; NISR
Rwanda,Northern,Gakenke,Clayey,clayey,73,Agricultural,2206,1492.0,559.0,16.1,75.2,5.12,sweet_potato,A,77,2024-11-23,Moderate potential,"Volcanic highlands (Musanze, Burera, Nyabihu). Cool, wet, Irish potato and wheat belt.",RAB; CIP; FAO ECOCROP
Rwanda,Northern,Gakenke,Sandy,sandy,70,Agricultural,1826,1114.0,525.0,17.8,79.1,5.2,maize,B,98,2023-11-17,High potential,"Volcanic highlands (Musanze, Burera, Nyabihu). Cool, wet, Irish potato and wheat belt.",RAB CIP; OFRA Rwanda; FAO ECOCROP
Rwanda,Northern,Gakenke,Loamy,loamy,68,Marshland,2117,1411.0,229.0,15.0,64.6,5.4,tomato,C,95,2025-02-23,High potential,"Volcanic highlands (Musanze, Burera, Nyabihu). Cool, wet, Irish potato and wheat belt.",RAB; FAO ECOCROP
Rwanda,Northern,Gakenke,Loamy,loamy,74,Agricultural,2094,1465.0,540.0,14.1,76.1,5.94,pea,A,100,2024-06-07,High potential,"Volcanic highlands (Musanze, Burera, Nyabihu). Cool, wet, Irish potato and wheat belt.",RAB; FAO ECOCROP
Rwanda,Northern,Gakenke,Clayey,clayey,86,Agricultural,2008,1306.0,565.0,17.6,84.0,5.19,beans,B,98,2024-08-16,High potential,"Volcanic highlands (Musanze, Burera, Nyabihu). Cool, wet, Irish potato and wheat belt.",RAB; OFRA Rwanda; NISR
Rwanda,Northern,Gakenke,Clayey,clayey,65,Agricultural,2095,1421.0,219.0,15.3,68.5,5.48,pea,C,76,2024-10-18,Moderate potential,"Volcanic highlands (Musanze, Burera, Nyabihu). Cool, wet, Irish potato and wheat belt.",RAB; FAO ECOCROP
Rwanda,Northern,Gakenke,Loamy,loamy,83,Marshland,2035,1200.0,471.0,17.4,77.5,5.1,beans,A,97,2024-02-23,High potential,"Volcanic highlands (Musanze, Burera, Nyabihu). Cool, wet, Irish potato and wheat belt.",RAB; OFRA Rwanda; NISR
Rwanda,Northern,Gakenke,Loamy,loamy,78,Agricultural,2066,1523.0,631.0,16.6,79.3,6.27,beans,B,100,2025-02-04,High potential,"Volcanic highlands (Musanze, Burera, Nyabihu). Cool, wet, Irish potato and wheat belt.",RAB; OFRA Rwanda; NISR
Rwanda,Northern,Gakenke,Loamy,loamy,77,Agricultural,1850,1083.0,200.0,14.5,65.3,5.4,potato,C,94,2024-09-02,High potential,"Volcanic highlands (Musanze, Burera, Nyabihu). Cool, wet, Irish potato and wheat belt.",RAB; CIP / RwaSIS; FAO ECOCROP; OFRA Rwanda
Rwanda,Northern,Gakenke,Clayey,clayey,79,Homestead,1936,1169.0,448.0,15.1,74.4,5.51,beans,A,100,2024-08-03,High potential,"Volcanic highlands (Musanze, Burera, Nyabihu). Cool, wet, Irish potato and wheat belt.",RAB; OFRA Rwanda; NISR
Rwanda,Northern,Gakenke,Clayey,clayey,74,Agricultural,2446,1171.0,527.0,16.4,88.1,5.71,beans,B,98,2023-12-23,High potential,"Volcanic highlands (Musanze, Burera, Nyabihu). Cool, wet, Irish potato and wheat belt.",RAB; OFRA Rwanda; NISR
Rwanda,Northern,Gakenke,Sandy,sandy,68,Agricultural,2254,1142.0,203.0,14.2,61.2,5.56,pea,C,98,2023-09-04,High potential,"Volcanic highlands (Musanze, Burera, Nyabihu). Cool, wet, Irish potato and wheat belt.",RAB; FAO ECOCROP
Rwanda,Northern,Gakenke,Loamy,loamy,77,Fallow,2016,1117.0,396.0,16.1,74.2,5.92,sweet_potato,A,99,2025-06-08,High potential,"Volcanic highlands (Musanze, Burera, Nyabihu). Cool, wet, Irish potato and wheat belt.",RAB; CIP; FAO ECOCROP
Rwanda,Northern,Gakenke,Loamy,loamy,78,Agricultural,2118,1279.0,513.0,18.0,89.4,5.96,tomato,B,95,2024-08-09,High potential,"Volcanic highlands (Musanze, Burera, Nyabihu). Cool, wet, Irish potato and wheat belt.",RAB; FAO ECOCROP
Rwanda,Northern,Gakenke,Loamy,loamy,77,Agricultural,2331,1067.0,180.0,16.0,66.5,6.18,tomato,C,97,2023-12-20,High potential,"Volcanic highlands (Musanze, Burera, Nyabihu). Cool, wet, Irish potato and wheat belt.",RAB; FAO ECOCROP
Rwanda,Northern,Gakenke,Clayey,clayey,61,Agricultural,2120,1408.0,520.0,16.0,72.9,5.83,maize,A,100,2024-07-02,High potential,"Volcanic highlands (Musanze, Burera, Nyabihu). Cool, wet, Irish potato and wheat belt.",RAB CIP; OFRA Rwanda; FAO ECOCROP
Rwanda,Northern,Gakenke,Clayey,clayey,82,Agricultural,2150,1542.0,593.0,16.3,81.5,5.33,beans,B,99,2025-05-25,High potential,"Volcanic highlands (Musanze, Burera, Nyabihu). Cool, wet, Irish potato and wheat belt.",RAB; OFRA Rwanda; NISR
Rwanda,Northern,Gakenke,Clayey,clayey,82,Marshland,2482,1315.0,217.0,14.8,67.9,5.25,pea,C,74,2024-06-16,Moderate potential,"Volcanic highlands (Musanze, Burera, Nyabihu). Cool, wet, Irish potato and wheat belt.",RAB; FAO ECOCROP
Rwanda,Northern,Gakenke,Sandy,sandy,80,Agricultural,2379,1387.0,565.0,18.0,74.5,5.47,pea,A,100,2024-06-08,High potential,"Volcanic highlands (Musanze, Burera, Nyabihu). Cool, wet, Irish potato and wheat belt.",RAB; FAO ECOCROP
Rwanda,Northern,Gakenke,Sandy,sandy,63,Agricultural,1804,1292.0,569.0,16.1,81.8,5.55,potato,B,98,2024-03-30,High potential,"Volcanic highlands (Musanze, Burera, Nyabihu). Cool, wet, Irish potato and wheat belt.",RAB; CIP / RwaSIS; FAO ECOCROP; OFRA Rwanda
Rwanda,Northern,Gakenke,Clayey,clayey,86,Homestead,1860,1139.0,211.0,14.3,63.8,5.18,potato,C,71,2024-08-29,Moderate potential,"Volcanic highlands (Musanze, Burera, Nyabihu). Cool, wet, Irish potato and wheat belt.",RAB; CIP / RwaSIS; FAO ECOCROP; OFRA Rwanda
Rwanda,Northern,Gakenke,Sandy,sandy,79,Agricultural,2456,1307.0,554.0,16.5,77.6,5.38,beans,A,77,2025-02-24,Moderate potential,"Volcanic highlands (Musanze, Burera, Nyabihu). Cool, wet, Irish potato and wheat belt.",RAB; OFRA Rwanda; NISR
Rwanda,Northern,Gakenke,Loamy,loamy,76,Agricultural,2287,1328.0,586.0,15.9,75.0,5.34,tomato,B,98,2025-01-08,High potential,"Volcanic highlands (Musanze, Burera, Nyabihu). Cool, wet, Irish potato and wheat belt.",RAB; FAO ECOCROP
Rwanda,Northern,Gakenke,Loamy,loamy,77,Agricultural,2333,1175.0,179.0,13.4,62.8,5.84,pea,C,97,2024-10-26,High potential,"Volcanic highlands (Musanze, Burera, Nyabihu). Cool, wet, Irish potato and wheat belt.",RAB; FAO ECOCROP
Rwanda,Northern,Gakenke,Sandy,sandy,70,Agricultural,1957,1393.0,512.0,18.0,72.0,6.4,pea,A,100,2024-07-27,High potential,"Volcanic highlands (Musanze, Burera, Nyabihu). Cool, wet, Irish potato and wheat belt.",RAB; FAO ECOCROP
Rwanda,Northern,Gakenke,Clayey,clayey,68,Agricultural,2299,1215.0,611.0,17.9,78.6,6.11,wheat,B,100,2024-08-15,High potential,"Volcanic highlands (Musanze, Burera, Nyabihu). Cool, wet, Irish potato and wheat belt.",RAB CIP; OFRA Rwanda
Rwanda,Northern,Gakenke,Loamy,loamy,74,Agricultural,1951,1321.0,199.0,14.6,58.8,5.96,sweet_potato,C,93,2024-02-01,High potential,"Volcanic highlands (Musanze, Burera, Nyabihu). Cool, wet, Irish potato and wheat belt.",RAB; CIP; FAO ECOCROP
Rwanda,Northern,Gakenke,Loamy,loamy,72,Agricultural,2211,1447.0,591.0,18.1,74.5,5.94,beans,A,100,2025-06-06,High potential,"Volcanic highlands (Musanze, Burera, Nyabihu). Cool, wet, Irish potato and wheat belt.",RAB; OFRA Rwanda; NISR
Rwanda,Northern,Gakenke,Clayey,clayey,80,Agricultural,2139,1518.0,651.0,17.5,84.2,5.3,tomato,B,74,2024-05-11,Moderate potential,"Volcanic highlands (Musanze, Burera, Nyabihu). Cool, wet, Irish potato and wheat belt.",RAB; FAO ECOCROP
Rwanda,Northern,Gakenke,Clayey,clayey,83,Agricultural,2414,1149.0,175.0,14.6,63.5,5.51,beans,C,96,2025-01-20,High potential,"Volcanic highlands (Musanze, Burera, Nyabihu). Cool, wet, Irish potato and wheat belt.",RAB; OFRA Rwanda; NISR
Rwanda,Northern,Gakenke,Loamy,loamy,77,Agricultural,2361,1348.0,587.0,15.3,76.1,5.74,wheat,A,100,2024-07-28,High potential,"Volcanic highlands (Musanze, Burera, Nyabihu). Cool, wet, Irish potato and wheat belt.",RAB CIP; OFRA Rwanda
Rwanda,Northern,Gakenke,Sandy,sandy,80,Marshland,2457,1434.0,738.0,18.5,74.4,5.32,maize,B,99,2024-02-13,High potential,"Volcanic highlands (Musanze, Burera, Nyabihu). Cool, wet, Irish potato and wheat belt.",RAB CIP; OFRA Rwanda; FAO ECOCROP
Rwanda,Northern,Gakenke,Loamy,loamy,66,Agricultural,1965,1055.0,179.0,13.4,69.8,5.34,pea,C,96,2023-09-09,High potential,"Volcanic highlands (Musanze, Burera, Nyabihu). Cool, wet, Irish potato and wheat belt.",RAB; FAO ECOCROP
Rwanda,Northern,Gakenke,Loamy,loamy,69,Agricultural,2282,1362.0,451.0,17.5,75.0,5.44,beans,A,100,2025-05-03,High potential,"Volcanic highlands (Musanze, Burera, Nyabihu). Cool, wet, Irish potato and wheat belt.",RAB; OFRA Rwanda; NISR
Rwanda,Northern,Gakenke,Clayey,clayey,80,Agricultural,2017,1525.0,771.0,18.4,76.1,5.31,wheat,B,98,2024-02-19,High potential,"Volcanic highlands (Musanze, Burera, Nyabihu). Cool, wet, Irish potato and wheat belt.",RAB CIP; OFRA Rwanda
Rwanda,Northern,Gakenke,Loamy,loamy,70,Agricultural,1987,1360.0,197.0,14.6,61.4,6.2,beans,C,96,2025-01-05,High potential,"Volcanic highlands (Musanze, Burera, Nyabihu). Cool, wet, Irish potato and wheat belt.",RAB; OFRA Rwanda; NISR
Rwanda,Northern,Gakenke,Clayey,clayey,70,Agricultural,1952,1292.0,469.0,15.7,76.2,5.86,wheat,A,100,2024-03-01,High potential,"Volcanic highlands (Musanze, Burera, Nyabihu). Cool, wet, Irish potato and wheat belt.",RAB CIP; OFRA Rwanda
Rwanda,Northern,Gakenke,Clayey,clayey,65,Agricultural,1942,1484.0,708.0,16.8,83.8,5.56,maize,B,100,2024-02-12,High potential,"Volcanic highlands (Musanze, Burera, Nyabihu). Cool, wet, Irish potato and wheat belt.",RAB CIP; OFRA Rwanda; FAO ECOCROP
Rwanda,Northern,Gakenke,Loamy,loamy,89,Homestead,2106,1151.0,195.0,13.3,61.7,5.84,potato,C,92,2024-05-18,High potential,"Volcanic highlands (Musanze, Burera, Nyabihu). Cool, wet, Irish potato and wheat belt.",RAB; CIP / RwaSIS; FAO ECOCROP; OFRA Rwanda
Rwanda,Northern,Gakenke,Clayey,clayey,87,Agricultural,2312,1354.0,504.0,16.8,78.7,5.45,sweet_potato,A,78,2024-10-19,Moderate potential,"Volcanic highlands (Musanze, Burera, Nyabihu). Cool, wet, Irish potato and wheat belt.",RAB; CIP; FAO ECOCROP
Rwanda,Northern,Gakenke,Loamy,loamy,83,Homestead,1933,1365.0,559.0,16.2,84.0,6.25,potato,B,98,2025-06-28,High potential,"Volcanic highlands (Musanze, Burera, Nyabihu). Cool, wet, Irish potato and wheat belt.",RAB; CIP / RwaSIS; FAO ECOCROP; OFRA Rwanda
Rwanda,Northern,Gakenke,Loamy,loamy,67,Agricultural,2367,1164.0,227.0,14.1,68.3,5.32,tomato,C,92,2025-04-04,High potential,"Volcanic highlands (Musanze, Burera, Nyabihu). Cool, wet, Irish potato and wheat belt.",RAB; FAO ECOCROP
Rwanda,Northern,Gakenke,Sandy,sandy,77,Agricultural,1992,1331.0,448.0,18.0,80.7,6.14,wheat,A,77,2025-01-05,Moderate potential,"Volcanic highlands (Musanze, Burera, Nyabihu). Cool, wet, Irish potato and wheat belt.",RAB CIP; OFRA Rwanda
Rwanda,Northern,Gakenke,Sandy,sandy,78,Agricultural,1998,1173.0,472.0,17.9,78.2,6.29,pea,B,100,2024-08-25,High potential,"Volcanic highlands (Musanze, Burera, Nyabihu). Cool, wet, Irish potato and wheat belt.",RAB; FAO ECOCROP
Rwanda,Western,Nyabihu,Clayey,clayey,83,Fallow,1956,1451.0,526.0,17.7,79.9,5.32,potato,A,76,2024-11-03,Moderate potential,"Congo-Nile divide and Lake Kivu. Tea, coffee and highland potato; acid hill soils.",RAB; CIP / RwaSIS; FAO ECOCROP; OFRA Rwanda
Rwanda,Western,Nyabihu,Clayey,clayey,67,Homestead,1796,1786.0,823.0,17.7,76.5,5.27,coffee,B,98,2023-10-07,High potential,"Congo-Nile divide and Lake Kivu. Tea, coffee and highland potato; acid hill soils.",NAEB; RAB; FAO ECOCROP
Rwanda,Western,Nyabihu,Clayey,clayey,80,Agricultural,1778,1796.0,297.0,15.1,66.4,5.81,tea,C,87,2023-11-21,High potential,"Congo-Nile divide and Lake Kivu. Tea, coffee and highland potato; acid hill soils.",NAEB; RAB; FAO ECOCROP
Rwanda,Western,Nyabihu,Loamy,loamy,70,Agricultural,2301,1851.0,780.0,16.6,80.6,5.5,banana,A,96,2024-03-25,High potential,"Congo-Nile divide and Lake Kivu. Tea, coffee and highland potato; acid hill soils.",RAB; FAO ECOCROP; OFRA Rwanda
Rwanda,Western,Nyabihu,Clayey,clayey,62,Agricultural,1589,1377.0,622.0,19.7,79.2,5.94,cassava,B,100,2025-02-07,High potential,"Congo-Nile divide and Lake Kivu. Tea, coffee and highland potato; acid hill soils.",RAB; IITA; IFAD crop suitability
Rwanda,Western,Nyabihu,Clayey,clayey,83,Agricultural,2166,1642.0,242.0,14.3,69.7,5.41,tomato,C,71,2024-11-09,Moderate potential,"Congo-Nile divide and Lake Kivu. Tea, coffee and highland potato; acid hill soils.",RAB; FAO ECOCROP
Rwanda,Western,Nyabihu,Clayey,clayey,78,Fallow,2409,1261.0,470.0,16.5,81.7,4.94,potato,A,75,2024-01-05,Moderate potential,"Congo-Nile divide and Lake Kivu. Tea, coffee and highland potato; acid hill soils.",RAB; CIP / RwaSIS; FAO ECOCROP; OFRA Rwanda
Rwanda,Western,Nyabihu,Alluvial,alluvial,56,Marshland,2343,1942.0,757.0,16.2,79.4,4.66,coffee,B,72,2024-02-07,Moderate potential,"Congo-Nile divide and Lake Kivu. Tea, coffee and highland potato; acid hill soils.",NAEB; RAB; FAO ECOCROP
Rwanda,Western,Nyabihu,Clayey,clayey,77,Homestead,1932,1798.0,336.0,16.0,64.9,6.03,tomato,C,77,2025-02-20,Moderate potential,"Congo-Nile divide and Lake Kivu. Tea, coffee and highland potato; acid hill soils.",RAB; FAO ECOCROP
Rwanda,Western,Nyabihu,Loamy,loamy,73,Agricultural,1862,1393.0,460.0,15.2,84.6,4.61,tea,A,91,2024-04-15,High potential,"Congo-Nile divide and Lake Kivu. Tea, coffee and highland potato; acid hill soils.",NAEB; RAB; FAO ECOCROP
Rwanda,Western,Nyabihu,Clayey,clayey,61,Agricultural,2207,1949.0,855.0,16.8,78.4,5.64,coffee,B,98,2024-03-27,High potential,"Congo-Nile divide and Lake Kivu. Tea, coffee and highland potato; acid hill soils.",NAEB; RAB; FAO ECOCROP
Rwanda,Western,Nyabihu,Loamy,loamy,54,Agricultural,2381,1672.0,246.0,13.9,63.8,4.88,tomato,C,88,2023-10-04,High potential,"Congo-Nile divide and Lake Kivu. Tea, coffee and highland potato; acid hill soils.",RAB; FAO ECOCROP
Rwanda,Western,Nyabihu,Loamy,loamy,58,Agricultural,2141,1723.0,632.0,17.3,78.9,4.61,beans,A,93,2023-11-27,High potential,"Congo-Nile divide and Lake Kivu. Tea, coffee and highland potato; acid hill soils.",RAB; OFRA Rwanda; NISR
Rwanda,Western,Nyabihu,Loamy,loamy,50,Homestead,1582,1720.0,816.0,17.3,86.4,4.8,cassava,B,96,2024-12-16,High potential,"Congo-Nile divide and Lake Kivu. Tea, coffee and highland potato; acid hill soils.",RAB; IITA; IFAD crop suitability
Rwanda,Western,Nyabihu,Alluvial,alluvial,80,Agricultural,1587,1713.0,270.0,14.7,73.0,4.88,tea,C,66,2024-05-17,Moderate potential,"Congo-Nile divide and Lake Kivu. Tea, coffee and highland potato; acid hill soils.",NAEB; RAB; FAO ECOCROP
Rwanda,Western,Nyabihu,Clayey,clayey,50,Fallow,2357,1285.0,426.0,17.1,82.8,5.32,tea,A,90,2024-02-19,High potential,"Congo-Nile divide and Lake Kivu. Tea, coffee and highland potato; acid hill soils.",NAEB; RAB; FAO ECOCROP
Rwanda,Western,Nyabihu,Alluvial,alluvial,67,Agricultural,1512,1515.0,639.0,18.1,79.6,4.8,banana,B,92,2025-05-04,High potential,"Congo-Nile divide and Lake Kivu. Tea, coffee and highland potato; acid hill soils.",RAB; FAO ECOCROP; OFRA Rwanda
Rwanda,Western,Nyabihu,Clayey,clayey,53,Homestead,2473,1200.0,185.0,16.8,72.2,4.98,tea,C,87,2025-03-14,High potential,"Congo-Nile divide and Lake Kivu. Tea, coffee and highland potato; acid hill soils.",NAEB; RAB; FAO ECOCROP
Rwanda,Western,Nyabihu,Clayey,clayey,75,Agricultural,1881,1700.0,585.0,17.1,79.1,4.77,tea,A,92,2024-03-10,High potential,"Congo-Nile divide and Lake Kivu. Tea, coffee and highland potato; acid hill soils.",NAEB; RAB; FAO ECOCROP
Rwanda,Western,Nyabihu,Alluvial,alluvial,60,Marshland,2005,1637.0,739.0,18.3,85.7,4.92,tea,B,72,2023-11-12,Moderate potential,"Congo-Nile divide and Lake Kivu. Tea, coffee and highland potato; acid hill soils.",NAEB; RAB; FAO ECOCROP
Rwanda,Western,Nyabihu,Clayey,clayey,62,Agricultural,1865,1788.0,338.0,15.3,68.3,5.56,tea,C,88,2024-08-29,High potential,"Congo-Nile divide and Lake Kivu. Tea, coffee and highland potato; acid hill soils.",NAEB; RAB; FAO ECOCROP
Rwanda,Western,Nyabihu,Alluvial,alluvial,73,Marshland,2205,1894.0,691.0,16.7,81.9,4.68,tea,A,72,2024-04-17,Moderate potential,"Congo-Nile divide and Lake Kivu. Tea, coffee and highland potato; acid hill soils.",NAEB; RAB; FAO ECOCROP
Rwanda,Western,Nyabihu,Alluvial,alluvial,85,Agricultural,2232,1980.0,987.0,19.3,82.0,5.21,tea,B,75,2025-06-12,Moderate potential,"Congo-Nile divide and Lake Kivu. Tea, coffee and highland potato; acid hill soils.",NAEB; RAB; FAO ECOCROP
Rwanda,Western,Nyabihu,Alluvial,alluvial,56,Marshland,2262,1455.0,238.0,14.3,70.0,4.92,tomato,C,89,2023-11-18,High potential,"Congo-Nile divide and Lake Kivu. Tea, coffee and highland potato; acid hill soils.",RAB; FAO ECOCROP
Rwanda,Western,Nyabihu,Clayey,clayey,64,Agricultural,2135,1479.0,553.0,16.5,72.4,5.98,beans,A,100,2025-07-24,High potential,"Congo-Nile divide and Lake Kivu. Tea, coffee and highland potato; acid hill soils.",RAB; OFRA Rwanda; NISR
Rwanda,Western,Nyabihu,Loamy,loamy,85,Agricultural,1981,1343.0,625.0,19.9,84.2,5.76,potato,B,99,2024-04-22,High potential,"Congo-Nile divide and Lake Kivu. Tea, coffee and highland potato; acid hill soils.",RAB; CIP / RwaSIS; FAO ECOCROP; OFRA Rwanda
Rwanda,Western,Nyabihu,Clayey,clayey,60,Agricultural,2102,1359.0,214.0,18.3,63.7,5.16,coffee,C,90,2023-12-03,High potential,"Congo-Nile divide and Lake Kivu. Tea, coffee and highland potato; acid hill soils.",NAEB; RAB; FAO ECOCROP
Rwanda,Western,Nyabihu,Clayey,clayey,51,Agricultural,2337,1476.0,491.0,17.7,82.3,5.61,coffee,A,94,2025-04-27,High potential,"Congo-Nile divide and Lake Kivu. Tea, coffee and highland potato; acid hill soils.",NAEB; RAB; FAO ECOCROP
Rwanda,Western,Nyabihu,Loamy,loamy,59,Agricultural,2217,1971.0,845.0,17.9,83.1,5.83,beans,B,100,2024-07-09,High potential,"Congo-Nile divide and Lake Kivu. Tea, coffee and highland potato; acid hill soils.",RAB; OFRA Rwanda; NISR
Rwanda,Western,Nyabihu,Clayey,clayey,62,Marshland,2167,1700.0,270.0,15.4,71.0,5.14,tea,C,88,2023-09-30,High potential,"Congo-Nile divide and Lake Kivu. Tea, coffee and highland potato; acid hill soils.",NAEB; RAB; FAO ECOCROP
Rwanda,Western,Nyabihu,Clayey,clayey,77,Homestead,1624,1773.0,724.0,18.0,83.7,5.67,maize,A,100,2024-06-17,High potential,"Congo-Nile divide and Lake Kivu. Tea, coffee and highland potato; acid hill soils.",RAB CIP; OFRA Rwanda; FAO ECOCROP
Rwanda,Western,Nyabihu,Clayey,clayey,73,Agricultural,1716,1995.0,875.0,18.0,83.8,5.18,banana,B,97,2025-03-27,High potential,"Congo-Nile divide and Lake Kivu. Tea, coffee and highland potato; acid hill soils.",RAB; FAO ECOCROP; OFRA Rwanda
Rwanda,Western,Nyabihu,Loamy,loamy,51,Agricultural,2311,1884.0,313.0,15.4,65.1,5.85,tea,C,86,2024-10-22,High potential,"Congo-Nile divide and Lake Kivu. Tea, coffee and highland potato; acid hill soils.",NAEB; RAB; FAO ECOCROP
Rwanda,Western,Nyabihu,Clayey,clayey,85,Agricultural,2210,1718.0,688.0,17.0,84.2,5.01,potato,A,78,2025-01-18,Moderate potential,"Congo-Nile divide and Lake Kivu. Tea, coffee and highland potato; acid hill soils.",RAB; CIP / RwaSIS; FAO ECOCROP; OFRA Rwanda
Rwanda,Western,Nyabihu,Alluvial,alluvial,73,Agricultural,1494,1838.0,762.0,18.5,80.0,5.85,potato,B,78,2024-06-09,Moderate potential,"Congo-Nile divide and Lake Kivu. Tea, coffee and highland potato; acid hill soils.",RAB; CIP / RwaSIS; FAO ECOCROP; OFRA Rwanda
Rwanda,Western,Nyabihu,Loamy,loamy,83,Agricultural,1740,1858.0,310.0,13.9,67.6,5.26,beans,C,94,2024-04-06,High potential,"Congo-Nile divide and Lake Kivu. Tea, coffee and highland potato; acid hill soils.",RAB; OFRA Rwanda; NISR
Rwanda,Western,Nyabihu,Alluvial,alluvial,54,Agricultural,2008,1381.0,507.0,17.9,77.4,4.83,coffee,A,70,2024-08-20,Moderate potential,"Congo-Nile divide and Lake Kivu. Tea, coffee and highland potato; acid hill soils.",NAEB; RAB; FAO ECOCROP
Rwanda,Western,Nyabihu,Loamy,loamy,55,Agricultural,2171,1497.0,640.0,16.5,88.6,4.9,beans,B,93,2025-01-22,High potential,"Congo-Nile divide and Lake Kivu. Tea, coffee and highland potato; acid hill soils.",RAB; OFRA Rwanda; NISR
Rwanda,Western,Nyabihu,Loamy,loamy,51,Homestead,1406,1403.0,238.0,14.0,69.4,5.86,coffee,C,88,2023-12-02,High potential,"Congo-Nile divide and Lake Kivu. Tea, coffee and highland potato; acid hill soils.",NAEB; RAB; FAO ECOCROP
Rwanda,Western,Nyabihu,Alluvial,alluvial,84,Agricultural,2293,1681.0,611.0,16.4,84.0,5.31,beans,A,98,2024-12-04,High potential,"Congo-Nile divide and Lake Kivu. Tea, coffee and highland potato; acid hill soils.",RAB; OFRA Rwanda; NISR
Rwanda,Western,Nyabihu,Alluvial,alluvial,63,Marshland,2293,1461.0,590.0,18.4,81.1,4.81,beans,B,94,2023-09-02,High potential,"Congo-Nile divide and Lake Kivu. Tea, coffee and highland potato; acid hill soils.",RAB; OFRA Rwanda; NISR
Rwanda,Western,Nyabihu,Loamy,loamy,84,Agricultural,1443,1425.0,238.0,15.3,70.8,4.61,tomato,C,89,2024-10-07,High potential,"Congo-Nile divide and Lake Kivu. Tea, coffee and highland potato; acid hill soils.",RAB; FAO ECOCROP
Rwanda,Western,Nyabihu,Loamy,loamy,54,Agricultural,1469,1364.0,541.0,17.9,82.2,4.91,banana,A,92,2024-11-16,High potential,"Congo-Nile divide and Lake Kivu. Tea, coffee and highland potato; acid hill soils.",RAB; FAO ECOCROP; OFRA Rwanda
Rwanda,Western,Nyabihu,Loamy,loamy,53,Agricultural,2139,1925.0,773.0,18.6,86.3,5.43,tea,B,95,2023-11-07,High potential,"Congo-Nile divide and Lake Kivu. Tea, coffee and highland potato; acid hill soils.",NAEB; RAB; FAO ECOCROP
Rwanda,Western,Nyabihu,Loamy,loamy,68,Fallow,2030,1590.0,247.0,13.7,73.7,5.32,tomato,C,91,2025-02-13,High potential,"Congo-Nile divide and Lake Kivu. Tea, coffee and highland potato; acid hill soils.",RAB; FAO ECOCROP
Rwanda,Western,Nyabihu,Loamy,loamy,50,Agricultural,2302,1893.0,808.0,18.3,72.3,6.01,potato,A,100,2023-12-10,High potential,"Congo-Nile divide and Lake Kivu. Tea, coffee and highland potato; acid hill soils.",RAB; CIP / RwaSIS; FAO ECOCROP; OFRA Rwanda
Rwanda,Western,Nyabihu,Alluvial,alluvial,82,Agricultural,2461,1435.0,716.0,17.2,86.2,5.0,potato,B,78,2024-02-07,Moderate potential,"Congo-Nile divide and Lake Kivu. Tea, coffee and highland potato; acid hill soils.",RAB; CIP / RwaSIS; FAO ECOCROP; OFRA Rwanda
Rwanda,Western,Nyabihu,Clayey,clayey,59,Agricultural,1433,1265.0,239.0,14.3,68.3,5.18,tea,C,87,2023-12-27,High potential,"Congo-Nile divide and Lake Kivu. Tea, coffee and highland potato; acid hill soils.",NAEB; RAB; FAO ECOCROP
Rwanda,Western,Nyabihu,Alluvial,alluvial,62,Fallow,1521,1633.0,615.0,18.6,77.3,5.12,banana,A,95,2024-11-08,High potential,"Congo-Nile divide and Lake Kivu. Tea, coffee and highland potato; acid hill soils.",RAB; FAO ECOCROP; OFRA Rwanda
Rwanda,Western,Nyabihu,Clayey,clayey,56,Homestead,1457,1586.0,699.0,17.3,91.4,5.68,coffee,B,96,2024-03-16,High potential,"Congo-Nile divide and Lake Kivu. Tea, coffee and highland potato; acid hill soils.",NAEB; RAB; FAO ECOCROP
Rwanda,Western,Nyabihu,Loamy,loamy,63,Agricultural,2228,1772.0,287.0,16.3,60.9,5.94,sweet_potato,C,97,2024-02-01,High potential,"Congo-Nile divide and Lake Kivu. Tea, coffee and highland potato; acid hill soils.",RAB; CIP; FAO ECOCROP
Rwanda,Western,Nyabihu,Clayey,clayey,63,Agricultural,1445,1642.0,642.0,17.3,75.7,5.56,beans,A,100,2024-09-20,High potential,"Congo-Nile divide and Lake Kivu. Tea, coffee and highland potato; acid hill soils.",RAB; OFRA Rwanda; NISR
Rwanda,Western,Nyabihu,Alluvial,alluvial,72,Agricultural,1593,1598.0,625.0,15.8,87.4,5.16,tea,B,71,2024-03-18,Moderate potential,"Congo-Nile divide and Lake Kivu. Tea, coffee and highland potato; acid hill soils.",NAEB; RAB; FAO ECOCROP
Rwanda,Western,Nyabihu,Alluvial,alluvial,60,Homestead,1695,1332.0,217.0,14.3,65.3,4.76,sweet_potato,C,89,2024-01-01,High potential,"Congo-Nile divide and Lake Kivu. Tea, coffee and highland potato; acid hill soils.",RAB; CIP; FAO ECOCROP
Rwanda,Western,Nyabihu,Loamy,loamy,79,Agricultural,1420,1376.0,582.0,16.3,77.3,4.84,maize,A,95,2024-04-30,High potential,"Congo-Nile divide and Lake Kivu. Tea, coffee and highland potato; acid hill soils.",RAB CIP; OFRA Rwanda; FAO ECOCROP
Rwanda,Western,Nyabihu,Alluvial,alluvial,61,Agricultural,1999,1826.0,884.0,17.5,89.6,5.72,cassava,B,74,2024-05-27,Moderate potential,"Congo-Nile divide and Lake Kivu. Tea, coffee and highland potato; acid hill soils.",RAB; IITA; IFAD crop suitability
Rwanda,Western,Nyabihu,Alluvial,alluvial,64,Marshland,1869,1540.0,261.0,16.9,63.9,5.58,sweet_potato,C,97,2024-03-12,High potential,"Congo-Nile divide and Lake Kivu. Tea, coffee and highland potato; acid hill soils.",RAB; CIP; FAO ECOCROP
Rwanda,Western,Nyabihu,Clayey,clayey,50,Agricultural,1952,1916.0,709.0,16.1,79.4,5.52,beans,A,100,2024-07-29,High potential,"Congo-Nile divide and Lake Kivu. Tea, coffee and highland potato; acid hill soils.",RAB; OFRA Rwanda; NISR
Rwanda,Western,Nyabihu,Loamy,loamy,69,Agricultural,1872,1696.0,662.0,17.3,83.1,5.56,beans,B,100,2024-10-28,High potential,"Congo-Nile divide and Lake Kivu. Tea, coffee and highland potato; acid hill soils.",RAB; OFRA Rwanda; NISR
Rwanda,Western,Nyabihu,Clayey,clayey,75,Agricultural,2468,1569.0,262.0,15.7,65.9,5.94,tea,C,85,2024-10-28,High potential,"Congo-Nile divide and Lake Kivu. Tea, coffee and highland potato; acid hill soils.",NAEB; RAB; FAO ECOCROP
Rwanda,Western,Nyabihu,Clayey,clayey,62,Agricultural,2209,1691.0,548.0,16.5,79.0,5.57,beans,A,100,2023-10-27,High potential,"Congo-Nile divide and Lake Kivu. Tea, coffee and highland potato; acid hill soils.",RAB; OFRA Rwanda; NISR
Rwanda,Western,Nyabihu,Clayey,clayey,60,Agricultural,1964,1552.0,617.0,18.4,81.9,5.67,tea,B,93,2024-03-02,High potential,"Congo-Nile divide and Lake Kivu. Tea, coffee and highland potato; acid hill soils.",NAEB; RAB; FAO ECOCROP
Rwanda,Western,Nyabihu,Loamy,loamy,79,Agricultural,1650,1788.0,293.0,13.7,68.7,5.6,beans,C,95,2025-03-30,High potential,"Congo-Nile divide and Lake Kivu. Tea, coffee and highland potato; acid hill soils.",RAB; OFRA Rwanda; NISR
Rwanda,Western,Nyabihu,Alluvial,alluvial,65,Agricultural,1805,1564.0,611.0,16.9,80.3,5.18,potato,A,77,2024-03-21,Moderate potential,"Congo-Nile divide and Lake Kivu. Tea, coffee and highland potato; acid hill soils.",RAB; CIP / RwaSIS; FAO ECOCROP; OFRA Rwanda
Rwanda,Western,Nyabihu,Alluvial,alluvial,54,Agricultural,1543,1835.0,706.0,18.5,84.4,5.45,banana,B,98,2025-07-27,High potential,"Congo-Nile divide and Lake Kivu. Tea, coffee and highland potato; acid hill soils.",RAB; FAO ECOCROP; OFRA Rwanda
Rwanda,Western,Nyabihu,Alluvial,alluvial,59,Agricultural,2093,1783.0,337.0,15.2,69.4,5.18,tomato,C,95,2024-09-19,High potential,"Congo-Nile divide and Lake Kivu. Tea, coffee and highland potato; acid hill soils.",RAB; FAO ECOCROP
Rwanda,Western,Nyabihu,Alluvial,alluvial,68,Agricultural,1810,1796.0,656.0,18.0,75.2,5.99,beans,A,100,2025-02-05,High potential,"Congo-Nile divide and Lake Kivu. Tea, coffee and highland potato; acid hill soils.",RAB; OFRA Rwanda; NISR
Rwanda,Western,Nyabihu,Alluvial,alluvial,65,Agricultural,1493,1440.0,724.0,17.4,87.2,5.47,potato,B,78,2023-11-13,Moderate potential,"Congo-Nile divide and Lake Kivu. Tea, coffee and highland potato; acid hill soils.",RAB; CIP / RwaSIS; FAO ECOCROP; OFRA Rwanda
Rwanda,Western,Nyabihu,Alluvial,alluvial,51,Agricultural,1507,1878.0,277.0,16.8,78.0,5.92,beans,C,98,2025-07-03,High potential,"Congo-Nile divide and Lake Kivu. Tea, coffee and highland potato; acid hill soils.",RAB; OFRA Rwanda; NISR
Rwanda,Western,Nyabihu,Clayey,clayey,69,Agricultural,1997,1859.0,613.0,18.3,78.6,5.59,maize,A,100,2025-02-22,High potential,"Congo-Nile divide and Lake Kivu. Tea, coffee and highland potato; acid hill soils.",RAB CIP; OFRA Rwanda; FAO ECOCROP
Rwanda,Western,Nyabihu,Alluvial,alluvial,85,Agricultural,1510,1447.0,748.0,16.7,89.1,4.76,coffee,B,73,2024-04-19,Moderate potential,"Congo-Nile divide and Lake Kivu. Tea, coffee and highland potato; acid hill soils.",NAEB; RAB; FAO ECOCROP
Rwanda,Western,Nyabihu,Loamy,loamy,52,Agricultural,1742,1825.0,294.0,14.8,64.0,6.05,tea,C,84,2024-03-28,High potential,"Congo-Nile divide and Lake Kivu. Tea, coffee and highland potato; acid hill soils.",NAEB; RAB; FAO ECOCROP
Rwanda,Western,Nyabihu,Alluvial,alluvial,84,Homestead,2135,1347.0,581.0,16.5,81.2,5.58,beans,A,100,2023-12-27,High potential,"Congo-Nile divide and Lake Kivu. Tea, coffee and highland potato; acid hill soils.",RAB; OFRA Rwanda; NISR
Rwanda,Western,Nyabihu,Loamy,loamy,75,Fallow,2429,1980.0,775.0,17.4,85.4,4.89,beans,B,95,2025-06-29,High potential,"Congo-Nile divide and Lake Kivu. Tea, coffee and highland potato; acid hill soils.",RAB; OFRA Rwanda; NISR
Rwanda,Western,Nyabihu,Alluvial,alluvial,58,Agricultural,1557,1755.0,261.0,14.6,67.6,5.58,tea,C,65,2024-06-29,Moderate potential,"Congo-Nile divide and Lake Kivu. Tea, coffee and highland potato; acid hill soils.",NAEB; RAB; FAO ECOCROP
Rwanda,Western,Nyabihu,Loamy,loamy,51,Agricultural,2153,1788.0,767.0,18.7,81.6,5.35,tea,A,95,2024-06-16,High potential,"Congo-Nile divide and Lake Kivu. Tea, coffee and highland potato; acid hill soils.",NAEB; RAB; FAO ECOCROP
Rwanda,Western,Nyabihu,Clayey,clayey,61,Agricultural,1646,1927.0,800.0,19.3,73.9,5.44,cassava,B,100,2024-12-27,High potential,"Congo-Nile divide and Lake Kivu. Tea, coffee and highland potato; acid hill soils.",RAB; IITA; IFAD crop suitability
Rwanda,Western,Nyabihu,Alluvial,alluvial,69,Agricultural,1971,1976.0,332.0,13.0,70.8,5.99,tomato,C,92,2024-02-18,High potential,"Congo-Nile divide and Lake Kivu. Tea, coffee and highland potato; acid hill soils.",RAB; FAO ECOCROP
Rwanda,Western,Nyabihu,Alluvial,alluvial,62,Agricultural,1545,1577.0,657.0,17.7,74.3,5.71,maize,A,100,2025-05-21,High potential,"Congo-Nile divide and Lake Kivu. Tea, coffee and highland potato; acid hill soils.",RAB CIP; OFRA Rwanda; FAO ECOCROP
Rwanda,Western,Nyabihu,Loamy,loamy,72,Agricultural,2154,1766.0,774.0,17.8,86.5,5.57,banana,B,99,2025-02-14,High potential,"Congo-Nile divide and Lake Kivu. Tea, coffee and highland potato; acid hill soils.",RAB; FAO ECOCROP; OFRA Rwanda
Rwanda,Western,Nyabihu,Clayey,clayey,78,Agricultural,1482,1679.0,307.0,14.3,70.1,5.42,tomato,C,72,2024-08-21,Moderate potential,"Congo-Nile divide and Lake Kivu. Tea, coffee and highland potato; acid hill soils.",RAB; FAO ECOCROP
Rwanda,Western,Nyabihu,Clayey,clayey,68,Marshland,1955,1381.0,501.0,17.6,83.4,5.26,maize,A,98,2024-12-31,High potential,"Congo-Nile divide and Lake Kivu. Tea, coffee and highland potato; acid hill soils.",RAB CIP; OFRA Rwanda; FAO ECOCROP
Rwanda,Western,Nyabihu,Alluvial,alluvial,68,Agricultural,2271,1404.0,584.0,19.3,90.5,5.44,beans,B,97,2025-05-11,High potential,"Congo-Nile divide and Lake Kivu. Tea, coffee and highland potato; acid hill soils.",RAB; OFRA Rwanda; NISR
Rwanda,Western,Nyabihu,Alluvial,alluvial,61,Agricultural,1483,1286.0,219.0,15.3,66.4,5.36,coffee,C,68,2024-01-17,Moderate potential,"Congo-Nile divide and Lake Kivu. Tea, coffee and highland potato; acid hill soils.",NAEB; RAB; FAO ECOCROP
Rwanda,Western,Nyabihu,Loamy,loamy,81,Agricultural,1641,1577.0,669.0,17.5,84.1,6.11,banana,A,97,2025-07-04,High potential,"Congo-Nile divide and Lake Kivu. Tea, coffee and highland potato; acid hill soils.",RAB; FAO ECOCROP; OFRA Rwanda
Rwanda,Western,Nyabihu,Alluvial,alluvial,85,Agricultural,2128,1422.0,701.0,15.9,84.0,5.53,banana,B,94,2024-08-25,High potential,"Congo-Nile divide and Lake Kivu. Tea, coffee and highland potato; acid hill soils.",RAB; FAO ECOCROP; OFRA Rwanda
Rwanda,Western,Nyabihu,Loamy,loamy,63,Agricultural,2309,1669.0,298.0,18.5,68.6,5.13,sweet_potato,C,97,2023-11-26,High potential,"Congo-Nile divide and Lake Kivu. Tea, coffee and highland potato; acid hill soils.",RAB; CIP; FAO ECOCROP
Rwanda,Western,Nyabihu,Loamy,loamy,57,Agricultural,1522,1320.0,450.0,17.3,78.7,4.86,potato,A,96,2024-07-31,High potential,"Congo-Nile divide and Lake Kivu. Tea, coffee and highland potato; acid hill soils.",RAB; CIP / RwaSIS; FAO ECOCROP; OFRA Rwanda
Rwanda,Western,Nyabihu,Loamy,loamy,62,Agricultural,1942,1483.0,724.0,18.8,87.3,6.14,beans,B,99,2024-05-29,High potential,"Congo-Nile divide and Lake Kivu. Tea, coffee and highland potato; acid hill soils.",RAB; OFRA Rwanda; NISR
Rwanda,Western,Nyabihu,Clayey,clayey,55,Agricultural,1982,1874.0,320.0,15.4,72.5,5.96,coffee,C,92,2023-09-20,High potential,"Congo-Nile divide and Lake Kivu. Tea, coffee and highland potato; acid hill soils.",NAEB; RAB; FAO ECOCROP
Rwanda,Western,Nyabihu,Loamy,loamy,75,Marshland,1552,1276.0,533.0,20.0,82.3,4.64,tea,A,92,2025-03-31,High potential,"Congo-Nile divide and Lake Kivu. Tea, coffee and highland potato; acid hill soils.",NAEB; RAB; FAO ECOCROP
Rwanda,Western,Nyabihu,Loamy,loamy,81,Agricultural,2009,1461.0,748.0,17.8,89.8,4.77,beans,B,92,2024-09-05,High potential,"Congo-Nile divide and Lake Kivu. Tea, coffee and highland potato; acid hill soils.",RAB; OFRA Rwanda; NISR
Rwanda,Western,Nyabihu,Loamy,loamy,75,Agricultural,1410,1789.0,285.0,16.4,65.6,5.35,tomato,C,97,2025-03-29,High potential,"Congo-Nile divide and Lake Kivu. Tea, coffee and highland potato; acid hill soils.",RAB; FAO ECOCROP
Rwanda,Western,Nyabihu,Loamy,loamy,70,Agricultural,1525,1843.0,780.0,16.5,85.5,4.67,tea,A,95,2025-07-26,High potential,"Congo-Nile divide and Lake Kivu. Tea, coffee and highland potato; acid hill soils.",NAEB; RAB; FAO ECOCROP
Rwanda,Western,Nyabihu,Loamy,loamy,58,Agricultural,2162,1443.0,680.0,20.1,85.8,5.94,cassava,B,100,2025-03-13,High potential,"Congo-Nile divide and Lake Kivu. Tea, coffee and highland potato; acid hill soils.",RAB; IITA; IFAD crop suitability
Rwanda,Western,Nyabihu,Clayey,clayey,79,Agricultural,2400,1230.0,201.0,13.9,67.4,5.64,tea,C,86,2024-04-30,High potential,"Congo-Nile divide and Lake Kivu. Tea, coffee and highland potato; acid hill soils.",NAEB; RAB; FAO ECOCROP
Rwanda,Western,Nyabihu,Clayey,clayey,65,Agricultural,2135,1711.0,659.0,16.8,81.1,4.72,beans,A,94,2025-04-25,High potential,"Congo-Nile divide and Lake Kivu. Tea, coffee and highland potato; acid hill soils.",RAB; OFRA Rwanda; NISR
Rwanda,Western,Nyabihu,Loamy,loamy,55,Marshland,1783,1776.0,865.0,15.5,87.0,5.06,tea,B,96,2024-11-08,High potential,"Congo-Nile divide and Lake Kivu. Tea, coffee and highland potato; acid hill soils.",NAEB; RAB; FAO ECOCROP
Rwanda,Western,Nyabihu,Clayey,clayey,63,Agricultural,1779,1970.0,307.0,14.1,67.3,5.81,coffee,C,89,2023-09-10,High potential,"Congo-Nile divide and Lake Kivu. Tea, coffee and highland potato; acid hill soils.",NAEB; RAB; FAO ECOCROP
Rwanda,Western,Nyabihu,Alluvial,alluvial,68,Agricultural,2028,1482.0,591.0,17.8,85.8,5.19,beans,A,97,2023-09-30,High potential,"Congo-Nile divide and Lake Kivu. Tea, coffee and highland potato; acid hill soils.",RAB; OFRA Rwanda; NISR
Rwanda,Western,Nyabihu,Alluvial,alluvial,53,Agricultural,1814,1847.0,933.0,18.8,87.6,5.52,potato,B,78,2025-06-17,Moderate potential,"Congo-Nile divide and Lake Kivu. Tea, coffee and highland potato; acid hill soils.",RAB; CIP / RwaSIS; FAO ECOCROP; OFRA Rwanda
Rwanda,Western,Nyabihu,Loamy,loamy,81,Agricultural,1558,1262.0,192.0,16.3,63.9,4.7,sweet_potato,C,92,2024-08-15,High potential,"Congo-Nile divide and Lake Kivu. Tea, coffee and highland potato; acid hill soils.",RAB; CIP; FAO ECOCROP
Rwanda,Western,Nyabihu,Alluvial,alluvial,56,Agricultural,2089,1800.0,726.0,17.8,88.1,4.62,banana,A,92,2025-01-15,High potential,"Congo-Nile divide and Lake Kivu. Tea, coffee and highland potato; acid hill soils.",RAB; FAO ECOCROP; OFRA Rwanda
Rwanda,Western,Nyabihu,Alluvial,alluvial,55,Marshland,2108,2056.0,1034.0,16.9,90.1,4.81,tea,B,76,2025-05-07,Moderate potential,"Congo-Nile divide and Lake Kivu. Tea, coffee and highland potato; acid hill soils.",NAEB; RAB; FAO ECOCROP
Rwanda,Western,Nyabihu,Alluvial,alluvial,59,Agricultural,1537,1764.0,288.0,15.4,75.9,5.33,tea,C,67,2025-06-02,Moderate potential,"Congo-Nile divide and Lake Kivu. Tea, coffee and highland potato; acid hill soils.",NAEB; RAB; FAO ECOCROP
Rwanda,Western,Nyabihu,Clayey,clayey,81,Agricultural,2278,1395.0,518.0,17.1,82.3,5.33,banana,A,93,2023-09-04,High potential,"Congo-Nile divide and Lake Kivu. Tea, coffee and highland potato; acid hill soils.",RAB; FAO ECOCROP; OFRA Rwanda
Rwanda,Western,Nyabihu,Alluvial,alluvial,75,Agricultural,1875,1533.0,641.0,17.0,84.4,5.4,banana,B,95,2023-10-09,High potential,"Congo-Nile divide and Lake Kivu. Tea, coffee and highland potato; acid hill soils.",RAB; FAO ECOCROP; OFRA Rwanda
Rwanda,Western,Nyabihu,Alluvial,alluvial,58,Agricultural,2215,1273.0,236.0,15.2,70.3,6.02,sweet_potato,C,95,2024-11-18,High potential,"Congo-Nile divide and Lake Kivu. Tea, coffee and highland potato; acid hill soils.",RAB; CIP; FAO ECOCROP
Rwanda,Western,Nyabihu,Loamy,loamy,50,Agricultural,1717,1883.0,713.0,17.0,86.8,4.96,tea,A,94,2024-04-21,High potential,"Congo-Nile divide and Lake Kivu. Tea, coffee and highland potato; acid hill soils.",NAEB; RAB; FAO ECOCROP
Rwanda,Western,Nyabihu,Loamy,loamy,51,Marshland,2378,1896.0,885.0,17.8,87.1,5.17,cassava,B,98,2023-10-19,High potential,"Congo-Nile divide and Lake Kivu. Tea, coffee and highland potato; acid hill soils.",RAB; IITA; IFAD crop suitability
Rwanda,Western,Rubavu,Loamy,loamy,68,Agricultural,1941,1032.0,345.0,19.0,82.4,5.88,potato,A,96,2025-04-18,High potential,"Congo-Nile divide and Lake Kivu. Tea, coffee and highland potato; acid hill soils.",RAB; CIP / RwaSIS; FAO ECOCROP; OFRA Rwanda
Rwanda,Western,Rubavu,Loamy,loamy,76,Agricultural,1872,1484.0,762.0,18.0,89.2,5.2,beans,B,96,2023-10-16,High potential,"Congo-Nile divide and Lake Kivu. Tea, coffee and highland potato; acid hill soils.",RAB; OFRA Rwanda; NISR
Rwanda,Western,Rubavu,Clayey,clayey,81,Fallow,2464,1101.0,206.0,16.5,64.4,5.29,tea,C,85,2023-09-02,High potential,"Congo-Nile divide and Lake Kivu. Tea, coffee and highland potato; acid hill soils.",NAEB; RAB; FAO ECOCROP
Rwanda,Western,Rubavu,Loamy,loamy,63,Agricultural,2014,1257.0,443.0,20.0,76.8,6.12,potato,A,97,2024-06-15,High potential,"Congo-Nile divide and Lake Kivu. Tea, coffee and highland potato; acid hill soils.",RAB; CIP / RwaSIS; FAO ECOCROP; OFRA Rwanda
Rwanda,Western,Rubavu,Clayey,clayey,56,Agricultural,1776,974.0,420.0,18.9,90.2,5.7,beans,B,97,2024-02-21,High potential,"Congo-Nile divide and Lake Kivu. Tea, coffee and highland potato; acid hill soils.",RAB; OFRA Rwanda; NISR
Rwanda,Western,Rubavu,Clayey,clayey,58,Agricultural,1723,982.0,174.0,16.3,70.8,5.76,coffee,C,90,2024-03-03,High potential,"Congo-Nile divide and Lake Kivu. Tea, coffee and highland potato; acid hill soils.",NAEB; RAB; FAO ECOCROP
Rwanda,Western,Rubavu,Loamy,loamy,77,Agricultural,1572,1107.0,414.0,19.7,81.0,4.9,banana,A,90,2024-07-22,High potential,"Congo-Nile divide and Lake Kivu. Tea, coffee and highland potato; acid hill soils.",RAB; FAO ECOCROP; OFRA Rwanda
Rwanda,Western,Rubavu,Loamy,loamy,72,Agricultural,1718,1282.0,617.0,19.2,84.8,5.89,potato,B,99,2025-01-17,High potential,"Congo-Nile divide and Lake Kivu. Tea, coffee and highland potato; acid hill soils.",RAB; CIP / RwaSIS; FAO ECOCROP; OFRA Rwanda
Rwanda,Western,Rubavu,Loamy,loamy,55,Agricultural,2158,1183.0,171.0,16.9,61.4,6.09,sweet_potato,C,96,2025-06-06,High potential,"Congo-Nile divide and Lake Kivu. Tea, coffee and highland potato; acid hill soils.",RAB; CIP; FAO ECOCROP
Rwanda,Western,Rubavu,Loamy,loamy,70,Fallow,1409,1422.0,534.0,18.5,79.6,5.15,coffee,A,94,2025-01-01,High potential,"Congo-Nile divide and Lake Kivu. Tea, coffee and highland potato; acid hill soils.",NAEB; RAB; FAO ECOCROP
Rwanda,Western,Rubavu,Clayey,clayey,84,Agricultural,1809,1366.0,653.0,19.1,82.4,5.17,beans,B,97,2023-09-16,High potential,"Congo-Nile divide and Lake Kivu. Tea, coffee and highland potato; acid hill soils.",RAB; OFRA Rwanda; NISR
Rwanda,Western,Rubavu,Alluvial,alluvial,69,Agricultural,2179,1088.0,197.0,16.1,70.2,5.02,tea,C,65,2024-11-10,Moderate potential,"Congo-Nile divide and Lake Kivu. Tea, coffee and highland potato; acid hill soils.",NAEB; RAB; FAO ECOCROP
Rwanda,Western,Rubavu,Alluvial,alluvial,67,Agricultural,2267,1334.0,438.0,18.6,83.5,5.26,potato,A,75,2025-07-17,Moderate potential,"Congo-Nile divide and Lake Kivu. Tea, coffee and highland potato; acid hill soils.",RAB; CIP / RwaSIS; FAO ECOCROP; OFRA Rwanda
Rwanda,Western,Rubavu,Alluvial,alluvial,85,Marshland,2417,1124.0,490.0,18.9,87.6,5.06,beans,B,95,2023-09-22,High potential,"Congo-Nile divide and Lake Kivu. Tea, coffee and highland potato; acid hill soils.",RAB; OFRA Rwanda; NISR
Rwanda,Western,Rubavu,Loamy,loamy,69,Agricultural,1880,1036.0,186.0,16.9,74.6,4.91,beans,C,93,2025-06-01,High potential,"Congo-Nile divide and Lake Kivu. Tea, coffee and highland potato; acid hill soils.",RAB; OFRA Rwanda; NISR
Rwanda,Western,Rubavu,Loamy,loamy,70,Agricultural,1650,1055.0,399.0,19.0,80.3,5.1,tea,A,90,2024-07-13,High potential,"Congo-Nile divide and Lake Kivu. Tea, coffee and highland potato; acid hill soils.",NAEB; RAB; FAO ECOCROP
Rwanda,Western,Rubavu,Alluvial,alluvial,79,Marshland,2136,1163.0,457.0,16.6,86.4,5.27,beans,B,97,2024-08-13,High potential,"Congo-Nile divide and Lake Kivu. Tea, coffee and highland potato; acid hill soils.",RAB; OFRA Rwanda; NISR
Rwanda,Western,Rubavu,Alluvial,alluvial,73,Agricultural,2095,1434.0,214.0,15.0,66.7,6.1,beans,C,98,2025-07-06,High potential,"Congo-Nile divide and Lake Kivu. Tea, coffee and highland potato; acid hill soils.",RAB; OFRA Rwanda; NISR
Rwanda,Western,Rubavu,Clayey,clayey,70,Agricultural,2412,1292.0,470.0,18.3,77.2,6.06,tea,A,89,2025-03-31,High potential,"Congo-Nile divide and Lake Kivu. Tea, coffee and highland potato; acid hill soils.",NAEB; RAB; FAO ECOCROP
Rwanda,Western,Rubavu,Alluvial,alluvial,67,Agricultural,1807,1077.0,514.0,18.2,83.9,5.33,tea,B,69,2025-04-09,Moderate potential,"Congo-Nile divide and Lake Kivu. Tea, coffee and highland potato; acid hill soils.",NAEB; RAB; FAO ECOCROP
Rwanda,Western,Rubavu,Alluvial,alluvial,52,Agricultural,1438,1214.0,212.0,15.9,66.3,4.64,tea,C,64,2024-12-08,Moderate potential,"Congo-Nile divide and Lake Kivu. Tea, coffee and highland potato; acid hill soils.",NAEB; RAB; FAO ECOCROP
Rwanda,Western,Rubavu,Clayey,clayey,73,Agricultural,2497,1171.0,430.0,20.1,79.2,4.74,tea,A,90,2025-04-10,High potential,"Congo-Nile divide and Lake Kivu. Tea, coffee and highland potato; acid hill soils.",NAEB; RAB; FAO ECOCROP
Rwanda,Western,Rubavu,Clayey,clayey,84,Agricultural,2491,1709.0,868.0,17.8,76.7,6.05,banana,B,100,2023-11-19,High potential,"Congo-Nile divide and Lake Kivu. Tea, coffee and highland potato; acid hill soils.",RAB; FAO ECOCROP; OFRA Rwanda
Rwanda,Western,Rubavu,Loamy,loamy,78,Agricultural,2064,1559.0,265.0,15.8,65.3,5.43,tomato,C,97,2023-12-23,High potential,"Congo-Nile divide and Lake Kivu. Tea, coffee and highland potato; acid hill soils.",RAB; FAO ECOCROP
Rwanda,Western,Rubavu,Loamy,loamy,61,Fallow,2331,1232.0,498.0,18.5,87.1,4.85,banana,A,91,2025-05-13,High potential,"Congo-Nile divide and Lake Kivu. Tea, coffee and highland potato; acid hill soils.",RAB; FAO ECOCROP; OFRA Rwanda
Rwanda,Western,Rubavu,Loamy,loamy,74,Marshland,1663,1544.0,716.0,19.1,83.1,4.97,tea,B,94,2024-05-22,High potential,"Congo-Nile divide and Lake Kivu. Tea, coffee and highland potato; acid hill soils.",NAEB; RAB; FAO ECOCROP
Rwanda,Western,Rubavu,Loamy,loamy,66,Fallow,1880,1537.0,254.0,14.4,66.7,5.0,coffee,C,89,2024-03-06,High potential,"Congo-Nile divide and Lake Kivu. Tea, coffee and highland potato; acid hill soils.",NAEB; RAB; FAO ECOCROP
Rwanda,Western,Rubavu,Clayey,clayey,66,Marshland,2042,1291.0,467.0,17.5,80.1,4.84,beans,A,95,2025-01-12,High potential,"Congo-Nile divide and Lake Kivu. Tea, coffee and highland potato; acid hill soils.",RAB; OFRA Rwanda; NISR
Rwanda,Western,Rubavu,Alluvial,alluvial,68,Agricultural,1944,1228.0,628.0,19.1,91.9,5.76,cassava,B,75,2025-05-31,Moderate potential,"Congo-Nile divide and Lake Kivu. Tea, coffee and highland potato; acid hill soils.",RAB; IITA; IFAD crop suitability
Rwanda,Western,Rubavu,Clayey,clayey,83,Agricultural,1513,1116.0,180.0,16.2,71.4,6.11,tomato,C,75,2024-08-21,Moderate potential,"Congo-Nile divide and Lake Kivu. Tea, coffee and highland potato; acid hill soils.",RAB; FAO ECOCROP
Rwanda,Western,Rubavu,Clayey,clayey,72,Agricultural,1876,1067.0,450.0,18.9,79.2,5.17,beans,A,97,2024-05-26,High potential,"Congo-Nile divide and Lake Kivu. Tea, coffee and highland potato; acid hill soils.",RAB; OFRA Rwanda; NISR
Rwanda,Western,Rubavu,Loamy,loamy,75,Marshland,1798,1772.0,746.0,18.9,82.5,4.93,potato,B,99,2024-03-26,High potential,"Congo-Nile divide and Lake Kivu. Tea, coffee and highland potato; acid hill soils.",RAB; CIP / RwaSIS; FAO ECOCROP; OFRA Rwanda
Rwanda,Western,Rubavu,Loamy,loamy,56,Agricultural,2366,1569.0,287.0,17.4,65.2,4.88,coffee,C,90,2023-12-10,High potential,"Congo-Nile divide and Lake Kivu. Tea, coffee and highland potato; acid hill soils.",NAEB; RAB; FAO ECOCROP
Rwanda,Western,Rubavu,Alluvial,alluvial,85,Agricultural,1815,1440.0,517.0,18.0,79.5,4.81,potato,A,74,2024-10-25,Moderate potential,"Congo-Nile divide and Lake Kivu. Tea, coffee and highland potato; acid hill soils.",RAB; CIP / RwaSIS; FAO ECOCROP; OFRA Rwanda
Rwanda,Western,Rubavu,Alluvial,alluvial,52,Agricultural,1977,1596.0,655.0,18.8,79.7,4.6,beans,B,93,2023-11-22,High potential,"Congo-Nile divide and Lake Kivu. Tea, coffee and highland potato; acid hill soils.",RAB; OFRA Rwanda; NISR
Rwanda,Western,Rubavu,Clayey,clayey,84,Agricultural,1937,1018.0,186.0,15.5,66.0,5.29,tomato,C,72,2025-06-24,Moderate potential,"Congo-Nile divide and Lake Kivu. Tea, coffee and highland potato; acid hill soils.",RAB; FAO ECOCROP
Rwanda,Western,Rubavu,Loamy,loamy,72,Agricultural,1981,1629.0,654.0,19.7,75.4,5.15,banana,A,95,2024-06-16,High potential,"Congo-Nile divide and Lake Kivu. Tea, coffee and highland potato; acid hill soils.",RAB; FAO ECOCROP; OFRA Rwanda
Rwanda,Western,Rubavu,Loamy,loamy,52,Agricultural,2052,1302.0,522.0,19.1,80.4,5.26,banana,B,95,2024-07-06,High potential,"Congo-Nile divide and Lake Kivu. Tea, coffee and highland potato; acid hill soils.",RAB; FAO ECOCROP; OFRA Rwanda
Rwanda,Western,Rubavu,Alluvial,alluvial,76,Homestead,1944,1258.0,237.0,19.8,67.5,5.52,beans,C,98,2024-11-13,High potential,"Congo-Nile divide and Lake Kivu. Tea, coffee and highland potato; acid hill soils.",RAB; OFRA Rwanda; NISR
Rwanda,Western,Rubavu,Alluvial,alluvial,79,Agricultural,1801,1488.0,560.0,17.4,81.1,5.69,banana,A,96,2025-02-14,High potential,"Congo-Nile divide and Lake Kivu. Tea, coffee and highland potato; acid hill soils.",RAB; FAO ECOCROP; OFRA Rwanda
Rwanda,Western,Rubavu,Loamy,loamy,79,Agricultural,1961,1536.0,685.0,20.6,85.4,5.76,tea,B,94,2025-06-06,High potential,"Congo-Nile divide and Lake Kivu. Tea, coffee and highland potato; acid hill soils.",NAEB; RAB; FAO ECOCROP
Rwanda,Western,Rubavu,Loamy,loamy,76,Marshland,2080,1367.0,215.0,15.6,67.0,5.78,coffee,C,90,2025-06-29,High potential,"Congo-Nile divide and Lake Kivu. Tea, coffee and highland potato; acid hill soils.",NAEB; RAB; FAO ECOCROP
Rwanda,Western,Rubavu,Clayey,clayey,82,Agricultural,2270,1396.0,469.0,20.1,74.2,4.67,maize,A,93,2024-08-04,High potential,"Congo-Nile divide and Lake Kivu. Tea, coffee and highland potato; acid hill soils.",RAB CIP; OFRA Rwanda; FAO ECOCROP
Rwanda,Western,Rubavu,Clayey,clayey,62,Agricultural,2400,1693.0,870.0,18.9,82.9,6.02,coffee,B,98,2024-02-26,High potential,"Congo-Nile divide and Lake Kivu. Tea, coffee and highland potato; acid hill soils.",NAEB; RAB; FAO ECOCROP
Rwanda,Western,Rubavu,Loamy,loamy,53,Agricultural,1413,1446.0,221.0,19.2,67.5,5.96,beans,C,98,2024-02-24,High potential,"Congo-Nile divide and Lake Kivu. Tea, coffee and highland potato; acid hill soils.",RAB; OFRA Rwanda; NISR
Rwanda,Western,Rubavu,Loamy,loamy,63,Agricultural,2411,1215.0,473.0,16.7,81.5,6.0,coffee,A,93,2025-02-23,High potential,"Congo-Nile divide and Lake Kivu. Tea, coffee and highland potato; acid hill soils.",NAEB; RAB; FAO ECOCROP
Rwanda,Western,Rubavu,Alluvial,alluvial,57,Agricultural,2228,1468.0,591.0,18.1,81.1,4.89,cassava,B,77,2023-09-10,Moderate potential,"Congo-Nile divide and Lake Kivu. Tea, coffee and highland potato; acid hill soils.",RAB; IITA; IFAD crop suitability
Rwanda,Western,Rubavu,Clayey,clayey,76,Agricultural,2394,1194.0,200.0,15.8,74.2,4.67,beans,C,91,2024-02-01,High potential,"Congo-Nile divide and Lake Kivu. Tea, coffee and highland potato; acid hill soils.",RAB; OFRA Rwanda; NISR
Rwanda,Western,Rubavu,Alluvial,alluvial,65,Agricultural,2492,1355.0,451.0,19.1,79.0,5.04,potato,A,75,2025-02-19,Moderate potential,"Congo-Nile divide and Lake Kivu. Tea, coffee and highland potato; acid hill soils.",RAB; CIP / RwaSIS; FAO ECOCROP; OFRA Rwanda
Rwanda,Western,Rubavu,Clayey,clayey,66,Homestead,1604,1453.0,701.0,19.7,93.5,6.03,tea,B,92,2024-02-20,High potential,"Congo-Nile divide and Lake Kivu. Tea, coffee and highland potato; acid hill soils.",NAEB; RAB; FAO ECOCROP
Rwanda,Western,Rubavu,Clayey,clayey,60,Agricultural,2350,953.0,173.0,16.3,66.4,5.05,tomato,C,72,2023-10-29,Moderate potential,"Congo-Nile divide and Lake Kivu. Tea, coffee and highland potato; acid hill soils.",RAB; FAO ECOCROP
Rwanda,Western,Rubavu,Alluvial,alluvial,52,Agricultural,2128,1611.0,547.0,19.2,79.7,6.0,banana,A,97,2024-02-08,High potential,"Congo-Nile divide and Lake Kivu. Tea, coffee and highland potato; acid hill soils.",RAB; FAO ECOCROP; OFRA Rwanda
Rwanda,Western,Rubavu,Clayey,clayey,72,Homestead,2078,1352.0,622.0,17.6,80.9,5.4,beans,B,99,2024-03-24,High potential,"Congo-Nile divide and Lake Kivu. Tea, coffee and highland potato; acid hill soils.",RAB; OFRA Rwanda; NISR
Rwanda,Western,Rubavu,Loamy,loamy,69,Fallow,1856,1246.0,208.0,16.1,63.5,5.81,tomato,C,98,2025-07-10,High potential,"Congo-Nile divide and Lake Kivu. Tea, coffee and highland potato; acid hill soils.",RAB; FAO ECOCROP
Rwanda,Western,Rubavu,Alluvial,alluvial,70,Fallow,1403,1104.0,417.0,17.6,85.4,5.01,coffee,A,71,2025-04-18,Moderate potential,"Congo-Nile divide and Lake Kivu. Tea, coffee and highland potato; acid hill soils.",NAEB; RAB; FAO ECOCROP
Rwanda,Western,Rubavu,Loamy,loamy,68,Agricultural,2259,1359.0,703.0,18.9,90.9,5.16,cassava,B,97,2024-02-19,High potential,"Congo-Nile divide and Lake Kivu. Tea, coffee and highland potato; acid hill soils.",RAB; IITA; IFAD crop suitability
Rwanda,Western,Rubavu,Loamy,loamy,52,Marshland,1516,979.0,149.0,16.6,67.2,5.77,beans,C,97,2023-11-16,High potential,"Congo-Nile divide and Lake Kivu. Tea, coffee and highland potato; acid hill soils.",RAB; OFRA Rwanda; NISR
Rwanda,Western,Rubavu,Clayey,clayey,53,Agricultural,1600,1162.0,443.0,18.9,85.0,4.78,tea,A,91,2025-07-21,High potential,"Congo-Nile divide and Lake Kivu. Tea, coffee and highland potato; acid hill soils.",NAEB; RAB; FAO ECOCROP
Rwanda,Western,Rubavu,Clayey,clayey,50,Agricultural,1871,1227.0,515.0,20.6,88.2,4.6,coffee,B,91,2024-01-19,High potential,"Congo-Nile divide and Lake Kivu. Tea, coffee and highland potato; acid hill soils.",NAEB; RAB; FAO ECOCROP
Rwanda,Western,Rubavu,Alluvial,alluvial,73,Marshland,2114,1447.0,214.0,17.4,73.2,6.01,sweet_potato,C,96,2024-10-10,High potential,"Congo-Nile divide and Lake Kivu. Tea, coffee and highland potato; acid hill soils.",RAB; CIP; FAO ECOCROP
Rwanda,Western,Rubavu,Loamy,loamy,75,Agricultural,2300,1565.0,574.0,21.6,85.8,4.64,coffee,A,92,2025-02-06,High potential,"Congo-Nile divide and Lake Kivu. Tea, coffee and highland potato; acid hill soils.",NAEB; RAB; FAO ECOCROP
Rwanda,Western,Rubavu,Alluvial,alluvial,72,Agricultural,2040,1044.0,443.0,16.7,82.8,5.66,beans,B,100,2025-07-24,High potential,"Congo-Nile divide and Lake Kivu. Tea, coffee and highland potato; acid hill soils.",RAB; OFRA Rwanda; NISR
Rwanda,Western,Rubavu,Clayey,clayey,65,Homestead,1766,1414.0,261.0,16.3,67.9,5.28,beans,C,97,2024-04-16,High potential,"Congo-Nile divide and Lake Kivu. Tea, coffee and highland potato; acid hill soils.",RAB; OFRA Rwanda; NISR
Rwanda,Western,Rubavu,Alluvial,alluvial,80,Agricultural,2376,1575.0,594.0,18.7,83.5,4.91,potato,A,76,2025-04-14,Moderate potential,"Congo-Nile divide and Lake Kivu. Tea, coffee and highland potato; acid hill soils.",RAB; CIP / RwaSIS; FAO ECOCROP; OFRA Rwanda
Rwanda,Western,Rubavu,Loamy,loamy,73,Agricultural,1439,1494.0,659.0,19.2,88.9,6.03,coffee,B,96,2024-10-15,High potential,"Congo-Nile divide and Lake Kivu. Tea, coffee and highland potato; acid hill soils.",NAEB; RAB; FAO ECOCROP
Rwanda,Western,Rubavu,Loamy,loamy,81,Agricultural,1789,1063.0,205.0,14.3,62.2,6.02,tomato,C,93,2024-09-25,High potential,"Congo-Nile divide and Lake Kivu. Tea, coffee and highland potato; acid hill soils.",RAB; FAO ECOCROP
Rwanda,Western,Rubavu,Clayey,clayey,76,Agricultural,1777,1584.0,594.0,19.4,80.8,5.05,beans,A,96,2024-08-13,High potential,"Congo-Nile divide and Lake Kivu. Tea, coffee and highland potato; acid hill soils.",RAB; OFRA Rwanda; NISR
Rwanda,Western,Rubavu,Clayey,clayey,70,Agricultural,1881,1717.0,763.0,20.3,91.3,5.39,banana,B,98,2023-12-26,High potential,"Congo-Nile divide and Lake Kivu. Tea, coffee and highland potato; acid hill soils.",RAB; FAO ECOCROP; OFRA Rwanda
Rwanda,Western,Rubavu,Clayey,clayey,63,Agricultural,2323,1501.0,265.0,17.1,70.7,5.6,beans,C,98,2024-06-11,High potential,"Congo-Nile divide and Lake Kivu. Tea, coffee and highland potato; acid hill soils.",RAB; OFRA Rwanda; NISR
Rwanda,Western,Rubavu,Clayey,clayey,72,Agricultural,1756,1254.0,465.0,17.5,79.0,4.81,banana,A,89,2024-06-23,High potential,"Congo-Nile divide and Lake Kivu. Tea, coffee and highland potato; acid hill soils.",RAB; FAO ECOCROP; OFRA Rwanda
Rwanda,Western,Rubavu,Loamy,loamy,57,Agricultural,2276,1471.0,670.0,18.8,85.0,5.97,coffee,B,96,2024-11-02,High potential,"Congo-Nile divide and Lake Kivu. Tea, coffee and highland potato; acid hill soils.",NAEB; RAB; FAO ECOCROP
Rwanda,Western,Rubavu,Loamy,loamy,50,Agricultural,2240,1170.0,191.0,15.0,65.2,4.7,sweet_potato,C,90,2023-09-06,High potential,"Congo-Nile divide and Lake Kivu. Tea, coffee and highland potato; acid hill soils.",RAB; CIP; FAO ECOCROP
Rwanda,Western,Rubavu,Loamy,loamy,65,Agricultural,1698,1312.0,527.0,16.9,82.0,4.63,coffee,A,91,2024-10-24,High potential,"Congo-Nile divide and Lake Kivu. Tea, coffee and highland potato; acid hill soils.",NAEB; RAB; FAO ECOCROP
Rwanda,Western,Rubavu,Clayey,clayey,65,Homestead,1692,1674.0,695.0,19.3,82.4,4.67,cassava,B,97,2024-10-18,High potential,"Congo-Nile divide and Lake Kivu. Tea, coffee and highland potato; acid hill soils.",RAB; IITA; IFAD crop suitability
Rwanda,Western,Rubavu,Alluvial,alluvial,51,Agricultural,1783,1510.0,281.0,16.1,67.4,5.23,sweet_potato,C,97,2025-05-18,High potential,"Congo-Nile divide and Lake Kivu. Tea, coffee and highland potato; acid hill soils.",RAB; CIP; FAO ECOCROP
Rwanda,Western,Rubavu,Alluvial,alluvial,85,Agricultural,1952,1266.0,488.0,18.5,79.8,5.17,coffee,A,72,2025-01-19,Moderate potential,"Congo-Nile divide and Lake Kivu. Tea, coffee and highland potato; acid hill soils.",NAEB; RAB; FAO ECOCROP
Rwanda,Western,Rubavu,Clayey,clayey,75,Marshland,2234,1506.0,668.0,20.9,87.3,5.75,tea,B,93,2024-05-02,High potential,"Congo-Nile divide and Lake Kivu. Tea, coffee and highland potato; acid hill soils.",NAEB; RAB; FAO ECOCROP
Rwanda,Western,Rubavu,Alluvial,alluvial,61,Agricultural,1526,1380.0,254.0,16.8,65.2,4.9,coffee,C,68,2024-09-23,Moderate potential,"Congo-Nile divide and Lake Kivu. Tea, coffee and highland potato; acid hill soils.",NAEB; RAB; FAO ECOCROP
Rwanda,Western,Rubavu,Clayey,clayey,77,Fallow,1979,1255.0,532.0,18.2,74.7,5.84,coffee,A,94,2024-12-20,High potential,"Congo-Nile divide and Lake Kivu. Tea, coffee and highland potato; acid hill soils.",NAEB; RAB; FAO ECOCROP
Rwanda,Western,Rubavu,Alluvial,alluvial,78,Agricultural,2248,1231.0,554.0,18.7,82.7,4.91,beans,B,95,2024-11-17,High potential,"Congo-Nile divide and Lake Kivu. Tea, coffee and highland potato; acid hill soils.",RAB; OFRA Rwanda; NISR
Rwanda,Western,Rubavu,Loamy,loamy,63,Agricultural,2014,1587.0,232.0,17.3,66.1,5.52,tea,C,86,2024-11-26,High potential,"Congo-Nile divide and Lake Kivu. Tea, coffee and highland potato; acid hill soils.",NAEB; RAB; FAO ECOCROP
Rwanda,Western,Rubavu,Alluvial,alluvial,72,Agricultural,1697,1434.0,505.0,20.9,89.8,6.16,banana,A,96,2024-06-07,High potential,"Congo-Nile divide and Lake Kivu. Tea, coffee and highland potato; acid hill soils.",RAB; FAO ECOCROP; OFRA Rwanda
Rwanda,Western,Rubavu,Loamy,loamy,55,Agricultural,1773,1711.0,883.0,18.9,81.4,5.76,coffee,B,99,2025-03-05,High potential,"Congo-Nile divide and Lake Kivu. Tea, coffee and highland potato; acid hill soils.",NAEB; RAB; FAO ECOCROP
Rwanda,Western,Rubavu,Clayey,clayey,57,Agricultural,1911,1684.0,275.0,16.0,70.2,5.73,tea,C,88,2024-06-12,High potential,"Congo-Nile divide and Lake Kivu. Tea, coffee and highland potato; acid hill soils.",NAEB; RAB; FAO ECOCROP
Rwanda,Western,Rubavu,Clayey,clayey,79,Agricultural,2397,1131.0,380.0,19.6,75.7,4.95,potato,A,74,2023-11-01,Moderate potential,"Congo-Nile divide and Lake Kivu. Tea, coffee and highland potato; acid hill soils.",RAB; CIP / RwaSIS; FAO ECOCROP; OFRA Rwanda
Rwanda,Western,Rubavu,Clayey,clayey,69,Agricultural,1816,1042.0,478.0,17.8,83.8,5.69,coffee,B,93,2024-10-02,High potential,"Congo-Nile divide and Lake Kivu. Tea, coffee and highland potato; acid hill soils.",NAEB; RAB; FAO ECOCROP
Rwanda,Western,Rubavu,Clayey,clayey,84,Agricultural,1469,923.0,165.0,15.3,68.0,4.77,tea,C,86,2024-08-03,High potential,"Congo-Nile divide and Lake Kivu. Tea, coffee and highland potato; acid hill soils.",NAEB; RAB; FAO ECOCROP
Rwanda,Western,Rubavu,Loamy,loamy,78,Agricultural,1884,1289.0,455.0,17.6,75.4,5.57,coffee,A,93,2024-11-13,High potential,"Congo-Nile divide and Lake Kivu. Tea, coffee and highland potato; acid hill soils.",NAEB; RAB; FAO ECOCROP
Rwanda,Western,Rubavu,Loamy,loamy,81,Homestead,2062,1094.0,555.0,18.4,79.4,4.62,beans,B,93,2024-06-13,High potential,"Congo-Nile divide and Lake Kivu. Tea, coffee and highland potato; acid hill soils.",RAB; OFRA Rwanda; NISR
Rwanda,Western,Rubavu,Alluvial,alluvial,68,Agricultural,2289,1304.0,238.0,16.0,62.5,5.89,coffee,C,68,2025-07-23,Moderate potential,"Congo-Nile divide and Lake Kivu. Tea, coffee and highland potato; acid hill soils.",NAEB; RAB; FAO ECOCROP
Rwanda,Western,Rubavu,Alluvial,alluvial,83,Agricultural,1784,1525.0,623.0,20.3,76.9,6.02,coffee,A,73,2023-11-03,Moderate potential,"Congo-Nile divide and Lake Kivu. Tea, coffee and highland potato; acid hill soils.",NAEB; RAB; FAO ECOCROP
Rwanda,Western,Rubavu,Alluvial,alluvial,71,Homestead,1775,1324.0,566.0,19.0,83.5,4.87,coffee,B,72,2024-03-01,Moderate potential,"Congo-Nile divide and Lake Kivu. Tea, coffee and highland potato; acid hill soils.",NAEB; RAB; FAO ECOCROP
Rwanda,Western,Rubavu,Loamy,loamy,51,Homestead,2178,1448.0,261.0,15.1,74.9,5.63,tea,C,88,2025-05-10,High potential,"Congo-Nile divide and Lake Kivu. Tea, coffee and highland potato; acid hill soils.",NAEB; RAB; FAO ECOCROP
Rwanda,Western,Rubavu,Clayey,clayey,52,Agricultural,2458,1341.0,517.0,18.6,87.1,5.55,beans,A,99,2024-05-25,High potential,"Congo-Nile divide and Lake Kivu. Tea, coffee and highland potato; acid hill soils.",RAB; OFRA Rwanda; NISR
Rwanda,Western,Rubavu,Alluvial,alluvial,81,Agricultural,2095,1696.0,870.0,20.2,81.9,4.79,cassava,B,76,2023-09-23,Moderate potential,"Congo-Nile divide and Lake Kivu. Tea, coffee and highland potato; acid hill soils.",RAB; IITA; IFAD crop suitability
Rwanda,Western,Rubavu,Loamy,loamy,60,Agricultural,1881,1546.0,237.0,15.2,61.0,5.52,beans,C,98,2024-06-04,High potential,"Congo-Nile divide and Lake Kivu. Tea, coffee and highland potato; acid hill soils.",RAB; OFRA Rwanda; NISR
Rwanda,Western,Rubavu,Clayey,clayey,75,Fallow,1673,1396.0,574.0,18.8,87.7,5.18,banana,A,95,2024-03-24,High potential,"Congo-Nile divide and Lake Kivu. Tea, coffee and highland potato; acid hill soils.",RAB; FAO ECOCROP; OFRA Rwanda
Rwanda,Western,Rubavu,Alluvial,alluvial,50,Agricultural,2029,1626.0,835.0,19.7,87.7,6.14,potato,B,78,2024-03-11,Moderate potential,"Congo-Nile divide and Lake Kivu. Tea, coffee and highland potato; acid hill soils.",RAB; CIP / RwaSIS; FAO ECOCROP; OFRA Rwanda
Rwanda,Western,Rubavu,Loamy,loamy,52,Homestead,1683,910.0,134.0,16.5,63.7,4.8,sweet_potato,C,92,2024-02-23,High potential,"Congo-Nile divide and Lake Kivu. Tea, coffee and highland potato; acid hill soils.",RAB; CIP; FAO ECOCROP
Rwanda,Western,Rubavu,Alluvial,alluvial,78,Homestead,1840,1264.0,533.0,21.3,84.2,5.79,beans,A,100,2025-02-02,High potential,"Congo-Nile divide and Lake Kivu. Tea, coffee and highland potato; acid hill soils.",RAB; OFRA Rwanda; NISR
Rwanda,Western,Rubavu,Clayey,clayey,70,Agricultural,1981,1375.0,536.0,18.7,85.8,4.6,potato,B,73,2025-06-04,Moderate potential,"Congo-Nile divide and Lake Kivu. Tea, coffee and highland potato; acid hill soils.",RAB; CIP / RwaSIS; FAO ECOCROP; OFRA Rwanda
Rwanda,Western,Rubavu,Clayey,clayey,50,Fallow,1438,1591.0,232.0,18.4,64.8,4.64,sweet_potato,C,70,2024-09-22,Moderate potential,"Congo-Nile divide and Lake Kivu. Tea, coffee and highland potato; acid hill soils.",RAB; CIP; FAO ECOCROP
Rwanda,Western,Rubavu,Alluvial,alluvial,52,Agricultural,1676,1045.0,400.0,20.1,84.9,5.56,beans,A,100,2025-07-20,High potential,"Congo-Nile divide and Lake Kivu. Tea, coffee and highland potato; acid hill soils.",RAB; OFRA Rwanda; NISR
Rwanda,Western,Rubavu,Alluvial,alluvial,50,Homestead,2287,1074.0,502.0,17.9,91.6,4.76,cassava,B,71,2025-01-29,Moderate potential,"Congo-Nile divide and Lake Kivu. Tea, coffee and highland potato; acid hill soils.",RAB; IITA; IFAD crop suitability
Rwanda,Western,Rubavu,Alluvial,alluvial,55,Agricultural,1820,955.0,185.0,16.9,65.7,6.14,coffee,C,68,2024-06-18,Moderate potential,"Congo-Nile divide and Lake Kivu. Tea, coffee and highland potato; acid hill soils.",NAEB; RAB; FAO ECOCROP
Rwanda,Western,Rubavu,Clayey,clayey,60,Marshland,1482,1247.0,464.0,17.4,83.0,4.8,beans,A,94,2024-05-25,High potential,"Congo-Nile divide and Lake Kivu. Tea, coffee and highland potato; acid hill soils.",RAB; OFRA Rwanda; NISR
Rwanda,Western,Rubavu,Loamy,loamy,63,Marshland,1814,1099.0,461.0,19.9,83.5,4.7,cassava,B,96,2025-05-10,High potential,"Congo-Nile divide and Lake Kivu. Tea, coffee and highland potato; acid hill soils.",RAB; IITA; IFAD crop suitability
Rwanda,Western,Rubavu,Clayey,clayey,84,Agricultural,1674,1354.0,217.0,14.9,71.8,5.45,tomato,C,73,2025-03-11,Moderate potential,"Congo-Nile divide and Lake Kivu. Tea, coffee and highland potato; acid hill soils.",RAB; FAO ECOCROP
Rwanda,Western,Rubavu,Loamy,loamy,64,Agricultural,2275,1687.0,700.0,17.5,85.4,5.94,maize,A,100,2025-06-18,High potential,"Congo-Nile divide and Lake Kivu. Tea, coffee and highland potato; acid hill soils.",RAB CIP; OFRA Rwanda; FAO ECOCROP
Rwanda,Western,Rubavu,Alluvial,alluvial,77,Agricultural,1990,1128.0,505.0,21.6,87.5,5.52,potato,B,72,2025-04-08,Moderate potential,"Congo-Nile divide and Lake Kivu. Tea, coffee and highland potato; acid hill soils.",RAB; CIP / RwaSIS; FAO ECOCROP; OFRA Rwanda
Rwanda,Western,Rutsiro,Alluvial,alluvial,80,Agricultural,1773,1522.0,532.0,17.3,74.8,4.62,banana,A,88,2025-04-03,High potential,"Congo-Nile divide and Lake Kivu. Tea, coffee and highland potato; acid hill soils.",RAB; FAO ECOCROP; OFRA Rwanda
Rwanda,Western,Rutsiro,Alluvial,alluvial,52,Agricultural,2425,1811.0,775.0,17.7,82.0,4.84,potato,B,77,2025-07-02,Moderate potential,"Congo-Nile divide and Lake Kivu. Tea, coffee and highland potato; acid hill soils.",RAB; CIP / RwaSIS; FAO ECOCROP; OFRA Rwanda
Rwanda,Western,Rutsiro,Alluvial,alluvial,60,Agricultural,2117,1822.0,327.0,14.6,65.8,4.97,tomato,C,91,2024-11-24,High potential,"Congo-Nile divide and Lake Kivu. Tea, coffee and highland potato; acid hill soils.",RAB; FAO ECOCROP
Rwanda,Western,Rutsiro,Loamy,loamy,84,Agricultural,2329,2018.0,725.0,19.9,83.0,5.33,potato,A,100,2025-04-18,High potential,"Congo-Nile divide and Lake Kivu. Tea, coffee and highland potato; acid hill soils.",RAB; CIP / RwaSIS; FAO ECOCROP; OFRA Rwanda
Rwanda,Western,Rutsiro,Clayey,clayey,67,Agricultural,1656,1616.0,766.0,17.8,84.8,4.82,cassava,B,98,2025-03-16,High potential,"Congo-Nile divide and Lake Kivu. Tea, coffee and highland potato; acid hill soils.",RAB; IITA; IFAD crop suitability
Rwanda,Western,Rutsiro,Clayey,clayey,65,Agricultural,1785,1321.0,240.0,17.0,69.2,5.14,tea,C,88,2025-02-16,High potential,"Congo-Nile divide and Lake Kivu. Tea, coffee and highland potato; acid hill soils.",NAEB; RAB; FAO ECOCROP
Rwanda,Western,Rutsiro,Clayey,clayey,55,Marshland,2219,2019.0,785.0,17.4,85.8,5.89,tea,A,94,2025-04-27,High potential,"Congo-Nile divide and Lake Kivu. Tea, coffee and highland potato; acid hill soils.",NAEB; RAB; FAO ECOCROP
Rwanda,Western,Rutsiro,Clayey,clayey,56,Agricultural,1466,1662.0,815.0,17.5,80.1,6.09,cassava,B,99,2024-06-19,High potential,"Congo-Nile divide and Lake Kivu. Tea, coffee and highland potato; acid hill soils.",RAB; IITA; IFAD crop suitability
Rwanda,Western,Rutsiro,Loamy,loamy,80,Agricultural,1794,1573.0,286.0,15.8,66.9,5.64,tomato,C,98,2024-05-10,High potential,"Congo-Nile divide and Lake Kivu. Tea, coffee and highland potato; acid hill soils.",RAB; FAO ECOCROP
Rwanda,Western,Rutsiro,Alluvial,alluvial,85,Agricultural,1811,1464.0,546.0,16.7,77.1,5.7,potato,A,76,2024-05-07,Moderate potential,"Congo-Nile divide and Lake Kivu. Tea, coffee and highland potato; acid hill soils.",RAB; CIP / RwaSIS; FAO ECOCROP; OFRA Rwanda
Rwanda,Western,Rutsiro,Clayey,clayey,74,Agricultural,2009,1447.0,656.0,17.8,79.2,5.03,tea,B,93,2024-05-30,High potential,"Congo-Nile divide and Lake Kivu. Tea, coffee and highland potato; acid hill soils.",NAEB; RAB; FAO ECOCROP
Rwanda,Western,Rutsiro,Loamy,loamy,84,Fallow,2367,1743.0,285.0,15.5,68.5,5.15,tomato,C,95,2023-09-04,High potential,"Congo-Nile divide and Lake Kivu. Tea, coffee and highland potato; acid hill soils.",RAB; FAO ECOCROP
Rwanda,Western,Rutsiro,Clayey,clayey,70,Marshland,1966,1300.0,446.0,17.9,79.0,5.6,banana,A,95,2025-06-21,High potential,"Congo-Nile divide and Lake Kivu. Tea, coffee and highland potato; acid hill soils.",RAB; FAO ECOCROP; OFRA Rwanda
Rwanda,Western,Rutsiro,Alluvial,alluvial,71,Agricultural,1677,1865.0,783.0,18.6,81.7,4.91,potato,B,77,2024-01-28,Moderate potential,"Congo-Nile divide and Lake Kivu. Tea, coffee and highland potato; acid hill soils.",RAB; CIP / RwaSIS; FAO ECOCROP; OFRA Rwanda
Rwanda,Western,Rutsiro,Clayey,clayey,78,Agricultural,2488,1218.0,196.0,15.6,70.3,4.91,tea,C,87,2023-11-06,High potential,"Congo-Nile divide and Lake Kivu. Tea, coffee and highland potato; acid hill soils.",NAEB; RAB; FAO ECOCROP
Rwanda,Western,Rutsiro,Alluvial,alluvial,57,Marshland,2306,1856.0,677.0,15.7,90.4,5.6,tea,A,71,2024-08-03,Moderate potential,"Congo-Nile divide and Lake Kivu. Tea, coffee and highland potato; acid hill soils.",NAEB; RAB; FAO ECOCROP
Rwanda,Western,Rutsiro,Clayey,clayey,50,Marshland,1616,1938.0,1000.0,17.7,91.3,6.01,cassava,B,96,2025-07-12,High potential,"Congo-Nile divide and Lake Kivu. Tea, coffee and highland potato; acid hill soils.",RAB; IITA; IFAD crop suitability
Rwanda,Western,Rutsiro,Clayey,clayey,69,Agricultural,1834,1648.0,242.0,15.5,72.7,5.32,tomato,C,73,2025-05-28,Moderate potential,"Congo-Nile divide and Lake Kivu. Tea, coffee and highland potato; acid hill soils.",RAB; FAO ECOCROP
Rwanda,Western,Rutsiro,Loamy,loamy,55,Agricultural,1460,1680.0,547.0,17.6,83.5,5.5,coffee,A,94,2024-04-16,High potential,"Congo-Nile divide and Lake Kivu. Tea, coffee and highland potato; acid hill soils.",NAEB; RAB; FAO ECOCROP
Rwanda,Western,Rutsiro,Clayey,clayey,82,Agricultural,1655,1961.0,813.0,16.1,88.3,5.74,potato,B,78,2025-02-11,Moderate potential,"Congo-Nile divide and Lake Kivu. Tea, coffee and highland potato; acid hill soils.",RAB; CIP / RwaSIS; FAO ECOCROP; OFRA Rwanda
Rwanda,Western,Rutsiro,Clayey,clayey,55,Homestead,2426,1644.0,251.0,16.8,62.7,4.81,coffee,C,89,2024-05-01,High potential,"Congo-Nile divide and Lake Kivu. Tea, coffee and highland potato; acid hill soils.",NAEB; RAB; FAO ECOCROP
Rwanda,Western,Rutsiro,Alluvial,alluvial,54,Agricultural,2277,1546.0,546.0,16.6,84.0,5.93,maize,A,100,2023-12-11,High potential,"Congo-Nile divide and Lake Kivu. Tea, coffee and highland potato; acid hill soils.",RAB CIP; OFRA Rwanda; FAO ECOCROP
Rwanda,Western,Rutsiro,Alluvial,alluvial,54,Agricultural,2367,2026.0,900.0,17.6,79.4,5.66,potato,B,78,2024-04-26,Moderate potential,"Congo-Nile divide and Lake Kivu. Tea, coffee and highland potato; acid hill soils.",RAB; CIP / RwaSIS; FAO ECOCROP; OFRA Rwanda
Rwanda,Western,Rutsiro,Alluvial,alluvial,66,Agricultural,1535,1282.0,211.0,14.6,65.8,5.05,beans,C,93,2024-06-08,High potential,"Congo-Nile divide and Lake Kivu. Tea, coffee and highland potato; acid hill soils.",RAB; OFRA Rwanda; NISR
Rwanda,Western,Rutsiro,Loamy,loamy,57,Agricultural,1452,1998.0,750.0,17.1,93.2,5.12,tea,A,94,2024-08-04,High potential,"Congo-Nile divide and Lake Kivu. Tea, coffee and highland potato; acid hill soils.",NAEB; RAB; FAO ECOCROP
Rwanda,Western,Rutsiro,Alluvial,alluvial,83,Homestead,2045,2047.0,859.0,19.8,87.3,5.28,beans,B,97,2024-01-27,High potential,"Congo-Nile divide and Lake Kivu. Tea, coffee and highland potato; acid hill soils.",RAB; OFRA Rwanda; NISR
Rwanda,Western,Rutsiro,Clayey,clayey,74,Agricultural,2393,1877.0,318.0,16.3,68.8,4.81,beans,C,93,2024-08-13,High potential,"Congo-Nile divide and Lake Kivu. Tea, coffee and highland potato; acid hill soils.",RAB; OFRA Rwanda; NISR
Rwanda,Western,Rutsiro,Clayey,clayey,81,Agricultural,2019,1673.0,605.0,18.6,82.7,5.36,tea,A,93,2024-03-04,High potential,"Congo-Nile divide and Lake Kivu. Tea, coffee and highland potato; acid hill soils.",NAEB; RAB; FAO ECOCROP
Rwanda,Western,Rutsiro,Loamy,loamy,59,Agricultural,1555,1751.0,761.0,17.5,91.2,5.73,tea,B,95,2024-04-21,High potential,"Congo-Nile divide and Lake Kivu. Tea, coffee and highland potato; acid hill soils.",NAEB; RAB; FAO ECOCROP
Rwanda,Western,Rutsiro,Clayey,clayey,67,Homestead,2319,1734.0,259.0,15.7,68.8,4.87,tomato,C,70,2025-03-02,Moderate potential,"Congo-Nile divide and Lake Kivu. Tea, coffee and highland potato; acid hill soils.",RAB; FAO ECOCROP
Rwanda,Western,Rutsiro,Alluvial,alluvial,73,Agricultural,1560,1672.0,697.0,18.8,76.1,5.48,banana,A,99,2025-07-03,High potential,"Congo-Nile divide and Lake Kivu. Tea, coffee and highland potato; acid hill soils.",RAB; FAO ECOCROP; OFRA Rwanda
Rwanda,Western,Rutsiro,Clayey,clayey,65,Agricultural,1654,1642.0,642.0,18.8,87.2,4.79,cassava,B,97,2025-03-06,High potential,"Congo-Nile divide and Lake Kivu. Tea, coffee and highland potato; acid hill soils.",RAB; IITA; IFAD crop suitability
Rwanda,Western,Rutsiro,Loamy,loamy,81,Homestead,2341,1321.0,205.0,15.1,63.5,5.78,tomato,C,95,2024-07-15,High potential,"Congo-Nile divide and Lake Kivu. Tea, coffee and highland potato; acid hill soils.",RAB; FAO ECOCROP
Rwanda,Western,Rutsiro,Clayey,clayey,61,Fallow,2290,1511.0,577.0,18.4,79.7,5.47,coffee,A,95,2023-09-10,High potential,"Congo-Nile divide and Lake Kivu. Tea, coffee and highland potato; acid hill soils.",NAEB; RAB; FAO ECOCROP
Rwanda,Western,Rutsiro,Clayey,clayey,72,Marshland,2124,1925.0,761.0,17.0,88.7,5.55,banana,B,97,2024-07-08,High potential,"Congo-Nile divide and Lake Kivu. Tea, coffee and highland potato; acid hill soils.",RAB; FAO ECOCROP; OFRA Rwanda
Rwanda,Western,Rutsiro,Loamy,loamy,81,Agricultural,1569,1241.0,197.0,17.4,66.8,5.39,coffee,C,90,2025-02-06,High potential,"Congo-Nile divide and Lake Kivu. Tea, coffee and highland potato; acid hill soils.",NAEB; RAB; FAO ECOCROP
Rwanda,Western,Rutsiro,Alluvial,alluvial,76,Agricultural,2187,1967.0,822.0,18.2,83.6,5.64,maize,A,100,2025-05-08,High potential,"Congo-Nile divide and Lake Kivu. Tea, coffee and highland potato; acid hill soils.",RAB CIP; OFRA Rwanda; FAO ECOCROP
Rwanda,Western,Rutsiro,Clayey,clayey,65,Agricultural,2339,1517.0,760.0,19.8,82.1,5.91,tea,B,94,2025-01-12,High potential,"Congo-Nile divide and Lake Kivu. Tea, coffee and highland potato; acid hill soils.",NAEB; RAB; FAO ECOCROP
Rwanda,Western,Rutsiro,Loamy,loamy,72,Agricultural,1745,1465.0,248.0,15.9,65.8,4.98,tomato,C,94,2023-11-12,High potential,"Congo-Nile divide and Lake Kivu. Tea, coffee and highland potato; acid hill soils.",RAB; FAO ECOCROP
Rwanda,Western,Rutsiro,Alluvial,alluvial,84,Agricultural,1998,1875.0,630.0,18.2,75.9,5.64,beans,A,100,2024-08-03,High potential,"Congo-Nile divide and Lake Kivu. Tea, coffee and highland potato; acid hill soils.",RAB; OFRA Rwanda; NISR
Rwanda,Western,Rutsiro,Loamy,loamy,59,Agricultural,2058,1289.0,524.0,17.5,90.0,5.85,banana,B,95,2025-07-23,High potential,"Congo-Nile divide and Lake Kivu. Tea, coffee and highland potato; acid hill soils.",RAB; FAO ECOCROP; OFRA Rwanda
Rwanda,Western,Rutsiro,Clayey,clayey,62,Agricultural,1803,1575.0,250.0,14.5,67.2,5.28,sweet_potato,C,71,2025-05-28,Moderate potential,"Congo-Nile divide and Lake Kivu. Tea, coffee and highland potato; acid hill soils.",RAB; CIP; FAO ECOCROP
Rwanda,Western,Rutsiro,Alluvial,alluvial,80,Agricultural,1421,1490.0,616.0,17.0,80.7,5.02,tea,A,71,2023-11-28,Moderate potential,"Congo-Nile divide and Lake Kivu. Tea, coffee and highland potato; acid hill soils.",NAEB; RAB; FAO ECOCROP
Rwanda,Western,Rutsiro,Loamy,loamy,84,Agricultural,1917,1864.0,839.0,17.2,83.9,5.66,tea,B,95,2023-09-17,High potential,"Congo-Nile divide and Lake Kivu. Tea, coffee and highland potato; acid hill soils.",NAEB; RAB; FAO ECOCROP
Rwanda,Western,Rutsiro,Alluvial,alluvial,76,Agricultural,2084,1625.0,315.0,15.2,64.3,5.96,beans,C,99,2023-11-30,High potential,"Congo-Nile divide and Lake Kivu. Tea, coffee and highland potato; acid hill soils.",RAB; OFRA Rwanda; NISR
Rwanda,Western,Rutsiro,Alluvial,alluvial,69,Agricultural,1913,1807.0,689.0,17.2,75.9,5.99,beans,A,100,2024-12-14,High potential,"Congo-Nile divide and Lake Kivu. Tea, coffee and highland potato; acid hill soils.",RAB; OFRA Rwanda; NISR
Rwanda,Western,Rutsiro,Loamy,loamy,70,Agricultural,2259,1633.0,666.0,19.5,91.8,4.97,potato,B,98,2025-01-13,High potential,"Congo-Nile divide and Lake Kivu. Tea, coffee and highland potato; acid hill soils.",RAB; CIP / RwaSIS; FAO ECOCROP; OFRA Rwanda
Rwanda,Western,Rutsiro,Alluvial,alluvial,56,Marshland,2076,1414.0,228.0,13.4,73.1,6.14,coffee,C,64,2024-08-21,Moderate potential,"Congo-Nile divide and Lake Kivu. Tea, coffee and highland potato; acid hill soils.",NAEB; RAB; FAO ECOCROP
Rwanda,Western,Rutsiro,Loamy,loamy,67,Agricultural,2006,1558.0,618.0,17.9,75.9,6.16,potato,A,99,2024-07-27,High potential,"Congo-Nile divide and Lake Kivu. Tea, coffee and highland potato; acid hill soils.",RAB; CIP / RwaSIS; FAO ECOCROP; OFRA Rwanda
Rwanda,Western,Rutsiro,Loamy,loamy,51,Homestead,2099,2011.0,850.0,19.4,84.8,4.95,potato,B,100,2024-12-22,High potential,"Congo-Nile divide and Lake Kivu. Tea, coffee and highland potato; acid hill soils.",RAB; CIP / RwaSIS; FAO ECOCROP; OFRA Rwanda
Rwanda,Western,Rutsiro,Loamy,loamy,51,Agricultural,1884,1923.0,307.0,13.9,64.5,4.79,tea,C,86,2025-07-18,High potential,"Congo-Nile divide and Lake Kivu. Tea, coffee and highland potato; acid hill soils.",NAEB; RAB; FAO ECOCROP
Rwanda,Western,Rutsiro,Alluvial,alluvial,51,Agricultural,2068,2003.0,795.0,17.8,78.3,6.12,banana,A,99,2023-10-23,High potential,"Congo-Nile divide and Lake Kivu. Tea, coffee and highland potato; acid hill soils.",RAB; FAO ECOCROP; OFRA Rwanda
Rwanda,Western,Rutsiro,Loamy,loamy,74,Agricultural,2332,1292.0,558.0,16.6,84.6,5.01,tea,B,92,2025-05-23,High potential,"Congo-Nile divide and Lake Kivu. Tea, coffee and highland potato; acid hill soils.",NAEB; RAB; FAO ECOCROP
Rwanda,Western,Rutsiro,Clayey,clayey,69,Marshland,2086,1941.0,324.0,15.4,68.7,5.19,tomato,C,73,2025-05-27,Moderate potential,"Congo-Nile divide and Lake Kivu. Tea, coffee and highland potato; acid hill soils.",RAB; FAO ECOCROP
Rwanda,Western,Rutsiro,Alluvial,alluvial,64,Fallow,2060,1494.0,602.0,14.7,81.0,5.25,potato,A,77,2023-11-11,Moderate potential,"Congo-Nile divide and Lake Kivu. Tea, coffee and highland potato; acid hill soils.",RAB; CIP / RwaSIS; FAO ECOCROP; OFRA Rwanda
Rwanda,Western,Rutsiro,Loamy,loamy,68,Agricultural,2262,2103.0,823.0,17.2,83.8,5.12,cassava,B,98,2025-05-20,High potential,"Congo-Nile divide and Lake Kivu. Tea, coffee and highland potato; acid hill soils.",RAB; IITA; IFAD crop suitability
Rwanda,Western,Rutsiro,Alluvial,alluvial,56,Marshland,2199,1542.0,246.0,15.9,66.7,5.7,tea,C,64,2024-09-18,Moderate potential,"Congo-Nile divide and Lake Kivu. Tea, coffee and highland potato; acid hill soils.",NAEB; RAB; FAO ECOCROP
Rwanda,Western,Rutsiro,Loamy,loamy,76,Agricultural,1991,1583.0,521.0,18.9,80.4,6.12,tea,A,89,2025-05-24,High potential,"Congo-Nile divide and Lake Kivu. Tea, coffee and highland potato; acid hill soils.",NAEB; RAB; FAO ECOCROP
Rwanda,Western,Rutsiro,Alluvial,alluvial,75,Homestead,1947,2002.0,797.0,17.9,89.4,4.6,beans,B,91,2024-09-22,High potential,"Congo-Nile divide and Lake Kivu. Tea, coffee and highland potato; acid hill soils.",RAB; OFRA Rwanda; NISR
Rwanda,Western,Rutsiro,Clayey,clayey,63,Agricultural,1916,1471.0,265.0,15.0,69.4,5.01,beans,C,94,2023-10-15,High potential,"Congo-Nile divide and Lake Kivu. Tea, coffee and highland potato; acid hill soils.",RAB; OFRA Rwanda; NISR
Rwanda,Western,Rutsiro,Loamy,loamy,57,Marshland,2238,1666.0,546.0,16.8,80.5,4.94,banana,A,89,2025-07-27,High potential,"Congo-Nile divide and Lake Kivu. Tea, coffee and highland potato; acid hill soils.",RAB; FAO ECOCROP; OFRA Rwanda
Rwanda,Western,Rutsiro,Loamy,loamy,55,Agricultural,2067,2093.0,1065.0,17.3,82.5,4.83,banana,B,93,2024-07-12,High potential,"Congo-Nile divide and Lake Kivu. Tea, coffee and highland potato; acid hill soils.",RAB; FAO ECOCROP; OFRA Rwanda
Rwanda,Western,Rutsiro,Clayey,clayey,62,Agricultural,1915,1848.0,355.0,15.3,68.5,5.24,beans,C,97,2024-03-07,High potential,"Congo-Nile divide and Lake Kivu. Tea, coffee and highland potato; acid hill soils.",RAB; OFRA Rwanda; NISR
Rwanda,Western,Rutsiro,Clayey,clayey,84,Agricultural,1978,2018.0,806.0,17.5,75.0,5.32,tea,A,95,2025-04-18,High potential,"Congo-Nile divide and Lake Kivu. Tea, coffee and highland potato; acid hill soils.",NAEB; RAB; FAO ECOCROP
Rwanda,Western,Rutsiro,Alluvial,alluvial,68,Agricultural,1849,1585.0,613.0,16.0,88.7,5.28,banana,B,91,2024-06-02,High potential,"Congo-Nile divide and Lake Kivu. Tea, coffee and highland potato; acid hill soils.",RAB; FAO ECOCROP; OFRA Rwanda
Rwanda,Western,Rutsiro,Loamy,loamy,71,Agricultural,2491,1296.0,198.0,14.6,64.9,5.45,coffee,C,89,2024-09-21,High potential,"Congo-Nile divide and Lake Kivu. Tea, coffee and highland potato; acid hill soils.",NAEB; RAB; FAO ECOCROP
Rwanda,Western,Rutsiro,Clayey,clayey,50,Agricultural,1878,1617.0,591.0,17.5,81.7,5.67,potato,A,77,2025-01-22,Moderate potential,"Congo-Nile divide and Lake Kivu. Tea, coffee and highland potato; acid hill soils.",RAB; CIP / RwaSIS; FAO ECOCROP; OFRA Rwanda
Rwanda,Western,Rutsiro,Loamy,loamy,58,Marshland,1868,1758.0,855.0,17.5,86.7,5.3,beans,B,98,2024-01-16,High potential,"Congo-Nile divide and Lake Kivu. Tea, coffee and highland potato; acid hill soils.",RAB; OFRA Rwanda; NISR
Rwanda,Western,Rutsiro,Loamy,loamy,63,Agricultural,1567,1427.0,226.0,15.9,80.5,5.56,coffee,C,90,2025-04-20,High potential,"Congo-Nile divide and Lake Kivu. Tea, coffee and highland potato; acid hill soils.",NAEB; RAB; FAO ECOCROP
Rwanda,Western,Rutsiro,Loamy,loamy,62,Agricultural,1679,1568.0,638.0,19.5,81.2,5.3,coffee,A,95,2023-11-04,High potential,"Congo-Nile divide and Lake Kivu. Tea, coffee and highland potato; acid hill soils.",NAEB; RAB; FAO ECOCROP
Rwanda,Western,Rutsiro,Clayey,clayey,80,Agricultural,2109,2045.0,943.0,18.7,88.0,5.47,potato,B,78,2024-10-03,Moderate potential,"Congo-Nile divide and Lake Kivu. Tea, coffee and highland potato; acid hill soils.",RAB; CIP / RwaSIS; FAO ECOCROP; OFRA Rwanda
Rwanda,Western,Rutsiro,Clayey,clayey,80,Agricultural,1983,1797.0,343.0,15.0,66.0,4.79,sweet_potato,C,70,2023-09-20,Moderate potential,"Congo-Nile divide and Lake Kivu. Tea, coffee and highland potato; acid hill soils.",RAB; CIP; FAO ECOCROP
Rwanda,Western,Rutsiro,Clayey,clayey,60,Agricultural,1404,1461.0,519.0,17.1,81.8,5.62,coffee,A,94,2023-11-26,High potential,"Congo-Nile divide and Lake Kivu. Tea, coffee and highland potato; acid hill soils.",NAEB; RAB; FAO ECOCROP
Rwanda,Western,Rutsiro,Loamy,loamy,85,Agricultural,2367,1347.0,688.0,19.0,87.7,5.69,beans,B,99,2024-06-26,High potential,"Congo-Nile divide and Lake Kivu. Tea, coffee and highland potato; acid hill soils.",RAB; OFRA Rwanda; NISR
Rwanda,Western,Rutsiro,Alluvial,alluvial,59,Fallow,1817,1713.0,292.0,14.3,72.6,4.96,beans,C,93,2024-07-15,High potential,"Congo-Nile divide and Lake Kivu. Tea, coffee and highland potato; acid hill soils.",RAB; OFRA Rwanda; NISR
Rwanda,Western,Rutsiro,Alluvial,alluvial,80,Agricultural,2284,1805.0,686.0,18.0,74.1,4.88,maize,A,95,2024-06-15,High potential,"Congo-Nile divide and Lake Kivu. Tea, coffee and highland potato; acid hill soils.",RAB CIP; OFRA Rwanda; FAO ECOCROP
Rwanda,Western,Rutsiro,Alluvial,alluvial,81,Agricultural,1789,1580.0,646.0,20.0,84.9,5.89,tea,B,70,2023-11-15,Moderate potential,"Congo-Nile divide and Lake Kivu. Tea, coffee and highland potato; acid hill soils.",NAEB; RAB; FAO ECOCROP
Rwanda,Western,Rutsiro,Alluvial,alluvial,74,Agricultural,2157,1787.0,270.0,15.1,73.5,5.54,coffee,C,69,2025-01-03,Moderate potential,"Congo-Nile divide and Lake Kivu. Tea, coffee and highland potato; acid hill soils.",NAEB; RAB; FAO ECOCROP
Rwanda,Western,Rutsiro,Clayey,clayey,75,Agricultural,2113,1764.0,765.0,15.8,79.2,5.33,maize,A,98,2025-06-14,High potential,"Congo-Nile divide and Lake Kivu. Tea, coffee and highland potato; acid hill soils.",RAB CIP; OFRA Rwanda; FAO ECOCROP
Rwanda,Western,Rutsiro,Clayey,clayey,59,Agricultural,1574,1879.0,923.0,20.0,87.6,4.9,coffee,B,98,2025-07-09,High potential,"Congo-Nile divide and Lake Kivu. Tea, coffee and highland potato; acid hill soils.",NAEB; RAB; FAO ECOCROP
Rwanda,Western,Rutsiro,Loamy,loamy,61,Marshland,1760,1411.0,256.0,16.7,59.2,5.79,coffee,C,90,2024-06-07,High potential,"Congo-Nile divide and Lake Kivu. Tea, coffee and highland potato; acid hill soils.",NAEB; RAB; FAO ECOCROP
Rwanda,Western,Rutsiro,Alluvial,alluvial,52,Agricultural,1899,1477.0,562.0,17.1,75.6,5.06,tea,A,70,2024-01-29,Moderate potential,"Congo-Nile divide and Lake Kivu. Tea, coffee and highland potato; acid hill soils.",NAEB; RAB; FAO ECOCROP
Rwanda,Western,Rutsiro,Clayey,clayey,60,Marshland,1666,1658.0,811.0,17.0,82.8,4.91,coffee,B,97,2023-10-03,High potential,"Congo-Nile divide and Lake Kivu. Tea, coffee and highland potato; acid hill soils.",NAEB; RAB; FAO ECOCROP
Rwanda,Western,Rutsiro,Alluvial,alluvial,72,Agricultural,2399,1603.0,270.0,14.7,68.1,4.63,tomato,C,88,2024-01-07,High potential,"Congo-Nile divide and Lake Kivu. Tea, coffee and highland potato; acid hill soils.",RAB; FAO ECOCROP
Rwanda,Western,Rutsiro,Alluvial,alluvial,84,Agricultural,1536,1466.0,487.0,17.4,82.1,5.47,maize,A,100,2023-10-05,High potential,"Congo-Nile divide and Lake Kivu. Tea, coffee and highland potato; acid hill soils.",RAB CIP; OFRA Rwanda; FAO ECOCROP
Rwanda,Western,Rutsiro,Loamy,loamy,84,Agricultural,2122,1318.0,630.0,17.1,86.0,4.7,banana,B,89,2024-05-09,High potential,"Congo-Nile divide and Lake Kivu. Tea, coffee and highland potato; acid hill soils.",RAB; FAO ECOCROP; OFRA Rwanda
Rwanda,Western,Rutsiro,Loamy,loamy,82,Agricultural,1822,1657.0,248.0,14.9,70.6,4.84,coffee,C,89,2024-07-22,High potential,"Congo-Nile divide and Lake Kivu. Tea, coffee and highland potato; acid hill soils.",NAEB; RAB; FAO ECOCROP
Rwanda,Western,Rutsiro,Loamy,loamy,52,Fallow,1832,1539.0,607.0,17.1,76.4,6.11,beans,A,100,2024-12-07,High potential,"Congo-Nile divide and Lake Kivu. Tea, coffee and highland potato; acid hill soils.",RAB; OFRA Rwanda; NISR
Rwanda,Western,Rutsiro,Loamy,loamy,75,Marshland,1852,1688.0,870.0,19.4,89.5,4.83,beans,B,92,2025-06-06,High potential,"Congo-Nile divide and Lake Kivu. Tea, coffee and highland potato; acid hill soils.",RAB; OFRA Rwanda; NISR
Rwanda,Western,Rutsiro,Alluvial,alluvial,85,Agricultural,2340,1855.0,330.0,15.2,74.0,5.23,sweet_potato,C,96,2025-03-23,High potential,"Congo-Nile divide and Lake Kivu. Tea, coffee and highland potato; acid hill soils.",RAB; CIP; FAO ECOCROP
Rwanda,Western,Rutsiro,Alluvial,alluvial,78,Agricultural,1725,1600.0,518.0,16.6,84.3,5.71,potato,A,76,2025-03-02,Moderate potential,"Congo-Nile divide and Lake Kivu. Tea, coffee and highland potato; acid hill soils.",RAB; CIP / RwaSIS; FAO ECOCROP; OFRA Rwanda
Rwanda,Western,Rutsiro,Alluvial,alluvial,56,Agricultural,2471,1451.0,597.0,15.3,84.1,5.6,tea,B,70,2023-12-27,Moderate potential,"Congo-Nile divide and Lake Kivu. Tea, coffee and highland potato; acid hill soils.",NAEB; RAB; FAO ECOCROP
Rwanda,Western,Rutsiro,Alluvial,alluvial,66,Agricultural,2395,1448.0,240.0,15.6,59.9,5.06,tea,C,61,2024-12-29,Moderate potential,"Congo-Nile divide and Lake Kivu. Tea, coffee and highland potato; acid hill soils.",NAEB; RAB; FAO ECOCROP
Rwanda,Western,Rutsiro,Loamy,loamy,81,Homestead,1861,1778.0,647.0,16.7,77.7,5.01,beans,A,96,2023-11-13,High potential,"Congo-Nile divide and Lake Kivu. Tea, coffee and highland potato; acid hill soils.",RAB; OFRA Rwanda; NISR
Rwanda,Western,Rutsiro,Loamy,loamy,70,Agricultural,2334,1820.0,896.0,17.9,89.9,5.42,banana,B,99,2024-06-03,High potential,"Congo-Nile divide and Lake Kivu. Tea, coffee and highland potato; acid hill soils.",RAB; FAO ECOCROP; OFRA Rwanda
Rwanda,Western,Rutsiro,Clayey,clayey,72,Homestead,1962,1252.0,238.0,15.8,69.1,5.94,tea,C,86,2025-07-02,High potential,"Congo-Nile divide and Lake Kivu. Tea, coffee and highland potato; acid hill soils.",NAEB; RAB; FAO ECOCROP
Rwanda,Western,Rutsiro,Clayey,clayey,77,Homestead,1622,1965.0,853.0,17.3,78.6,5.83,coffee,A,98,2024-12-06,High potential,"Congo-Nile divide and Lake Kivu. Tea, coffee and highland potato; acid hill soils.",NAEB; RAB; FAO ECOCROP
Rwanda,Western,Rutsiro,Alluvial,alluvial,73,Agricultural,1944,1924.0,824.0,17.0,90.8,4.82,cassava,B,71,2024-08-01,Moderate potential,"Congo-Nile divide and Lake Kivu. Tea, coffee and highland potato; acid hill soils.",RAB; IITA; IFAD crop suitability
Rwanda,Western,Rutsiro,Alluvial,alluvial,64,Marshland,2000,1335.0,246.0,14.0,69.6,5.72,tomato,C,93,2024-06-10,High potential,"Congo-Nile divide and Lake Kivu. Tea, coffee and highland potato; acid hill soils.",RAB; FAO ECOCROP
Rwanda,Western,Rutsiro,Loamy,loamy,71,Agricultural,2045,1778.0,648.0,18.4,75.9,4.6,banana,A,91,2024-02-16,High potential,"Congo-Nile divide and Lake Kivu. Tea, coffee and highland potato; acid hill soils.",RAB; FAO ECOCROP; OFRA Rwanda
Rwanda,Western,Rutsiro,Alluvial,alluvial,65,Agricultural,1669,1439.0,734.0,16.8,85.0,5.26,coffee,B,75,2025-01-16,Moderate potential,"Congo-Nile divide and Lake Kivu. Tea, coffee and highland potato; acid hill soils.",NAEB; RAB; FAO ECOCROP
Rwanda,Western,Rutsiro,Alluvial,alluvial,76,Marshland,1902,1605.0,278.0,16.7,63.3,5.11,coffee,C,69,2023-09-01,Moderate potential,"Congo-Nile divide and Lake Kivu. Tea, coffee and highland potato; acid hill soils.",NAEB; RAB; FAO ECOCROP
Rwanda,Western,Rutsiro,Clayey,clayey,71,Agricultural,2325,1898.0,650.0,16.9,83.7,5.26,maize,A,98,2024-06-22,High potential,"Congo-Nile divide and Lake Kivu. Tea, coffee and highland potato; acid hill soils.",RAB CIP; OFRA Rwanda; FAO ECOCROP
Rwanda,Western,Rutsiro,Alluvial,alluvial,57,Agricultural,2448,1752.0,763.0,20.3,78.2,5.8,cassava,B,78,2025-05-29,Moderate potential,"Congo-Nile divide and Lake Kivu. Tea, coffee and highland potato; acid hill soils.",RAB; IITA; IFAD crop suitability
Rwanda,Western,Rutsiro,Alluvial,alluvial,55,Agricultural,1656,1455.0,276.0,14.3,63.9,5.63,tomato,C,94,2024-11-14,High potential,"Congo-Nile divide and Lake Kivu. Tea, coffee and highland potato; acid hill soils.",RAB; FAO ECOCROP
Rwanda,Western,Rutsiro,Clayey,clayey,83,Agricultural,1431,1580.0,533.0,17.5,79.9,6.17,maize,A,100,2024-06-24,High potential,"Congo-Nile divide and Lake Kivu. Tea, coffee and highland potato; acid hill soils.",RAB CIP; OFRA Rwanda; FAO ECOCROP
Rwanda,Western,Rutsiro,Loamy,loamy,72,Agricultural,2488,1637.0,680.0,18.8,82.7,6.17,cassava,B,100,2024-12-28,High potential,"Congo-Nile divide and Lake Kivu. Tea, coffee and highland potato; acid hill soils.",RAB; IITA; IFAD crop suitability
Rwanda,Western,Rutsiro,Loamy,loamy,52,Agricultural,1657,1873.0,287.0,16.1,68.0,5.34,tomato,C,97,2023-11-11,High potential,"Congo-Nile divide and Lake Kivu. Tea, coffee and highland potato; acid hill soils.",RAB; FAO ECOCROP
Rwanda,Western,Rutsiro,Loamy,loamy,80,Agricultural,1982,1303.0,548.0,17.5,88.2,4.72,maize,A,92,2024-02-05,High potential,"Congo-Nile divide and Lake Kivu. Tea, coffee and highland potato; acid hill soils.",RAB CIP; OFRA Rwanda; FAO ECOCROP
Rwanda,Western,Rutsiro,Alluvial,alluvial,57,Agricultural,2448,1890.0,730.0,16.4,80.5,5.02,cassava,B,74,2025-04-10,Moderate potential,"Congo-Nile divide and Lake Kivu. Tea, coffee and highland potato; acid hill soils.",RAB; IITA; IFAD crop suitability
Rwanda,Western,Ngororero,Clayey,clayey,76,Agricultural,2432,1900.0,771.0,17.6,80.5,4.8,coffee,A,96,2025-03-12,High potential,"Congo-Nile divide and Lake Kivu. Tea, coffee and highland potato; acid hill soils.",NAEB; RAB; FAO ECOCROP
Rwanda,Western,Ngororero,Loamy,loamy,64,Agricultural,1444,1693.0,692.0,16.8,85.1,6.11,beans,B,100,2024-05-07,High potential,"Congo-Nile divide and Lake Kivu. Tea, coffee and highland potato; acid hill soils.",RAB; OFRA Rwanda; NISR
Rwanda,Western,Ngororero,Alluvial,alluvial,79,Agricultural,1684,1661.0,308.0,17.2,65.1,5.92,tomato,C,99,2024-03-31,High potential,"Congo-Nile divide and Lake Kivu. Tea, coffee and highland potato; acid hill soils.",RAB; FAO ECOCROP
Rwanda,Western,Ngororero,Loamy,loamy,51,Agricultural,2149,1402.0,494.0,18.1,74.2,5.05,beans,A,96,2024-04-24,High potential,"Congo-Nile divide and Lake Kivu. Tea, coffee and highland potato; acid hill soils.",RAB; OFRA Rwanda; NISR
Rwanda,Western,Ngororero,Clayey,clayey,74,Homestead,2032,1820.0,822.0,18.6,86.3,5.43,potato,B,78,2024-02-05,Moderate potential,"Congo-Nile divide and Lake Kivu. Tea, coffee and highland potato; acid hill soils.",RAB; CIP / RwaSIS; FAO ECOCROP; OFRA Rwanda
Rwanda,Western,Ngororero,Loamy,loamy,85,Agricultural,1616,1281.0,211.0,18.3,63.6,5.48,tomato,C,97,2024-02-10,High potential,"Congo-Nile divide and Lake Kivu. Tea, coffee and highland potato; acid hill soils.",RAB; FAO ECOCROP
Rwanda,Western,Ngororero,Clayey,clayey,80,Agricultural,2462,1922.0,665.0,18.8,78.9,5.23,banana,A,96,2024-02-11,High potential,"Congo-Nile divide and Lake Kivu. Tea, coffee and highland potato; acid hill soils.",RAB; FAO ECOCROP; OFRA Rwanda
Rwanda,Western,Ngororero,Loamy,loamy,69,Agricultural,2325,1716.0,781.0,17.4,85.9,5.23,potato,B,100,2024-02-26,High potential,"Congo-Nile divide and Lake Kivu. Tea, coffee and highland potato; acid hill soils.",RAB; CIP / RwaSIS; FAO ECOCROP; OFRA Rwanda
Rwanda,Western,Ngororero,Clayey,clayey,64,Agricultural,2282,1768.0,293.0,15.6,68.6,5.6,sweet_potato,C,74,2025-07-20,Moderate potential,"Congo-Nile divide and Lake Kivu. Tea, coffee and highland potato; acid hill soils.",RAB; CIP; FAO ECOCROP
Rwanda,Western,Ngororero,Loamy,loamy,54,Agricultural,1903,1579.0,622.0,18.8,81.0,4.94,banana,A,93,2024-07-10,High potential,"Congo-Nile divide and Lake Kivu. Tea, coffee and highland potato; acid hill soils.",RAB; FAO ECOCROP; OFRA Rwanda
Rwanda,Western,Ngororero,Loamy,loamy,74,Agricultural,1768,1664.0,720.0,16.5,85.4,5.24,coffee,B,96,2024-03-21,High potential,"Congo-Nile divide and Lake Kivu. Tea, coffee and highland potato; acid hill soils.",NAEB; RAB; FAO ECOCROP
Rwanda,Western,Ngororero,Alluvial,alluvial,65,Agricultural,1580,1520.0,225.0,17.3,70.4,5.96,sweet_potato,C,97,2024-10-06,High potential,"Congo-Nile divide and Lake Kivu. Tea, coffee and highland potato; acid hill soils.",RAB; CIP; FAO ECOCROP
Rwanda,Western,Ngororero,Alluvial,alluvial,64,Agricultural,1551,1436.0,615.0,17.3,82.5,5.03,maize,A,96,2023-12-19,High potential,"Congo-Nile divide and Lake Kivu. Tea, coffee and highland potato; acid hill soils.",RAB CIP; OFRA Rwanda; FAO ECOCROP
Rwanda,Western,Ngororero,Loamy,loamy,84,Homestead,1408,1421.0,660.0,18.8,88.4,6.03,tea,B,91,2023-11-17,High potential,"Congo-Nile divide and Lake Kivu. Tea, coffee and highland potato; acid hill soils.",NAEB; RAB; FAO ECOCROP
Rwanda,Western,Ngororero,Clayey,clayey,51,Agricultural,2439,1229.0,240.0,16.8,59.7,5.18,coffee,C,90,2024-08-04,High potential,"Congo-Nile divide and Lake Kivu. Tea, coffee and highland potato; acid hill soils.",NAEB; RAB; FAO ECOCROP
Rwanda,Western,Ngororero,Alluvial,alluvial,52,Agricultural,2069,1486.0,503.0,18.5,82.2,5.77,potato,A,76,2025-04-06,Moderate potential,"Congo-Nile divide and Lake Kivu. Tea, coffee and highland potato; acid hill soils.",RAB; CIP / RwaSIS; FAO ECOCROP; OFRA Rwanda
Rwanda,Western,Ngororero,Loamy,loamy,83,Fallow,2133,1472.0,727.0,18.2,81.2,6.1,banana,B,99,2024-10-31,High potential,"Congo-Nile divide and Lake Kivu. Tea, coffee and highland potato; acid hill soils.",RAB; FAO ECOCROP; OFRA Rwanda
Rwanda,Western,Ngororero,Alluvial,alluvial,57,Agricultural,2386,1424.0,277.0,17.8,70.8,5.76,sweet_potato,C,97,2024-03-05,High potential,"Congo-Nile divide and Lake Kivu. Tea, coffee and highland potato; acid hill soils.",RAB; CIP; FAO ECOCROP
Rwanda,Western,Ngororero,Clayey,clayey,65,Agricultural,1833,1431.0,539.0,21.0,77.1,5.55,banana,A,97,2024-10-10,High potential,"Congo-Nile divide and Lake Kivu. Tea, coffee and highland potato; acid hill soils.",RAB; FAO ECOCROP; OFRA Rwanda
Rwanda,Western,Ngororero,Clayey,clayey,56,Agricultural,1520,1474.0,712.0,19.1,83.4,6.12,tea,B,91,2024-07-18,High potential,"Congo-Nile divide and Lake Kivu. Tea, coffee and highland potato; acid hill soils.",NAEB; RAB; FAO ECOCROP
Rwanda,Western,Ngororero,Alluvial,alluvial,55,Agricultural,1832,1259.0,204.0,15.3,67.1,5.73,beans,C,98,2024-10-07,High potential,"Congo-Nile divide and Lake Kivu. Tea, coffee and highland potato; acid hill soils.",RAB; OFRA Rwanda; NISR
Rwanda,Western,Ngororero,Alluvial,alluvial,77,Agricultural,2309,1691.0,618.0,16.4,82.8,6.15,coffee,A,73,2025-05-19,Moderate potential,"Congo-Nile divide and Lake Kivu. Tea, coffee and highland potato; acid hill soils.",NAEB; RAB; FAO ECOCROP
Rwanda,Western,Ngororero,Loamy,loamy,77,Agricultural,1871,1689.0,844.0,17.7,87.9,5.09,coffee,B,98,2023-09-21,High potential,"Congo-Nile divide and Lake Kivu. Tea, coffee and highland potato; acid hill soils.",NAEB; RAB; FAO ECOCROP
Rwanda,Western,Ngororero,Alluvial,alluvial,52,Agricultural,2249,1310.0,227.0,15.1,73.4,5.88,beans,C,98,2024-07-29,High potential,"Congo-Nile divide and Lake Kivu. Tea, coffee and highland potato; acid hill soils.",RAB; OFRA Rwanda; NISR
Rwanda,Western,Ngororero,Clayey,clayey,63,Agricultural,1520,1350.0,541.0,16.9,76.2,5.92,potato,A,76,2024-06-12,Moderate potential,"Congo-Nile divide and Lake Kivu. Tea, coffee and highland potato; acid hill soils.",RAB; CIP / RwaSIS; FAO ECOCROP; OFRA Rwanda
Rwanda,Western,Ngororero,Clayey,clayey,55,Agricultural,2218,1529.0,690.0,19.8,86.9,5.6,banana,B,99,2023-12-08,High potential,"Congo-Nile divide and Lake Kivu. Tea, coffee and highland potato; acid hill soils.",RAB; FAO ECOCROP; OFRA Rwanda
Rwanda,Western,Ngororero,Loamy,loamy,54,Agricultural,2142,1652.0,283.0,16.4,67.3,5.87,tea,C,87,2024-06-17,High potential,"Congo-Nile divide and Lake Kivu. Tea, coffee and highland potato; acid hill soils.",NAEB; RAB; FAO ECOCROP
Rwanda,Western,Ngororero,Loamy,loamy,55,Agricultural,2385,1553.0,568.0,18.1,77.7,5.49,banana,A,97,2025-07-18,High potential,"Congo-Nile divide and Lake Kivu. Tea, coffee and highland potato; acid hill soils.",RAB; FAO ECOCROP; OFRA Rwanda
Rwanda,Western,Ngororero,Alluvial,alluvial,59,Agricultural,2099,1556.0,638.0,17.4,79.6,5.25,coffee,B,73,2024-02-03,Moderate potential,"Congo-Nile divide and Lake Kivu. Tea, coffee and highland potato; acid hill soils.",NAEB; RAB; FAO ECOCROP
Rwanda,Western,Ngororero,Loamy,loamy,80,Agricultural,2055,1495.0,224.0,15.8,67.2,5.1,tomato,C,94,2023-12-30,High potential,"Congo-Nile divide and Lake Kivu. Tea, coffee and highland potato; acid hill soils.",RAB; FAO ECOCROP
Rwanda,Western,Ngororero,Alluvial,alluvial,63,Agricultural,1892,1614.0,644.0,20.2,75.7,5.3,potato,A,77,2024-06-19,Moderate potential,"Congo-Nile divide and Lake Kivu. Tea, coffee and highland potato; acid hill soils.",RAB; CIP / RwaSIS; FAO ECOCROP; OFRA Rwanda
Rwanda,Western,Ngororero,Loamy,loamy,69,Marshland,2146,2019.0,910.0,17.9,85.7,4.87,tea,B,96,2024-10-16,High potential,"Congo-Nile divide and Lake Kivu. Tea, coffee and highland potato; acid hill soils.",NAEB; RAB; FAO ECOCROP
Rwanda,Western,Ngororero,Alluvial,alluvial,55,Agricultural,1950,1704.0,305.0,17.4,66.6,5.7,tomato,C,99,2024-11-19,High potential,"Congo-Nile divide and Lake Kivu. Tea, coffee and highland potato; acid hill soils.",RAB; FAO ECOCROP
Rwanda,Western,Ngororero,Loamy,loamy,53,Marshland,1654,1833.0,662.0,16.9,81.6,4.75,tea,A,93,2024-03-15,High potential,"Congo-Nile divide and Lake Kivu. Tea, coffee and highland potato; acid hill soils.",NAEB; RAB; FAO ECOCROP
Rwanda,Western,Ngororero,Clayey,clayey,70,Agricultural,2052,1680.0,696.0,17.6,92.1,6.14,potato,B,77,2024-01-25,Moderate potential,"Congo-Nile divide and Lake Kivu. Tea, coffee and highland potato; acid hill soils.",RAB; CIP / RwaSIS; FAO ECOCROP; OFRA Rwanda
Rwanda,Western,Ngororero,Clayey,clayey,81,Agricultural,1605,1675.0,310.0,16.3,68.3,6.1,tea,C,86,2023-12-30,High potential,"Congo-Nile divide and Lake Kivu. Tea, coffee and highland potato; acid hill soils.",NAEB; RAB; FAO ECOCROP
Rwanda,Western,Ngororero,Loamy,loamy,72,Agricultural,2148,1838.0,598.0,17.2,81.6,5.29,maize,A,98,2024-04-17,High potential,"Congo-Nile divide and Lake Kivu. Tea, coffee and highland potato; acid hill soils.",RAB CIP; OFRA Rwanda; FAO ECOCROP
Rwanda,Western,Ngororero,Alluvial,alluvial,83,Agricultural,1728,1943.0,764.0,20.0,85.7,6.12,banana,B,100,2025-05-17,High potential,"Congo-Nile divide and Lake Kivu. Tea, coffee and highland potato; acid hill soils.",RAB; FAO ECOCROP; OFRA Rwanda
Rwanda,Western,Ngororero,Clayey,clayey,50,Agricultural,1829,1657.0,295.0,15.2,68.8,5.41,tomato,C,74,2024-12-25,Moderate potential,"Congo-Nile divide and Lake Kivu. Tea, coffee and highland potato; acid hill soils.",RAB; FAO ECOCROP
Rwanda,Western,Ngororero,Alluvial,alluvial,62,Marshland,1827,1502.0,490.0,17.0,78.6,5.05,beans,A,96,2024-02-10,High potential,"Congo-Nile divide and Lake Kivu. Tea, coffee and highland potato; acid hill soils.",RAB; OFRA Rwanda; NISR
Rwanda,Western,Ngororero,Clayey,clayey,63,Marshland,2251,1217.0,601.0,18.3,81.0,5.48,beans,B,100,2024-08-25,High potential,"Congo-Nile divide and Lake Kivu. Tea, coffee and highland potato; acid hill soils.",RAB; OFRA Rwanda; NISR
Rwanda,Western,Ngororero,Alluvial,alluvial,52,Agricultural,2387,1336.0,221.0,16.9,64.0,6.02,sweet_potato,C,97,2024-10-28,High potential,"Congo-Nile divide and Lake Kivu. Tea, coffee and highland potato; acid hill soils.",RAB; CIP; FAO ECOCROP
Rwanda,Western,Ngororero,Loamy,loamy,78,Agricultural,1578,1195.0,388.0,19.0,76.5,5.84,potato,A,96,2024-06-08,High potential,"Congo-Nile divide and Lake Kivu. Tea, coffee and highland potato; acid hill soils.",RAB; CIP / RwaSIS; FAO ECOCROP; OFRA Rwanda
Rwanda,Western,Ngororero,Clayey,clayey,60,Fallow,2257,1998.0,842.0,18.9,79.4,5.45,banana,B,100,2024-08-16,High potential,"Congo-Nile divide and Lake Kivu. Tea, coffee and highland potato; acid hill soils.",RAB; FAO ECOCROP; OFRA Rwanda
Rwanda,Western,Ngororero,Clayey,clayey,58,Fallow,1802,1253.0,188.0,17.0,64.8,5.59,beans,C,97,2024-08-09,High potential,"Congo-Nile divide and Lake Kivu. Tea, coffee and highland potato; acid hill soils.",RAB; OFRA Rwanda; NISR
Rwanda,Western,Ngororero,Clayey,clayey,54,Agricultural,2058,1711.0,699.0,16.3,82.7,5.02,coffee,A,96,2024-11-23,High potential,"Congo-Nile divide and Lake Kivu. Tea, coffee and highland potato; acid hill soils.",NAEB; RAB; FAO ECOCROP
Rwanda,Western,Ngororero,Loamy,loamy,55,Agricultural,1683,1372.0,701.0,19.6,80.2,4.78,cassava,B,98,2024-10-05,High potential,"Congo-Nile divide and Lake Kivu. Tea, coffee and highland potato; acid hill soils.",RAB; IITA; IFAD crop suitability
Rwanda,Western,Ngororero,Loamy,loamy,61,Agricultural,2213,1528.0,264.0,17.7,72.5,5.79,tea,C,88,2024-12-07,High potential,"Congo-Nile divide and Lake Kivu. Tea, coffee and highland potato; acid hill soils.",NAEB; RAB; FAO ECOCROP
Rwanda,Western,Ngororero,Clayey,clayey,81,Agricultural,2211,1784.0,606.0,17.4,74.3,5.68,coffee,A,95,2025-05-29,High potential,"Congo-Nile divide and Lake Kivu. Tea, coffee and highland potato; acid hill soils.",NAEB; RAB; FAO ECOCROP
Rwanda,Western,Ngororero,Alluvial,alluvial,60,Agricultural,2409,1410.0,609.0,16.2,92.2,6.04,cassava,B,70,2024-07-15,Moderate potential,"Congo-Nile divide and Lake Kivu. Tea, coffee and highland potato; acid hill soils.",RAB; IITA; IFAD crop suitability
Rwanda,Western,Ngororero,Alluvial,alluvial,74,Agricultural,1424,1684.0,325.0,16.0,65.7,5.44,tea,C,65,2024-03-15,Moderate potential,"Congo-Nile divide and Lake Kivu. Tea, coffee and highland potato; acid hill soils.",NAEB; RAB; FAO ECOCROP
Rwanda,Western,Ngororero,Loamy,loamy,55,Agricultural,2043,1591.0,514.0,19.3,72.8,5.96,beans,A,100,2024-05-11,High potential,"Congo-Nile divide and Lake Kivu. Tea, coffee and highland potato; acid hill soils.",RAB; OFRA Rwanda; NISR
Rwanda,Western,Ngororero,Clayey,clayey,57,Agricultural,1484,1588.0,794.0,17.7,84.1,5.33,coffee,B,97,2025-07-20,High potential,"Congo-Nile divide and Lake Kivu. Tea, coffee and highland potato; acid hill soils.",NAEB; RAB; FAO ECOCROP
Rwanda,Western,Ngororero,Alluvial,alluvial,73,Agricultural,1908,1441.0,230.0,14.7,69.9,6.18,tomato,C,95,2024-12-07,High potential,"Congo-Nile divide and Lake Kivu. Tea, coffee and highland potato; acid hill soils.",RAB; FAO ECOCROP
Rwanda,Western,Ngororero,Loamy,loamy,80,Agricultural,1476,1306.0,530.0,17.9,82.5,5.63,banana,A,96,2025-06-30,High potential,"Congo-Nile divide and Lake Kivu. Tea, coffee and highland potato; acid hill soils.",RAB; FAO ECOCROP; OFRA Rwanda
Rwanda,Western,Ngororero,Alluvial,alluvial,70,Agricultural,2107,1832.0,849.0,19.4,81.9,4.91,potato,B,77,2024-12-19,Moderate potential,"Congo-Nile divide and Lake Kivu. Tea, coffee and highland potato; acid hill soils.",RAB; CIP / RwaSIS; FAO ECOCROP; OFRA Rwanda
Rwanda,Western,Ngororero,Loamy,loamy,63,Agricultural,1405,1478.0,252.0,16.3,66.5,5.43,sweet_potato,C,97,2024-07-20,High potential,"Congo-Nile divide and Lake Kivu. Tea, coffee and highland potato; acid hill soils.",RAB; CIP; FAO ECOCROP
Rwanda,Western,Ngororero,Loamy,loamy,67,Agricultural,1966,1593.0,517.0,18.4,80.9,5.06,potato,A,98,2025-07-24,High potential,"Congo-Nile divide and Lake Kivu. Tea, coffee and highland potato; acid hill soils.",RAB; CIP / RwaSIS; FAO ECOCROP; OFRA Rwanda
Rwanda,Western,Ngororero,Loamy,loamy,60,Homestead,1754,1729.0,769.0,19.7,84.6,5.63,coffee,B,97,2025-04-28,High potential,"Congo-Nile divide and Lake Kivu. Tea, coffee and highland potato; acid hill soils.",NAEB; RAB; FAO ECOCROP
Rwanda,Western,Ngororero,Clayey,clayey,54,Agricultural,1750,1262.0,219.0,14.5,76.0,5.28,sweet_potato,C,71,2024-03-09,Moderate potential,"Congo-Nile divide and Lake Kivu. Tea, coffee and highland potato; acid hill soils.",RAB; CIP; FAO ECOCROP
Rwanda,Western,Ngororero,Alluvial,alluvial,60,Homestead,2057,1682.0,631.0,17.7,75.5,5.7,banana,A,97,2023-10-30,High potential,"Congo-Nile divide and Lake Kivu. Tea, coffee and highland potato; acid hill soils.",RAB; FAO ECOCROP; OFRA Rwanda
Rwanda,Western,Ngororero,Loamy,loamy,62,Agricultural,2297,1342.0,654.0,17.7,80.3,5.68,tea,B,93,2025-02-25,High potential,"Congo-Nile divide and Lake Kivu. Tea, coffee and highland potato; acid hill soils.",NAEB; RAB; FAO ECOCROP
Rwanda,Western,Ngororero,Loamy,loamy,77,Agricultural,1682,1701.0,257.0,14.2,68.8,5.85,tea,C,87,2023-11-02,High potential,"Congo-Nile divide and Lake Kivu. Tea, coffee and highland potato; acid hill soils.",NAEB; RAB; FAO ECOCROP
Rwanda,Western,Ngororero,Alluvial,alluvial,68,Agricultural,1640,1216.0,503.0,19.7,79.5,5.38,maize,A,99,2023-12-14,High potential,"Congo-Nile divide and Lake Kivu. Tea, coffee and highland potato; acid hill soils.",RAB CIP; OFRA Rwanda; FAO ECOCROP
Rwanda,Western,Ngororero,Loamy,loamy,55,Agricultural,1862,1622.0,696.0,19.4,83.3,5.36,potato,B,100,2024-09-30,High potential,"Congo-Nile divide and Lake Kivu. Tea, coffee and highland potato; acid hill soils.",RAB; CIP / RwaSIS; FAO ECOCROP; OFRA Rwanda
Rwanda,Western,Ngororero,Clayey,clayey,51,Agricultural,2164,1261.0,228.0,14.4,63.5,4.61,tea,C,85,2023-09-19,High potential,"Congo-Nile divide and Lake Kivu. Tea, coffee and highland potato; acid hill soils.",NAEB; RAB; FAO ECOCROP
Rwanda,Western,Ngororero,Loamy,loamy,60,Agricultural,2226,1792.0,680.0,17.9,77.5,5.76,beans,A,100,2024-07-05,High potential,"Congo-Nile divide and Lake Kivu. Tea, coffee and highland potato; acid hill soils.",RAB; OFRA Rwanda; NISR
Rwanda,Western,Ngororero,Alluvial,alluvial,85,Agricultural,2219,1482.0,673.0,17.6,85.0,5.21,cassava,B,77,2024-08-02,Moderate potential,"Congo-Nile divide and Lake Kivu. Tea, coffee and highland potato; acid hill soils.",RAB; IITA; IFAD crop suitability
Rwanda,Western,Ngororero,Loamy,loamy,74,Agricultural,1587,1715.0,249.0,16.7,70.9,5.66,tea,C,88,2025-04-23,High potential,"Congo-Nile divide and Lake Kivu. Tea, coffee and highland potato; acid hill soils.",NAEB; RAB; FAO ECOCROP
Rwanda,Western,Ngororero,Alluvial,alluvial,64,Marshland,1901,1774.0,683.0,19.2,76.5,5.76,beans,A,100,2024-06-16,High potential,"Congo-Nile divide and Lake Kivu. Tea, coffee and highland potato; acid hill soils.",RAB; OFRA Rwanda; NISR
Rwanda,Western,Ngororero,Alluvial,alluvial,82,Agricultural,2055,1406.0,612.0,18.7,92.3,4.91,coffee,B,71,2025-03-23,Moderate potential,"Congo-Nile divide and Lake Kivu. Tea, coffee and highland potato; acid hill soils.",NAEB; RAB; FAO ECOCROP
Rwanda,Western,Ngororero,Loamy,loamy,73,Fallow,2447,1786.0,310.0,15.9,66.0,4.73,coffee,C,89,2023-11-12,High potential,"Congo-Nile divide and Lake Kivu. Tea, coffee and highland potato; acid hill soils.",NAEB; RAB; FAO ECOCROP
Rwanda,Western,Ngororero,Alluvial,alluvial,60,Agricultural,2353,1325.0,496.0,18.3,76.1,5.88,beans,A,100,2024-03-26,High potential,"Congo-Nile divide and Lake Kivu. Tea, coffee and highland potato; acid hill soils.",RAB; OFRA Rwanda; NISR
Rwanda,Western,Ngororero,Clayey,clayey,55,Marshland,1868,1759.0,819.0,16.6,85.1,5.65,potato,B,78,2024-04-17,Moderate potential,"Congo-Nile divide and Lake Kivu. Tea, coffee and highland potato; acid hill soils.",RAB; CIP / RwaSIS; FAO ECOCROP; OFRA Rwanda
Rwanda,Western,Ngororero,Alluvial,alluvial,71,Agricultural,2060,1671.0,292.0,17.4,70.4,5.36,sweet_potato,C,97,2024-03-28,High potential,"Congo-Nile divide and Lake Kivu. Tea, coffee and highland potato; acid hill soils.",RAB; CIP; FAO ECOCROP
Rwanda,Western,Ngororero,Loamy,loamy,56,Marshland,2264,1349.0,556.0,18.1,80.1,5.48,coffee,A,94,2023-09-17,High potential,"Congo-Nile divide and Lake Kivu. Tea, coffee and highland potato; acid hill soils.",NAEB; RAB; FAO ECOCROP
Rwanda,Western,Ngororero,Alluvial,alluvial,62,Marshland,1744,2002.0,1026.0,18.5,89.6,6.12,coffee,B,78,2024-09-19,Moderate potential,"Congo-Nile divide and Lake Kivu. Tea, coffee and highland potato; acid hill soils.",NAEB; RAB; FAO ECOCROP
Rwanda,Western,Ngororero,Loamy,loamy,77,Agricultural,2045,1436.0,262.0,15.6,68.4,6.01,tomato,C,97,2025-05-06,High potential,"Congo-Nile divide and Lake Kivu. Tea, coffee and highland potato; acid hill soils.",RAB; FAO ECOCROP
Rwanda,Western,Ngororero,Alluvial,alluvial,70,Agricultural,2025,1238.0,478.0,18.1,83.3,4.74,beans,A,94,2024-05-01,High potential,"Congo-Nile divide and Lake Kivu. Tea, coffee and highland potato; acid hill soils.",RAB; OFRA Rwanda; NISR
Rwanda,Western,Ngororero,Clayey,clayey,73,Agricultural,2387,1729.0,693.0,20.2,82.0,4.84,tea,B,94,2024-10-24,High potential,"Congo-Nile divide and Lake Kivu. Tea, coffee and highland potato; acid hill soils.",NAEB; RAB; FAO ECOCROP
Rwanda,Western,Ngororero,Clayey,clayey,59,Agricultural,1549,1784.0,293.0,17.0,74.9,4.84,tea,C,89,2024-05-31,High potential,"Congo-Nile divide and Lake Kivu. Tea, coffee and highland potato; acid hill soils.",NAEB; RAB; FAO ECOCROP
Rwanda,Western,Ngororero,Clayey,clayey,56,Marshland,2270,1380.0,478.0,18.2,85.9,4.94,beans,A,95,2024-05-29,High potential,"Congo-Nile divide and Lake Kivu. Tea, coffee and highland potato; acid hill soils.",RAB; OFRA Rwanda; NISR
Rwanda,Western,Ngororero,Clayey,clayey,77,Marshland,2004,1288.0,563.0,19.3,87.7,5.64,beans,B,99,2024-03-18,High potential,"Congo-Nile divide and Lake Kivu. Tea, coffee and highland potato; acid hill soils.",RAB; OFRA Rwanda; NISR
Rwanda,Western,Ngororero,Loamy,loamy,77,Homestead,1560,1792.0,275.0,16.6,66.4,5.39,tea,C,87,2025-01-18,High potential,"Congo-Nile divide and Lake Kivu. Tea, coffee and highland potato; acid hill soils.",NAEB; RAB; FAO ECOCROP
Rwanda,Western,Ngororero,Clayey,clayey,69,Marshland,1439,1226.0,480.0,18.1,68.6,5.84,maize,A,100,2023-10-27,High potential,"Congo-Nile divide and Lake Kivu. Tea, coffee and highland potato; acid hill soils.",RAB CIP; OFRA Rwanda; FAO ECOCROP
Rwanda,Western,Ngororero,Alluvial,alluvial,77,Agricultural,2359,1298.0,550.0,21.1,85.9,5.11,banana,B,94,2024-01-01,High potential,"Congo-Nile divide and Lake Kivu. Tea, coffee and highland potato; acid hill soils.",RAB; FAO ECOCROP; OFRA Rwanda
Rwanda,Western,Ngororero,Alluvial,alluvial,81,Agricultural,1887,1756.0,290.0,15.5,71.2,5.9,beans,C,99,2025-04-18,High potential,"Congo-Nile divide and Lake Kivu. Tea, coffee and highland potato; acid hill soils.",RAB; OFRA Rwanda; NISR
Rwanda,Western,Ngororero,Loamy,loamy,68,Marshland,2438,1513.0,534.0,19.6,77.6,5.46,coffee,A,94,2024-02-01,High potential,"Congo-Nile divide and Lake Kivu. Tea, coffee and highland potato; acid hill soils.",NAEB; RAB; FAO ECOCROP
Rwanda,Western,Ngororero,Alluvial,alluvial,59,Fallow,2224,1220.0,539.0,18.0,89.7,5.35,cassava,B,75,2025-03-31,Moderate potential,"Congo-Nile divide and Lake Kivu. Tea, coffee and highland potato; acid hill soils.",RAB; IITA; IFAD crop suitability
Rwanda,Western,Ngororero,Alluvial,alluvial,62,Agricultural,2435,1291.0,240.0,18.5,69.5,6.13,coffee,C,68,2024-01-31,Moderate potential,"Congo-Nile divide and Lake Kivu. Tea, coffee and highland potato; acid hill soils.",NAEB; RAB; FAO ECOCROP
Rwanda,Western,Ngororero,Clayey,clayey,67,Agricultural,2165,1242.0,509.0,19.0,79.9,5.86,beans,A,100,2025-05-26,High potential,"Congo-Nile divide and Lake Kivu. Tea, coffee and highland potato; acid hill soils.",RAB; OFRA Rwanda; NISR
Rwanda,Western,Ngororero,Clayey,clayey,66,Agricultural,2195,1597.0,820.0,19.2,86.7,5.36,banana,B,99,2024-05-18,High potential,"Congo-Nile divide and Lake Kivu. Tea, coffee and highland potato; acid hill soils.",RAB; FAO ECOCROP; OFRA Rwanda
Rwanda,Western,Ngororero,Clayey,clayey,73,Agricultural,1805,1287.0,232.0,16.0,59.2,5.49,tomato,C,76,2025-06-19,Moderate potential,"Congo-Nile divide and Lake Kivu. Tea, coffee and highland potato; acid hill soils.",RAB; FAO ECOCROP
Rwanda,Western,Ngororero,Clayey,clayey,61,Agricultural,2331,1839.0,676.0,17.9,77.2,5.92,beans,A,100,2023-10-10,High potential,"Congo-Nile divide and Lake Kivu. Tea, coffee and highland potato; acid hill soils.",RAB; OFRA Rwanda; NISR
Rwanda,Western,Ngororero,Loamy,loamy,61,Marshland,2103,1792.0,814.0,19.1,85.5,5.51,banana,B,100,2024-08-14,High potential,"Congo-Nile divide and Lake Kivu. Tea, coffee and highland potato; acid hill soils.",RAB; FAO ECOCROP; OFRA Rwanda
Rwanda,Western,Ngororero,Alluvial,alluvial,76,Agricultural,2312,1139.0,216.0,16.7,63.4,4.89,beans,C,93,2023-12-08,High potential,"Congo-Nile divide and Lake Kivu. Tea, coffee and highland potato; acid hill soils.",RAB; OFRA Rwanda; NISR
Rwanda,Western,Ngororero,Clayey,clayey,76,Agricultural,2361,1538.0,667.0,18.8,86.6,5.63,potato,A,78,2023-09-27,Moderate potential,"Congo-Nile divide and Lake Kivu. Tea, coffee and highland potato; acid hill soils.",RAB; CIP / RwaSIS; FAO ECOCROP; OFRA Rwanda
Rwanda,Western,Ngororero,Clayey,clayey,51,Agricultural,2161,1321.0,629.0,18.8,90.5,4.65,beans,B,90,2024-07-11,High potential,"Congo-Nile divide and Lake Kivu. Tea, coffee and highland potato; acid hill soils.",RAB; OFRA Rwanda; NISR
Rwanda,Western,Ngororero,Alluvial,alluvial,81,Agricultural,2298,1760.0,289.0,15.6,72.5,5.74,tea,C,67,2024-03-01,Moderate potential,"Congo-Nile divide and Lake Kivu. Tea, coffee and highland potato; acid hill soils.",NAEB; RAB; FAO ECOCROP
Rwanda,Western,Ngororero,Clayey,clayey,82,Agricultural,2422,1583.0,649.0,18.9,87.0,5.92,banana,A,98,2023-09-17,High potential,"Congo-Nile divide and Lake Kivu. Tea, coffee and highland potato; acid hill soils.",RAB; FAO ECOCROP; OFRA Rwanda
Rwanda,Western,Ngororero,Clayey,clayey,61,Agricultural,2017,1907.0,804.0,19.1,83.9,6.04,beans,B,100,2024-03-25,High potential,"Congo-Nile divide and Lake Kivu. Tea, coffee and highland potato; acid hill soils.",RAB; OFRA Rwanda; NISR
Rwanda,Western,Ngororero,Alluvial,alluvial,53,Fallow,1498,1532.0,226.0,15.9,63.3,5.02,tea,C,62,2024-06-13,Moderate potential,"Congo-Nile divide and Lake Kivu. Tea, coffee and highland potato; acid hill soils.",NAEB; RAB; FAO ECOCROP
Rwanda,Western,Ngororero,Clayey,clayey,63,Agricultural,2421,1880.0,776.0,16.1,75.9,5.94,beans,A,100,2024-01-21,High potential,"Congo-Nile divide and Lake Kivu. Tea, coffee and highland potato; acid hill soils.",RAB; OFRA Rwanda; NISR
Rwanda,Western,Ngororero,Loamy,loamy,51,Agricultural,1806,1931.0,944.0,20.2,89.9,4.91,cassava,B,97,2024-10-27,High potential,"Congo-Nile divide and Lake Kivu. Tea, coffee and highland potato; acid hill soils.",RAB; IITA; IFAD crop suitability
Rwanda,Western,Ngororero,Clayey,clayey,56,Agricultural,2216,1260.0,225.0,15.5,63.3,5.68,coffee,C,90,2024-05-03,High potential,"Congo-Nile divide and Lake Kivu. Tea, coffee and highland potato; acid hill soils.",NAEB; RAB; FAO ECOCROP
Rwanda,Western,Ngororero,Clayey,clayey,74,Agricultural,2386,1540.0,561.0,17.7,77.9,4.79,maize,A,94,2024-01-24,High potential,"Congo-Nile divide and Lake Kivu. Tea, coffee and highland potato; acid hill soils.",RAB CIP; OFRA Rwanda; FAO ECOCROP
Rwanda,Western,Ngororero,Loamy,loamy,63,Agricultural,1544,1625.0,767.0,18.9,79.6,5.47,tea,B,95,2023-10-29,High potential,"Congo-Nile divide and Lake Kivu. Tea, coffee and highland potato; acid hill soils.",NAEB; RAB; FAO ECOCROP
Rwanda,Western,Ngororero,Alluvial,alluvial,71,Agricultural,1587,1603.0,257.0,18.0,67.4,5.43,coffee,C,69,2024-08-02,Moderate potential,"Congo-Nile divide and Lake Kivu. Tea, coffee and highland potato; acid hill soils.",NAEB; RAB; FAO ECOCROP
Rwanda,Western,Ngororero,Alluvial,alluvial,74,Agricultural,2483,1527.0,634.0,18.9,85.1,5.21,beans,A,98,2025-01-29,High potential,"Congo-Nile divide and Lake Kivu. Tea, coffee and highland potato; acid hill soils.",RAB; OFRA Rwanda; NISR
Rwanda,Western,Ngororero,Alluvial,alluvial,67,Fallow,2061,1351.0,630.0,19.2,91.5,5.96,beans,B,97,2024-10-31,High potential,"Congo-Nile divide and Lake Kivu. Tea, coffee and highland potato; acid hill soils.",RAB; OFRA Rwanda; NISR
Rwanda,Western,Karongi,Alluvial,alluvial,64,Agricultural,1710,1829.0,644.0,17.7,82.1,5.58,maize,A,100,2023-09-25,High potential,"Congo-Nile divide and Lake Kivu. Tea, coffee and highland potato; acid hill soils.",RAB CIP; OFRA Rwanda; FAO ECOCROP
Rwanda,Western,Karongi,Loamy,loamy,76,Agricultural,2226,1177.0,529.0,20.1,88.6,5.6,tea,B,92,2024-04-08,High potential,"Congo-Nile divide and Lake Kivu. Tea, coffee and highland potato; acid hill soils.",NAEB; RAB; FAO ECOCROP
Rwanda,Western,Karongi,Clayey,clayey,59,Agricultural,1897,1463.0,265.0,17.8,62.3,4.98,tomato,C,72,2024-01-31,Moderate potential,"Congo-Nile divide and Lake Kivu. Tea, coffee and highland potato; acid hill soils.",RAB; FAO ECOCROP
Rwanda,Western,Karongi,Loamy,loamy,62,Agricultural,2219,1839.0,693.0,16.3,79.7,6.06,potato,A,100,2024-07-20,High potential,"Congo-Nile divide and Lake Kivu. Tea, coffee and highland potato; acid hill soils.",RAB; CIP / RwaSIS; FAO ECOCROP; OFRA Rwanda
Rwanda,Western,Karongi,Loamy,loamy,57,Agricultural,1837,1831.0,843.0,18.9,89.6,5.39,coffee,B,98,2024-06-28,High potential,"Congo-Nile divide and Lake Kivu. Tea, coffee and highland potato; acid hill soils.",NAEB; RAB; FAO ECOCROP
Rwanda,Western,Karongi,Alluvial,alluvial,55,Agricultural,2459,1460.0,223.0,17.9,67.3,6.04,tea,C,63,2025-07-30,Moderate potential,"Congo-Nile divide and Lake Kivu. Tea, coffee and highland potato; acid hill soils.",NAEB; RAB; FAO ECOCROP
Rwanda,Western,Karongi,Clayey,clayey,76,Agricultural,2483,1430.0,478.0,18.7,78.8,5.24,potato,A,75,2023-11-29,Moderate potential,"Congo-Nile divide and Lake Kivu. Tea, coffee and highland potato; acid hill soils.",RAB; CIP / RwaSIS; FAO ECOCROP; OFRA Rwanda
Rwanda,Western,Karongi,Clayey,clayey,76,Agricultural,2100,1649.0,696.0,21.2,85.2,5.43,cassava,B,100,2024-02-28,High potential,"Congo-Nile divide and Lake Kivu. Tea, coffee and highland potato; acid hill soils.",RAB; IITA; IFAD crop suitability
Rwanda,Western,Karongi,Loamy,loamy,76,Agricultural,1892,1264.0,193.0,17.2,73.1,6.14,coffee,C,90,2023-09-19,High potential,"Congo-Nile divide and Lake Kivu. Tea, coffee and highland potato; acid hill soils.",NAEB; RAB; FAO ECOCROP
Rwanda,Western,Karongi,Alluvial,alluvial,80,Agricultural,2253,1294.0,528.0,19.1,83.6,6.11,potato,A,76,2024-05-24,Moderate potential,"Congo-Nile divide and Lake Kivu. Tea, coffee and highland potato; acid hill soils.",RAB; CIP / RwaSIS; FAO ECOCROP; OFRA Rwanda
Rwanda,Western,Karongi,Loamy,loamy,54,Agricultural,2476,1956.0,955.0,19.5,80.4,4.86,beans,B,95,2023-10-23,High potential,"Congo-Nile divide and Lake Kivu. Tea, coffee and highland potato; acid hill soils.",RAB; OFRA Rwanda; NISR
Rwanda,Western,Karongi,Loamy,loamy,74,Marshland,2422,1816.0,335.0,16.4,70.6,5.22,coffee,C,92,2023-10-17,High potential,"Congo-Nile divide and Lake Kivu. Tea, coffee and highland potato; acid hill soils.",NAEB; RAB; FAO ECOCROP
Rwanda,Western,Karongi,Clayey,clayey,53,Fallow,2267,1339.0,488.0,19.3,88.5,5.69,maize,A,98,2023-09-05,High potential,"Congo-Nile divide and Lake Kivu. Tea, coffee and highland potato; acid hill soils.",RAB CIP; OFRA Rwanda; FAO ECOCROP
Rwanda,Western,Karongi,Alluvial,alluvial,67,Agricultural,1587,1599.0,690.0,19.5,94.6,5.6,coffee,B,72,2025-04-03,Moderate potential,"Congo-Nile divide and Lake Kivu. Tea, coffee and highland potato; acid hill soils.",NAEB; RAB; FAO ECOCROP
Rwanda,Western,Karongi,Clayey,clayey,59,Agricultural,1831,1592.0,274.0,16.2,70.2,6.04,tea,C,87,2024-06-09,High potential,"Congo-Nile divide and Lake Kivu. Tea, coffee and highland potato; acid hill soils.",NAEB; RAB; FAO ECOCROP
Rwanda,Western,Karongi,Clayey,clayey,54,Homestead,2208,1223.0,495.0,18.3,74.8,5.35,banana,A,95,2025-04-20,High potential,"Congo-Nile divide and Lake Kivu. Tea, coffee and highland potato; acid hill soils.",RAB; FAO ECOCROP; OFRA Rwanda
Rwanda,Western,Karongi,Alluvial,alluvial,74,Agricultural,2342,1868.0,866.0,18.6,84.5,4.67,coffee,B,74,2024-06-09,Moderate potential,"Congo-Nile divide and Lake Kivu. Tea, coffee and highland potato; acid hill soils.",NAEB; RAB; FAO ECOCROP
Rwanda,Western,Karongi,Alluvial,alluvial,83,Agricultural,2066,1347.0,228.0,18.5,61.3,4.76,coffee,C,66,2025-05-03,Moderate potential,"Congo-Nile divide and Lake Kivu. Tea, coffee and highland potato; acid hill soils.",NAEB; RAB; FAO ECOCROP
Rwanda,Western,Karongi,Clayey,clayey,57,Agricultural,1576,1760.0,710.0,17.9,77.9,4.73,banana,A,92,2025-02-17,High potential,"Congo-Nile divide and Lake Kivu. Tea, coffee and highland potato; acid hill soils.",RAB; FAO ECOCROP; OFRA Rwanda
Rwanda,Western,Karongi,Alluvial,alluvial,83,Agricultural,1873,1739.0,723.0,19.8,82.7,5.51,tea,B,72,2023-09-10,Moderate potential,"Congo-Nile divide and Lake Kivu. Tea, coffee and highland potato; acid hill soils.",NAEB; RAB; FAO ECOCROP
Rwanda,Western,Karongi,Alluvial,alluvial,82,Agricultural,2029,1469.0,254.0,16.2,62.5,5.01,beans,C,94,2024-01-31,High potential,"Congo-Nile divide and Lake Kivu. Tea, coffee and highland potato; acid hill soils.",RAB; OFRA Rwanda; NISR
Rwanda,Western,Karongi,Clayey,clayey,81,Agricultural,1878,1182.0,482.0,18.2,81.7,5.05,banana,A,92,2023-12-04,High potential,"Congo-Nile divide and Lake Kivu. Tea, coffee and highland potato; acid hill soils.",RAB; FAO ECOCROP; OFRA Rwanda
Rwanda,Western,Karongi,Clayey,clayey,65,Agricultural,1451,1158.0,537.0,19.9,83.8,5.6,cassava,B,99,2023-09-17,High potential,"Congo-Nile divide and Lake Kivu. Tea, coffee and highland potato; acid hill soils.",RAB; IITA; IFAD crop suitability
Rwanda,Western,Karongi,Clayey,clayey,73,Marshland,2331,1457.0,234.0,14.6,65.4,4.69,tomato,C,66,2023-09-03,Moderate potential,"Congo-Nile divide and Lake Kivu. Tea, coffee and highland potato; acid hill soils.",RAB; FAO ECOCROP
Rwanda,Western,Karongi,Loamy,loamy,76,Agricultural,1425,1410.0,589.0,19.2,76.7,5.72,coffee,A,95,2024-06-26,High potential,"Congo-Nile divide and Lake Kivu. Tea, coffee and highland potato; acid hill soils.",NAEB; RAB; FAO ECOCROP
Rwanda,Western,Karongi,Alluvial,alluvial,62,Agricultural,2266,1422.0,668.0,17.4,87.1,5.57,potato,B,78,2023-10-19,Moderate potential,"Congo-Nile divide and Lake Kivu. Tea, coffee and highland potato; acid hill soils.",RAB; CIP / RwaSIS; FAO ECOCROP; OFRA Rwanda
Rwanda,Western,Karongi,Clayey,clayey,83,Agricultural,2242,1558.0,281.0,16.9,69.0,5.91,tea,C,87,2024-01-23,High potential,"Congo-Nile divide and Lake Kivu. Tea, coffee and highland potato; acid hill soils.",NAEB; RAB; FAO ECOCROP
Rwanda,Western,Karongi,Alluvial,alluvial,53,Agricultural,1424,1540.0,536.0,18.4,85.1,6.2,banana,A,97,2024-01-01,High potential,"Congo-Nile divide and Lake Kivu. Tea, coffee and highland potato; acid hill soils.",RAB; FAO ECOCROP; OFRA Rwanda
Rwanda,Western,Karongi,Loamy,loamy,81,Marshland,2376,1561.0,698.0,18.4,83.5,5.42,tea,B,94,2024-02-18,High potential,"Congo-Nile divide and Lake Kivu. Tea, coffee and highland potato; acid hill soils.",NAEB; RAB; FAO ECOCROP
Rwanda,Western,Karongi,Alluvial,alluvial,50,Marshland,1780,1404.0,256.0,16.7,72.8,5.67,coffee,C,69,2024-09-30,Moderate potential,"Congo-Nile divide and Lake Kivu. Tea, coffee and highland potato; acid hill soils.",NAEB; RAB; FAO ECOCROP
Rwanda,Western,Karongi,Alluvial,alluvial,77,Agricultural,2181,1607.0,615.0,18.1,82.3,5.34,potato,A,77,2025-02-11,Moderate potential,"Congo-Nile divide and Lake Kivu. Tea, coffee and highland potato; acid hill soils.",RAB; CIP / RwaSIS; FAO ECOCROP; OFRA Rwanda
Rwanda,Western,Karongi,Alluvial,alluvial,54,Agricultural,1945,1396.0,580.0,17.4,83.8,6.14,beans,B,100,2025-04-25,High potential,"Congo-Nile divide and Lake Kivu. Tea, coffee and highland potato; acid hill soils.",RAB; OFRA Rwanda; NISR
Rwanda,Western,Karongi,Clayey,clayey,64,Agricultural,1623,1668.0,244.0,15.7,66.8,5.51,sweet_potato,C,74,2025-06-27,Moderate potential,"Congo-Nile divide and Lake Kivu. Tea, coffee and highland potato; acid hill soils.",RAB; CIP; FAO ECOCROP
Rwanda,Western,Karongi,Clayey,clayey,54,Agricultural,2238,1735.0,659.0,18.4,83.5,4.93,maize,A,95,2024-10-15,High potential,"Congo-Nile divide and Lake Kivu. Tea, coffee and highland potato; acid hill soils.",RAB CIP; OFRA Rwanda; FAO ECOCROP
Rwanda,Western,Karongi,Alluvial,alluvial,56,Agricultural,2444,1728.0,702.0,18.8,83.4,5.5,cassava,B,78,2024-06-04,Moderate potential,"Congo-Nile divide and Lake Kivu. Tea, coffee and highland potato; acid hill soils.",RAB; IITA; IFAD crop suitability
Rwanda,Western,Karongi,Clayey,clayey,75,Marshland,1763,1392.0,226.0,16.3,69.7,6.11,coffee,C,90,2024-02-23,High potential,"Congo-Nile divide and Lake Kivu. Tea, coffee and highland potato; acid hill soils.",NAEB; RAB; FAO ECOCROP
Rwanda,Western,Karongi,Alluvial,alluvial,63,Marshland,2471,1263.0,434.0,18.9,80.7,5.54,coffee,A,71,2024-04-29,Moderate potential,"Congo-Nile divide and Lake Kivu. Tea, coffee and highland potato; acid hill soils.",NAEB; RAB; FAO ECOCROP
Rwanda,Western,Karongi,Loamy,loamy,59,Agricultural,2053,1302.0,607.0,19.2,90.2,5.49,tea,B,93,2024-02-06,High potential,"Congo-Nile divide and Lake Kivu. Tea, coffee and highland potato; acid hill soils.",NAEB; RAB; FAO ECOCROP
Rwanda,Western,Karongi,Loamy,loamy,72,Agricultural,1753,1380.0,238.0,16.7,71.2,5.81,sweet_potato,C,97,2025-06-23,High potential,"Congo-Nile divide and Lake Kivu. Tea, coffee and highland potato; acid hill soils.",RAB; CIP; FAO ECOCROP
Rwanda,Western,Karongi,Clayey,clayey,62,Fallow,1490,1671.0,588.0,16.9,79.8,5.63,banana,A,95,2024-08-23,High potential,"Congo-Nile divide and Lake Kivu. Tea, coffee and highland potato; acid hill soils.",RAB; FAO ECOCROP; OFRA Rwanda
Rwanda,Western,Karongi,Alluvial,alluvial,78,Agricultural,1484,1836.0,723.0,19.1,89.4,4.86,banana,B,94,2025-02-19,High potential,"Congo-Nile divide and Lake Kivu. Tea, coffee and highland potato; acid hill soils.",RAB; FAO ECOCROP; OFRA Rwanda
Rwanda,Western,Karongi,Clayey,clayey,57,Agricultural,1901,1458.0,254.0,18.4,68.6,5.6,sweet_potato,C,75,2024-10-04,Moderate potential,"Congo-Nile divide and Lake Kivu. Tea, coffee and highland potato; acid hill soils.",RAB; CIP; FAO ECOCROP
Rwanda,Western,Karongi,Alluvial,alluvial,66,Homestead,1593,1437.0,505.0,17.3,75.5,5.89,coffee,A,72,2025-03-31,Moderate potential,"Congo-Nile divide and Lake Kivu. Tea, coffee and highland potato; acid hill soils.",NAEB; RAB; FAO ECOCROP
Rwanda,Western,Karongi,Clayey,clayey,62,Agricultural,2455,1865.0,721.0,19.8,84.7,5.42,cassava,B,100,2023-10-31,High potential,"Congo-Nile divide and Lake Kivu. Tea, coffee and highland potato; acid hill soils.",RAB; IITA; IFAD crop suitability
Rwanda,Western,Karongi,Clayey,clayey,60,Homestead,1943,1247.0,221.0,15.9,63.9,6.14,tea,C,82,2025-04-06,High potential,"Congo-Nile divide and Lake Kivu. Tea, coffee and highland potato; acid hill soils.",NAEB; RAB; FAO ECOCROP
Rwanda,Western,Karongi,Clayey,clayey,80,Agricultural,1705,1176.0,512.0,17.0,74.3,6.13,coffee,A,94,2024-07-06,High potential,"Congo-Nile divide and Lake Kivu. Tea, coffee and highland potato; acid hill soils.",NAEB; RAB; FAO ECOCROP
Rwanda,Western,Karongi,Clayey,clayey,58,Agricultural,1526,1685.0,678.0,19.6,82.8,6.07,tea,B,91,2023-09-21,High potential,"Congo-Nile divide and Lake Kivu. Tea, coffee and highland potato; acid hill soils.",NAEB; RAB; FAO ECOCROP
Rwanda,Western,Karongi,Clayey,clayey,55,Agricultural,1634,1514.0,271.0,17.1,63.5,5.68,tea,C,85,2023-12-08,High potential,"Congo-Nile divide and Lake Kivu. Tea, coffee and highland potato; acid hill soils.",NAEB; RAB; FAO ECOCROP
Rwanda,Western,Karongi,Clayey,clayey,50,Agricultural,2096,1294.0,538.0,18.8,77.6,4.72,coffee,A,92,2023-09-16,High potential,"Congo-Nile divide and Lake Kivu. Tea, coffee and highland potato; acid hill soils.",NAEB; RAB; FAO ECOCROP
Rwanda,Western,Karongi,Clayey,clayey,65,Agricultural,2071,1540.0,731.0,18.0,86.5,4.79,potato,B,76,2023-10-22,Moderate potential,"Congo-Nile divide and Lake Kivu. Tea, coffee and highland potato; acid hill soils.",RAB; CIP / RwaSIS; FAO ECOCROP; OFRA Rwanda
Rwanda,Western,Karongi,Loamy,loamy,82,Agricultural,2251,1692.0,273.0,17.6,73.3,5.44,coffee,C,91,2025-02-08,High potential,"Congo-Nile divide and Lake Kivu. Tea, coffee and highland potato; acid hill soils.",NAEB; RAB; FAO ECOCROP
Rwanda,Western,Karongi,Clayey,clayey,53,Agricultural,2292,1480.0,560.0,18.4,79.3,4.89,maize,A,95,2024-04-30,High potential,"Congo-Nile divide and Lake Kivu. Tea, coffee and highland potato; acid hill soils.",RAB CIP; OFRA Rwanda; FAO ECOCROP
Rwanda,Western,Karongi,Clayey,clayey,65,Agricultural,1957,1666.0,678.0,19.5,88.6,6.11,potato,B,78,2024-10-14,Moderate potential,"Congo-Nile divide and Lake Kivu. Tea, coffee and highland potato; acid hill soils.",RAB; CIP / RwaSIS; FAO ECOCROP; OFRA Rwanda
Rwanda,Western,Karongi,Loamy,loamy,63,Agricultural,1554,1463.0,215.0,17.9,64.5,5.3,sweet_potato,C,96,2023-09-08,High potential,"Congo-Nile divide and Lake Kivu. Tea, coffee and highland potato; acid hill soils.",RAB; CIP; FAO ECOCROP
Rwanda,Western,Karongi,Clayey,clayey,76,Agricultural,2263,1659.0,715.0,20.1,77.9,5.79,potato,A,78,2025-06-19,Moderate potential,"Congo-Nile divide and Lake Kivu. Tea, coffee and highland potato; acid hill soils.",RAB; CIP / RwaSIS; FAO ECOCROP; OFRA Rwanda
Rwanda,Western,Karongi,Loamy,loamy,62,Agricultural,1764,1801.0,745.0,18.3,86.7,5.11,coffee,B,97,2024-11-25,High potential,"Congo-Nile divide and Lake Kivu. Tea, coffee and highland potato; acid hill soils.",NAEB; RAB; FAO ECOCROP
Rwanda,Western,Karongi,Clayey,clayey,85,Marshland,1511,1295.0,197.0,18.0,70.8,6.03,sweet_potato,C,74,2025-02-19,Moderate potential,"Congo-Nile divide and Lake Kivu. Tea, coffee and highland potato; acid hill soils.",RAB; CIP; FAO ECOCROP
Rwanda,Western,Karongi,Clayey,clayey,65,Agricultural,1731,1453.0,610.0,19.1,75.4,5.88,coffee,A,95,2023-12-24,High potential,"Congo-Nile divide and Lake Kivu. Tea, coffee and highland potato; acid hill soils.",NAEB; RAB; FAO ECOCROP
Rwanda,Western,Karongi,Alluvial,alluvial,62,Agricultural,2236,1210.0,527.0,18.3,87.8,5.18,tea,B,70,2024-06-12,Moderate potential,"Congo-Nile divide and Lake Kivu. Tea, coffee and highland potato; acid hill soils.",NAEB; RAB; FAO ECOCROP
Rwanda,Western,Karongi,Clayey,clayey,52,Homestead,1649,1843.0,348.0,15.4,73.2,5.05,sweet_potato,C,73,2025-07-08,Moderate potential,"Congo-Nile divide and Lake Kivu. Tea, coffee and highland potato; acid hill soils.",RAB; CIP; FAO ECOCROP
Rwanda,Western,Karongi,Clayey,clayey,54,Agricultural,1847,1553.0,626.0,18.8,88.3,5.25,beans,A,96,2024-03-08,High potential,"Congo-Nile divide and Lake Kivu. Tea, coffee and highland potato; acid hill soils.",RAB; OFRA Rwanda; NISR
Rwanda,Western,Karongi,Alluvial,alluvial,84,Agricultural,1408,1171.0,584.0,19.8,86.0,4.75,tea,B,70,2023-12-16,Moderate potential,"Congo-Nile divide and Lake Kivu. Tea, coffee and highland potato; acid hill soils.",NAEB; RAB; FAO ECOCROP
Rwanda,Western,Karongi,Loamy,loamy,52,Agricultural,1568,1428.0,240.0,15.0,70.6,5.28,tea,C,88,2024-05-02,High potential,"Congo-Nile divide and Lake Kivu. Tea, coffee and highland potato; acid hill soils.",NAEB; RAB; FAO ECOCROP
Rwanda,Western,Karongi,Clayey,clayey,54,Marshland,2047,1340.0,452.0,20.0,78.9,5.81,potato,A,75,2025-06-08,Moderate potential,"Congo-Nile divide and Lake Kivu. Tea, coffee and highland potato; acid hill soils.",RAB; CIP / RwaSIS; FAO ECOCROP; OFRA Rwanda
Rwanda,Western,Karongi,Clayey,clayey,58,Agricultural,1691,1839.0,704.0,18.3,86.5,5.38,beans,B,98,2024-10-29,High potential,"Congo-Nile divide and Lake Kivu. Tea, coffee and highland potato; acid hill soils.",RAB; OFRA Rwanda; NISR
Rwanda,Western,Karongi,Loamy,loamy,50,Agricultural,1470,1379.0,242.0,18.8,72.3,5.89,sweet_potato,C,97,2024-02-16,High potential,"Congo-Nile divide and Lake Kivu. Tea, coffee and highland potato; acid hill soils.",RAB; CIP; FAO ECOCROP
Rwanda,Western,Karongi,Clayey,clayey,50,Agricultural,1484,1393.0,608.0,18.8,79.3,4.88,coffee,A,94,2024-11-24,High potential,"Congo-Nile divide and Lake Kivu. Tea, coffee and highland potato; acid hill soils.",NAEB; RAB; FAO ECOCROP
Rwanda,Western,Karongi,Clayey,clayey,56,Marshland,2221,1527.0,703.0,16.3,87.5,5.63,tea,B,94,2025-03-16,High potential,"Congo-Nile divide and Lake Kivu. Tea, coffee and highland potato; acid hill soils.",NAEB; RAB; FAO ECOCROP
Rwanda,Western,Karongi,Clayey,clayey,79,Agricultural,1422,1205.0,229.0,16.5,71.8,5.11,coffee,C,90,2024-11-16,High potential,"Congo-Nile divide and Lake Kivu. Tea, coffee and highland potato; acid hill soils.",NAEB; RAB; FAO ECOCROP
Rwanda,Western,Karongi,Alluvial,alluvial,76,Agricultural,1422,1294.0,548.0,18.9,79.3,4.66,coffee,A,70,2025-01-28,Moderate potential,"Congo-Nile divide and Lake Kivu. Tea, coffee and highland potato; acid hill soils.",NAEB; RAB; FAO ECOCROP
Rwanda,Western,Karongi,Clayey,clayey,70,Agricultural,2219,1665.0,656.0,18.7,85.0,5.2,cassava,B,100,2024-05-13,High potential,"Congo-Nile divide and Lake Kivu. Tea, coffee and highland potato; acid hill soils.",RAB; IITA; IFAD crop suitability
Rwanda,Western,Karongi,Clayey,clayey,77,Agricultural,2232,1554.0,289.0,18.1,78.8,4.89,beans,C,94,2024-08-27,High potential,"Congo-Nile divide and Lake Kivu. Tea, coffee and highland potato; acid hill soils.",RAB; OFRA Rwanda; NISR
Rwanda,Western,Karongi,Loamy,loamy,74,Agricultural,2394,1271.0,465.0,19.2,79.3,4.95,maize,A,95,2025-04-06,High potential,"Congo-Nile divide and Lake Kivu. Tea, coffee and highland potato; acid hill soils.",RAB CIP; OFRA Rwanda; FAO ECOCROP
Rwanda,Western,Karongi,Loamy,loamy,51,Agricultural,1596,1568.0,660.0,19.1,88.7,4.69,tea,B,93,2024-06-09,High potential,"Congo-Nile divide and Lake Kivu. Tea, coffee and highland potato; acid hill soils.",NAEB; RAB; FAO ECOCROP
Rwanda,Western,Karongi,Clayey,clayey,51,Agricultural,1885,1261.0,227.0,16.4,73.3,4.69,beans,C,91,2025-03-05,High potential,"Congo-Nile divide and Lake Kivu. Tea, coffee and highland potato; acid hill soils.",RAB; OFRA Rwanda; NISR
Rwanda,Western,Karongi,Clayey,clayey,63,Agricultural,2259,1835.0,629.0,19.2,82.0,4.64,tea,A,93,2023-09-04,High potential,"Congo-Nile divide and Lake Kivu. Tea, coffee and highland potato; acid hill soils.",NAEB; RAB; FAO ECOCROP
Rwanda,Western,Karongi,Alluvial,alluvial,80,Agricultural,2401,1551.0,674.0,21.2,83.2,4.67,tea,B,71,2025-04-11,Moderate potential,"Congo-Nile divide and Lake Kivu. Tea, coffee and highland potato; acid hill soils.",NAEB; RAB; FAO ECOCROP
Rwanda,Western,Karongi,Alluvial,alluvial,68,Agricultural,2037,1595.0,300.0,17.9,70.9,4.61,beans,C,92,2023-12-29,High potential,"Congo-Nile divide and Lake Kivu. Tea, coffee and highland potato; acid hill soils.",RAB; OFRA Rwanda; NISR
Rwanda,Western,Karongi,Alluvial,alluvial,68,Agricultural,1631,1269.0,437.0,20.8,85.1,5.62,potato,A,73,2025-07-20,Moderate potential,"Congo-Nile divide and Lake Kivu. Tea, coffee and highland potato; acid hill soils.",RAB; CIP / RwaSIS; FAO ECOCROP; OFRA Rwanda
Rwanda,Western,Karongi,Clayey,clayey,64,Agricultural,1920,1355.0,584.0,19.5,86.9,4.85,cassava,B,98,2023-11-14,High potential,"Congo-Nile divide and Lake Kivu. Tea, coffee and highland potato; acid hill soils.",RAB; IITA; IFAD crop suitability
Rwanda,Western,Karongi,Clayey,clayey,65,Agricultural,2419,1359.0,231.0,18.7,68.7,4.7,sweet_potato,C,71,2025-06-18,Moderate potential,"Congo-Nile divide and Lake Kivu. Tea, coffee and highland potato; acid hill soils.",RAB; CIP; FAO ECOCROP
Rwanda,Western,Karongi,Clayey,clayey,50,Agricultural,2186,1726.0,687.0,18.7,77.7,5.0,coffee,A,96,2024-01-20,High potential,"Congo-Nile divide and Lake Kivu. Tea, coffee and highland potato; acid hill soils.",NAEB; RAB; FAO ECOCROP
Rwanda,Western,Karongi,Alluvial,alluvial,65,Agricultural,1780,1395.0,557.0,17.9,87.2,5.63,tea,B,70,2024-10-24,Moderate potential,"Congo-Nile divide and Lake Kivu. Tea, coffee and highland potato; acid hill soils.",NAEB; RAB; FAO ECOCROP
Rwanda,Western,Karongi,Loamy,loamy,76,Agricultural,2137,1720.0,293.0,16.3,71.4,4.62,sweet_potato,C,93,2025-05-21,High potential,"Congo-Nile divide and Lake Kivu. Tea, coffee and highland potato; acid hill soils.",RAB; CIP; FAO ECOCROP
Rwanda,Western,Karongi,Alluvial,alluvial,62,Agricultural,1622,1630.0,698.0,19.4,76.9,4.96,banana,A,94,2025-05-16,High potential,"Congo-Nile divide and Lake Kivu. Tea, coffee and highland potato; acid hill soils.",RAB; FAO ECOCROP; OFRA Rwanda
Rwanda,Western,Karongi,Clayey,clayey,71,Homestead,2041,1733.0,864.0,20.8,82.8,4.77,potato,B,74,2024-11-17,Moderate potential,"Congo-Nile divide and Lake Kivu. Tea, coffee and highland potato; acid hill soils.",RAB; CIP / RwaSIS; FAO ECOCROP; OFRA Rwanda
Rwanda,Western,Karongi,Loamy,loamy,67,Agricultural,1625,1443.0,216.0,18.1,65.0,6.03,coffee,C,90,2024-09-20,High potential,"Congo-Nile divide and Lake Kivu. Tea, coffee and highland potato; acid hill soils.",NAEB; RAB; FAO ECOCROP
Rwanda,Western,Karongi,Alluvial,alluvial,51,Agricultural,1909,1608.0,526.0,21.8,77.6,5.87,beans,A,100,2024-08-21,High potential,"Congo-Nile divide and Lake Kivu. Tea, coffee and highland potato; acid hill soils.",RAB; OFRA Rwanda; NISR
Rwanda,Western,Karongi,Alluvial,alluvial,76,Agricultural,2244,1799.0,757.0,20.9,87.4,5.04,banana,B,96,2024-11-07,High potential,"Congo-Nile divide and Lake Kivu. Tea, coffee and highland potato; acid hill soils.",RAB; FAO ECOCROP; OFRA Rwanda
Rwanda,Western,Karongi,Alluvial,alluvial,58,Agricultural,1420,1212.0,226.0,17.7,63.1,4.99,sweet_potato,C,95,2024-11-16,High potential,"Congo-Nile divide and Lake Kivu. Tea, coffee and highland potato; acid hill soils.",RAB; CIP; FAO ECOCROP
Rwanda,Western,Karongi,Loamy,loamy,56,Agricultural,2219,1475.0,591.0,20.6,76.7,5.36,banana,A,96,2023-10-18,High potential,"Congo-Nile divide and Lake Kivu. Tea, coffee and highland potato; acid hill soils.",RAB; FAO ECOCROP; OFRA Rwanda
Rwanda,Western,Karongi,Loamy,loamy,62,Agricultural,1484,1289.0,496.0,22.0,81.6,4.62,beans,B,93,2024-05-19,High potential,"Congo-Nile divide and Lake Kivu. Tea, coffee and highland potato; acid hill soils.",RAB; OFRA Rwanda; NISR
Rwanda,Western,Karongi,Loamy,loamy,83,Agricultural,1521,1179.0,191.0,16.3,71.9,5.63,tomato,C,97,2024-05-02,High potential,"Congo-Nile divide and Lake Kivu. Tea, coffee and highland potato; acid hill soils.",RAB; FAO ECOCROP
Rwanda,Western,Karongi,Loamy,loamy,53,Fallow,2487,1119.0,487.0,19.1,81.8,5.56,banana,A,96,2024-10-30,High potential,"Congo-Nile divide and Lake Kivu. Tea, coffee and highland potato; acid hill soils.",RAB; FAO ECOCROP; OFRA Rwanda
Rwanda,Western,Karongi,Alluvial,alluvial,67,Agricultural,1554,1385.0,595.0,18.5,92.0,5.19,potato,B,76,2025-07-04,Moderate potential,"Congo-Nile divide and Lake Kivu. Tea, coffee and highland potato; acid hill soils.",RAB; CIP / RwaSIS; FAO ECOCROP; OFRA Rwanda
Rwanda,Western,Karongi,Loamy,loamy,61,Agricultural,1916,1430.0,259.0,16.5,57.9,4.92,beans,C,94,2023-09-26,High potential,"Congo-Nile divide and Lake Kivu. Tea, coffee and highland potato; acid hill soils.",RAB; OFRA Rwanda; NISR
Rwanda,Western,Karongi,Loamy,loamy,52,Agricultural,1960,1246.0,448.0,19.4,75.4,5.76,coffee,A,93,2023-11-04,High potential,"Congo-Nile divide and Lake Kivu. Tea, coffee and highland potato; acid hill soils.",NAEB; RAB; FAO ECOCROP
Rwanda,Western,Karongi,Clayey,clayey,83,Agricultural,2432,1731.0,832.0,21.5,85.6,4.87,tea,B,95,2024-03-18,High potential,"Congo-Nile divide and Lake Kivu. Tea, coffee and highland potato; acid hill soils.",NAEB; RAB; FAO ECOCROP
Rwanda,Western,Karongi,Alluvial,alluvial,69,Agricultural,2035,1653.0,313.0,14.8,67.7,5.64,tea,C,66,2025-05-09,Moderate potential,"Congo-Nile divide and Lake Kivu. Tea, coffee and highland potato; acid hill soils.",NAEB; RAB; FAO ECOCROP
Rwanda,Western,Karongi,Alluvial,alluvial,53,Agricultural,2459,1577.0,603.0,17.0,81.4,5.46,maize,A,100,2023-09-11,High potential,"Congo-Nile divide and Lake Kivu. Tea, coffee and highland potato; acid hill soils.",RAB CIP; OFRA Rwanda; FAO ECOCROP
Rwanda,Western,Karongi,Clayey,clayey,51,Agricultural,2176,1519.0,669.0,18.7,79.0,6.14,beans,B,100,2024-11-17,High potential,"Congo-Nile divide and Lake Kivu. Tea, coffee and highland potato; acid hill soils.",RAB; OFRA Rwanda; NISR
Rwanda,Western,Karongi,Loamy,loamy,74,Homestead,1920,1117.0,184.0,16.3,62.7,5.78,tea,C,84,2025-07-12,High potential,"Congo-Nile divide and Lake Kivu. Tea, coffee and highland potato; acid hill soils.",NAEB; RAB; FAO ECOCROP
Rwanda,Western,Karongi,Clayey,clayey,59,Agricultural,2457,1539.0,659.0,18.7,78.6,5.23,potato,A,77,2024-03-27,Moderate potential,"Congo-Nile divide and Lake Kivu. Tea, coffee and highland potato; acid hill soils.",RAB; CIP / RwaSIS; FAO ECOCROP; OFRA Rwanda
Rwanda,Western,Karongi,Clayey,clayey,68,Agricultural,2020,1727.0,834.0,19.5,87.2,5.49,tea,B,95,2024-01-01,High potential,"Congo-Nile divide and Lake Kivu. Tea, coffee and highland potato; acid hill soils.",NAEB; RAB; FAO ECOCROP
Rwanda,Western,Karongi,Alluvial,alluvial,69,Marshland,2167,1204.0,214.0,16.6,63.9,5.89,tomato,C,98,2025-01-18,High potential,"Congo-Nile divide and Lake Kivu. Tea, coffee and highland potato; acid hill soils.",RAB; FAO ECOCROP
Rwanda,Western,Karongi,Loamy,loamy,67,Agricultural,1734,1222.0,483.0,19.6,76.9,5.99,potato,A,97,2024-12-06,High potential,"Congo-Nile divide and Lake Kivu. Tea, coffee and highland potato; acid hill soils.",RAB; CIP / RwaSIS; FAO ECOCROP; OFRA Rwanda
Rwanda,Western,Karongi,Alluvial,alluvial,79,Agricultural,2117,1926.0,980.0,19.5,77.1,5.89,cassava,B,78,2025-02-20,Moderate potential,"Congo-Nile divide and Lake Kivu. Tea, coffee and highland potato; acid hill soils.",RAB; IITA; IFAD crop suitability
Rwanda,Western,Karongi,Loamy,loamy,84,Agricultural,1881,1292.0,208.0,14.8,63.8,5.98,coffee,C,90,2023-09-08,High potential,"Congo-Nile divide and Lake Kivu. Tea, coffee and highland potato; acid hill soils.",NAEB; RAB; FAO ECOCROP
Rwanda,Western,Karongi,Alluvial,alluvial,61,Agricultural,1499,1344.0,445.0,19.6,73.7,4.96,beans,A,96,2024-05-22,High potential,"Congo-Nile divide and Lake Kivu. Tea, coffee and highland potato; acid hill soils.",RAB; OFRA Rwanda; NISR
Rwanda,Western,Karongi,Loamy,loamy,60,Marshland,1940,1231.0,617.0,19.5,87.4,4.77,tea,B,93,2024-08-04,High potential,"Congo-Nile divide and Lake Kivu. Tea, coffee and highland potato; acid hill soils.",NAEB; RAB; FAO ECOCROP
Rwanda,Western,Nyamasheke,Clayey,clayey,82,Marshland,1408,1861.0,678.0,19.7,81.4,4.67,tea,A,93,2024-12-22,High potential,"Congo-Nile divide and Lake Kivu. Tea, coffee and highland potato; acid hill soils.",NAEB; RAB; FAO ECOCROP
Rwanda,Western,Nyamasheke,Alluvial,alluvial,54,Homestead,1416,1361.0,597.0,18.4,82.2,5.68,coffee,B,73,2024-07-30,Moderate potential,"Congo-Nile divide and Lake Kivu. Tea, coffee and highland potato; acid hill soils.",NAEB; RAB; FAO ECOCROP
Rwanda,Western,Nyamasheke,Loamy,loamy,82,Agricultural,2219,1523.0,281.0,18.2,75.5,5.11,coffee,C,91,2023-09-02,High potential,"Congo-Nile divide and Lake Kivu. Tea, coffee and highland potato; acid hill soils.",NAEB; RAB; FAO ECOCROP
Rwanda,Western,Nyamasheke,Clayey,clayey,63,Agricultural,2371,2065.0,880.0,18.6,73.8,5.92,beans,A,100,2025-05-17,High potential,"Congo-Nile divide and Lake Kivu. Tea, coffee and highland potato; acid hill soils.",RAB; OFRA Rwanda; NISR
Rwanda,Western,Nyamasheke,Clayey,clayey,68,Agricultural,2206,1512.0,719.0,19.7,84.2,4.74,beans,B,94,2024-10-19,High potential,"Congo-Nile divide and Lake Kivu. Tea, coffee and highland potato; acid hill soils.",RAB; OFRA Rwanda; NISR
Rwanda,Western,Nyamasheke,Clayey,clayey,81,Agricultural,2487,1254.0,187.0,15.8,72.7,5.53,tomato,C,75,2024-05-01,Moderate potential,"Congo-Nile divide and Lake Kivu. Tea, coffee and highland potato; acid hill soils.",RAB; FAO ECOCROP
Rwanda,Western,Nyamasheke,Loamy,loamy,62,Agricultural,2413,1579.0,595.0,19.2,89.8,4.6,beans,A,90,2024-06-27,High potential,"Congo-Nile divide and Lake Kivu. Tea, coffee and highland potato; acid hill soils.",RAB; OFRA Rwanda; NISR
Rwanda,Western,Nyamasheke,Alluvial,alluvial,72,Agricultural,1514,1976.0,886.0,18.5,87.1,5.72,banana,B,100,2024-10-02,High potential,"Congo-Nile divide and Lake Kivu. Tea, coffee and highland potato; acid hill soils.",RAB; FAO ECOCROP; OFRA Rwanda
Rwanda,Western,Nyamasheke,Loamy,loamy,56,Agricultural,2175,1278.0,185.0,16.0,65.0,5.5,beans,C,97,2023-09-27,High potential,"Congo-Nile divide and Lake Kivu. Tea, coffee and highland potato; acid hill soils.",RAB; OFRA Rwanda; NISR
Rwanda,Western,Nyamasheke,Clayey,clayey,50,Agricultural,2311,1952.0,790.0,19.5,83.7,5.66,maize,A,100,2025-01-08,High potential,"Congo-Nile divide and Lake Kivu. Tea, coffee and highland potato; acid hill soils.",RAB CIP; OFRA Rwanda; FAO ECOCROP
Rwanda,Western,Nyamasheke,Alluvial,alluvial,65,Agricultural,1768,1428.0,648.0,18.2,87.8,5.82,beans,B,99,2025-05-11,High potential,"Congo-Nile divide and Lake Kivu. Tea, coffee and highland potato; acid hill soils.",RAB; OFRA Rwanda; NISR
Rwanda,Western,Nyamasheke,Alluvial,alluvial,58,Agricultural,1672,1523.0,243.0,15.1,71.6,4.61,tomato,C,89,2024-02-12,High potential,"Congo-Nile divide and Lake Kivu. Tea, coffee and highland potato; acid hill soils.",RAB; FAO ECOCROP
Rwanda,Western,Nyamasheke,Loamy,loamy,51,Fallow,2270,1642.0,537.0,19.3,83.5,6.09,tea,A,89,2025-02-03,High potential,"Congo-Nile divide and Lake Kivu. Tea, coffee and highland potato; acid hill soils.",NAEB; RAB; FAO ECOCROP
Rwanda,Western,Nyamasheke,Alluvial,alluvial,61,Fallow,2030,2066.0,895.0,17.5,84.2,6.06,cassava,B,77,2025-04-08,Moderate potential,"Congo-Nile divide and Lake Kivu. Tea, coffee and highland potato; acid hill soils.",RAB; IITA; IFAD crop suitability
Rwanda,Western,Nyamasheke,Loamy,loamy,71,Agricultural,1645,1580.0,252.0,14.4,65.1,5.86,tea,C,85,2024-02-13,High potential,"Congo-Nile divide and Lake Kivu. Tea, coffee and highland potato; acid hill soils.",NAEB; RAB; FAO ECOCROP
Rwanda,Western,Nyamasheke,Alluvial,alluvial,71,Fallow,1872,1451.0,592.0,17.7,76.1,5.35,banana,A,95,2023-10-03,High potential,"Congo-Nile divide and Lake Kivu. Tea, coffee and highland potato; acid hill soils.",RAB; FAO ECOCROP; OFRA Rwanda
Rwanda,Western,Nyamasheke,Alluvial,alluvial,56,Agricultural,2381,2091.0,852.0,17.0,89.2,6.02,potato,B,78,2024-09-04,Moderate potential,"Congo-Nile divide and Lake Kivu. Tea, coffee and highland potato; acid hill soils.",RAB; CIP / RwaSIS; FAO ECOCROP; OFRA Rwanda
Rwanda,Western,Nyamasheke,Loamy,loamy,60,Agricultural,2345,1460.0,261.0,16.2,64.7,5.78,tea,C,86,2024-06-23,High potential,"Congo-Nile divide and Lake Kivu. Tea, coffee and highland potato; acid hill soils.",NAEB; RAB; FAO ECOCROP
Rwanda,Western,Nyamasheke,Alluvial,alluvial,54,Agricultural,1959,1762.0,744.0,19.0,76.4,5.57,banana,A,99,2024-01-27,High potential,"Congo-Nile divide and Lake Kivu. Tea, coffee and highland potato; acid hill soils.",RAB; FAO ECOCROP; OFRA Rwanda
Rwanda,Western,Nyamasheke,Loamy,loamy,54,Agricultural,1799,1886.0,903.0,19.2,78.0,5.96,banana,B,100,2024-04-30,High potential,"Congo-Nile divide and Lake Kivu. Tea, coffee and highland potato; acid hill soils.",RAB; FAO ECOCROP; OFRA Rwanda
Rwanda,Western,Nyamasheke,Alluvial,alluvial,68,Agricultural,1403,1609.0,280.0,16.0,75.2,4.95,coffee,C,69,2024-05-30,Moderate potential,"Congo-Nile divide and Lake Kivu. Tea, coffee and highland potato; acid hill soils.",NAEB; RAB; FAO ECOCROP
Rwanda,Western,Nyamasheke,Clayey,clayey,63,Homestead,1921,1984.0,766.0,18.4,80.8,4.61,tea,A,95,2024-01-11,High potential,"Congo-Nile divide and Lake Kivu. Tea, coffee and highland potato; acid hill soils.",NAEB; RAB; FAO ECOCROP
Rwanda,Western,Nyamasheke,Clayey,clayey,85,Agricultural,2448,1975.0,1016.0,18.2,81.4,4.63,potato,B,75,2025-07-11,Moderate potential,"Congo-Nile divide and Lake Kivu. Tea, coffee and highland potato; acid hill soils.",RAB; CIP / RwaSIS; FAO ECOCROP; OFRA Rwanda
Rwanda,Western,Nyamasheke,Clayey,clayey,69,Agricultural,2348,1826.0,310.0,16.9,77.2,5.5,sweet_potato,C,76,2025-02-01,Moderate potential,"Congo-Nile divide and Lake Kivu. Tea, coffee and highland potato; acid hill soils.",RAB; CIP; FAO ECOCROP
Rwanda,Western,Nyamasheke,Alluvial,alluvial,69,Agricultural,1995,1856.0,750.0,21.0,81.7,5.92,beans,A,100,2025-02-27,High potential,"Congo-Nile divide and Lake Kivu. Tea, coffee and highland potato; acid hill soils.",RAB; OFRA Rwanda; NISR
Rwanda,Western,Nyamasheke,Clayey,clayey,52,Agricultural,2284,1726.0,890.0,17.3,82.6,4.98,banana,B,94,2023-09-14,High potential,"Congo-Nile divide and Lake Kivu. Tea, coffee and highland potato; acid hill soils.",RAB; FAO ECOCROP; OFRA Rwanda
Rwanda,Western,Nyamasheke,Loamy,loamy,66,Agricultural,2150,1642.0,281.0,14.2,69.7,4.62,tea,C,88,2025-03-20,High potential,"Congo-Nile divide and Lake Kivu. Tea, coffee and highland potato; acid hill soils.",NAEB; RAB; FAO ECOCROP
Rwanda,Western,Nyamasheke,Alluvial,alluvial,79,Agricultural,2428,1827.0,715.0,18.6,77.6,4.83,potato,A,77,2024-01-14,Moderate potential,"Congo-Nile divide and Lake Kivu. Tea, coffee and highland potato; acid hill soils.",RAB; CIP / RwaSIS; FAO ECOCROP; OFRA Rwanda
Rwanda,Western,Nyamasheke,Alluvial,alluvial,71,Marshland,2391,1884.0,734.0,19.6,88.1,5.23,cassava,B,76,2024-10-09,Moderate potential,"Congo-Nile divide and Lake Kivu. Tea, coffee and highland potato; acid hill soils.",RAB; IITA; IFAD crop suitability
Rwanda,Western,Nyamasheke,Alluvial,alluvial,55,Agricultural,2500,1387.0,256.0,16.1,61.0,5.67,sweet_potato,C,97,2024-11-27,High potential,"Congo-Nile divide and Lake Kivu. Tea, coffee and highland potato; acid hill soils.",RAB; CIP; FAO ECOCROP
Rwanda,Western,Nyamasheke,Clayey,clayey,85,Agricultural,1919,1739.0,623.0,18.1,79.7,6.15,maize,A,100,2025-06-23,High potential,"Congo-Nile divide and Lake Kivu. Tea, coffee and highland potato; acid hill soils.",RAB CIP; OFRA Rwanda; FAO ECOCROP
Rwanda,Western,Nyamasheke,Clayey,clayey,76,Marshland,1911,1694.0,789.0,19.3,79.2,5.38,tea,B,95,2023-11-18,High potential,"Congo-Nile divide and Lake Kivu. Tea, coffee and highland potato; acid hill soils.",NAEB; RAB; FAO ECOCROP
Rwanda,Western,Nyamasheke,Clayey,clayey,68,Agricultural,2496,1689.0,287.0,14.9,67.7,5.08,beans,C,95,2024-02-13,High potential,"Congo-Nile divide and Lake Kivu. Tea, coffee and highland potato; acid hill soils.",RAB; OFRA Rwanda; NISR
Rwanda,Western,Nyamasheke,Clayey,clayey,83,Agricultural,2442,1636.0,713.0,19.5,77.6,5.59,banana,A,99,2024-09-16,High potential,"Congo-Nile divide and Lake Kivu. Tea, coffee and highland potato; acid hill soils.",RAB; FAO ECOCROP; OFRA Rwanda
Rwanda,Western,Nyamasheke,Alluvial,alluvial,60,Agricultural,1617,1601.0,806.0,20.7,81.8,5.86,banana,B,100,2024-09-27,High potential,"Congo-Nile divide and Lake Kivu. Tea, coffee and highland potato; acid hill soils.",RAB; FAO ECOCROP; OFRA Rwanda
Rwanda,Western,Nyamasheke,Alluvial,alluvial,68,Agricultural,2001,1815.0,324.0,16.5,66.1,4.63,tomato,C,92,2025-01-06,High potential,"Congo-Nile divide and Lake Kivu. Tea, coffee and highland potato; acid hill soils.",RAB; FAO ECOCROP
Rwanda,Western,Nyamasheke,Alluvial,alluvial,63,Agricultural,2031,1701.0,599.0,18.4,78.7,4.98,beans,A,96,2024-12-12,High potential,"Congo-Nile divide and Lake Kivu. Tea, coffee and highland potato; acid hill soils.",RAB; OFRA Rwanda; NISR
Rwanda,Western,Nyamasheke,Loamy,loamy,64,Marshland,1688,1695.0,853.0,19.7,89.1,6.16,cassava,B,98,2023-10-07,High potential,"Congo-Nile divide and Lake Kivu. Tea, coffee and highland potato; acid hill soils.",RAB; IITA; IFAD crop suitability
Rwanda,Western,Nyamasheke,Clayey,clayey,85,Agricultural,1678,1312.0,256.0,16.0,67.5,5.62,sweet_potato,C,75,2024-03-18,Moderate potential,"Congo-Nile divide and Lake Kivu. Tea, coffee and highland potato; acid hill soils.",RAB; CIP; FAO ECOCROP
Rwanda,Western,Nyamasheke,Clayey,clayey,65,Agricultural,2059,1608.0,647.0,18.1,87.4,5.66,banana,A,98,2025-02-21,High potential,"Congo-Nile divide and Lake Kivu. Tea, coffee and highland potato; acid hill soils.",RAB; FAO ECOCROP; OFRA Rwanda
Rwanda,Western,Nyamasheke,Loamy,loamy,62,Marshland,1419,2019.0,931.0,18.0,79.4,4.74,banana,B,94,2023-09-27,High potential,"Congo-Nile divide and Lake Kivu. Tea, coffee and highland potato; acid hill soils.",RAB; FAO ECOCROP; OFRA Rwanda
Rwanda,Western,Nyamasheke,Clayey,clayey,78,Fallow,1679,1870.0,276.0,16.9,66.0,5.65,beans,C,98,2024-10-21,High potential,"Congo-Nile divide and Lake Kivu. Tea, coffee and highland potato; acid hill soils.",RAB; OFRA Rwanda; NISR
Rwanda,Western,Nyamasheke,Alluvial,alluvial,82,Agricultural,2118,2022.0,753.0,15.3,84.2,6.14,tea,A,70,2024-12-29,Moderate potential,"Congo-Nile divide and Lake Kivu. Tea, coffee and highland potato; acid hill soils.",NAEB; RAB; FAO ECOCROP
Rwanda,Western,Nyamasheke,Loamy,loamy,75,Agricultural,1638,1906.0,819.0,19.3,83.8,5.7,potato,B,100,2025-02-24,High potential,"Congo-Nile divide and Lake Kivu. Tea, coffee and highland potato; acid hill soils.",RAB; CIP / RwaSIS; FAO ECOCROP; OFRA Rwanda
Rwanda,Western,Nyamasheke,Alluvial,alluvial,60,Agricultural,2046,1437.0,225.0,15.8,63.5,5.95,beans,C,98,2023-12-15,High potential,"Congo-Nile divide and Lake Kivu. Tea, coffee and highland potato; acid hill soils.",RAB; OFRA Rwanda; NISR
Rwanda,Western,Nyamasheke,Clayey,clayey,69,Agricultural,2038,2046.0,668.0,17.9,78.3,5.83,beans,A,100,2025-06-05,High potential,"Congo-Nile divide and Lake Kivu. Tea, coffee and highland potato; acid hill soils.",RAB; OFRA Rwanda; NISR
Rwanda,Western,Nyamasheke,Loamy,loamy,74,Agricultural,2092,1652.0,812.0,17.7,81.6,4.91,potato,B,99,2025-04-10,High potential,"Congo-Nile divide and Lake Kivu. Tea, coffee and highland potato; acid hill soils.",RAB; CIP / RwaSIS; FAO ECOCROP; OFRA Rwanda
Rwanda,Western,Nyamasheke,Alluvial,alluvial,79,Agricultural,2122,1690.0,281.0,17.4,63.3,5.24,tea,C,63,2025-03-26,Moderate potential,"Congo-Nile divide and Lake Kivu. Tea, coffee and highland potato; acid hill soils.",NAEB; RAB; FAO ECOCROP
Rwanda,Western,Nyamasheke,Alluvial,alluvial,64,Agricultural,1960,1415.0,582.0,19.4,80.6,5.26,coffee,A,73,2023-12-31,Moderate potential,"Congo-Nile divide and Lake Kivu. Tea, coffee and highland potato; acid hill soils.",NAEB; RAB; FAO ECOCROP
Rwanda,Western,Nyamasheke,Loamy,loamy,74,Agricultural,1914,1504.0,588.0,20.6,79.4,5.89,beans,B,100,2024-11-05,High potential,"Congo-Nile divide and Lake Kivu. Tea, coffee and highland potato; acid hill soils.",RAB; OFRA Rwanda; NISR
Rwanda,Western,Nyamasheke,Alluvial,alluvial,65,Marshland,2237,1546.0,294.0,14.2,61.1,5.77,coffee,C,67,2024-05-17,Moderate potential,"Congo-Nile divide and Lake Kivu. Tea, coffee and highland potato; acid hill soils.",NAEB; RAB; FAO ECOCROP
Rwanda,Western,Nyamasheke,Alluvial,alluvial,65,Agricultural,2053,2051.0,884.0,20.3,72.4,5.83,maize,A,100,2024-01-22,High potential,"Congo-Nile divide and Lake Kivu. Tea, coffee and highland potato; acid hill soils.",RAB CIP; OFRA Rwanda; FAO ECOCROP
Rwanda,Western,Nyamasheke,Alluvial,alluvial,50,Agricultural,2256,1663.0,788.0,18.7,91.4,6.14,coffee,B,75,2025-01-02,Moderate potential,"Congo-Nile divide and Lake Kivu. Tea, coffee and highland potato; acid hill soils.",NAEB; RAB; FAO ECOCROP
Rwanda,Western,Nyamasheke,Clayey,clayey,82,Agricultural,2079,1720.0,254.0,15.1,71.6,5.97,beans,C,98,2024-10-30,High potential,"Congo-Nile divide and Lake Kivu. Tea, coffee and highland potato; acid hill soils.",RAB; OFRA Rwanda; NISR
Rwanda,Western,Nyamasheke,Loamy,loamy,52,Agricultural,2382,1827.0,605.0,16.7,80.3,6.15,banana,A,94,2025-05-23,High potential,"Congo-Nile divide and Lake Kivu. Tea, coffee and highland potato; acid hill soils.",RAB; FAO ECOCROP; OFRA Rwanda
Rwanda,Western,Nyamasheke,Alluvial,alluvial,75,Agricultural,1962,2162.0,921.0,18.2,86.8,5.4,coffee,B,77,2025-03-25,Moderate potential,"Congo-Nile divide and Lake Kivu. Tea, coffee and highland potato; acid hill soils.",NAEB; RAB; FAO ECOCROP
Rwanda,Western,Nyamasheke,Loamy,loamy,81,Agricultural,2168,1794.0,290.0,15.8,66.5,5.03,tea,C,87,2025-01-17,High potential,"Congo-Nile divide and Lake Kivu. Tea, coffee and highland potato; acid hill soils.",NAEB; RAB; FAO ECOCROP
Rwanda,Western,Nyamasheke,Loamy,loamy,67,Agricultural,2447,2094.0,862.0,18.4,73.4,4.96,coffee,A,98,2024-11-10,High potential,"Congo-Nile divide and Lake Kivu. Tea, coffee and highland potato; acid hill soils.",NAEB; RAB; FAO ECOCROP
Rwanda,Western,Nyamasheke,Loamy,loamy,66,Agricultural,2444,1568.0,662.0,17.6,89.1,5.81,cassava,B,97,2023-11-23,High potential,"Congo-Nile divide and Lake Kivu. Tea, coffee and highland potato; acid hill soils.",RAB; IITA; IFAD crop suitability
Rwanda,Western,Nyamasheke,Loamy,loamy,77,Agricultural,2452,1695.0,315.0,17.3,65.3,5.96,beans,C,99,2025-01-01,High potential,"Congo-Nile divide and Lake Kivu. Tea, coffee and highland potato; acid hill soils.",RAB; OFRA Rwanda; NISR
Rwanda,Western,Nyamasheke,Alluvial,alluvial,51,Agricultural,1476,2089.0,883.0,20.4,73.1,5.42,tea,A,74,2023-10-28,Moderate potential,"Congo-Nile divide and Lake Kivu. Tea, coffee and highland potato; acid hill soils.",NAEB; RAB; FAO ECOCROP
Rwanda,Western,Nyamasheke,Clayey,clayey,54,Agricultural,1708,2111.0,1025.0,19.6,88.8,5.25,banana,B,98,2023-12-09,High potential,"Congo-Nile divide and Lake Kivu. Tea, coffee and highland potato; acid hill soils.",RAB; FAO ECOCROP; OFRA Rwanda
Rwanda,Western,Nyamasheke,Loamy,loamy,81,Agricultural,1878,1700.0,304.0,16.5,72.1,5.93,tomato,C,99,2025-03-26,High potential,"Congo-Nile divide and Lake Kivu. Tea, coffee and highland potato; acid hill soils.",RAB; FAO ECOCROP
Rwanda,Western,Nyamasheke,Clayey,clayey,72,Agricultural,1403,1925.0,626.0,18.8,79.6,5.5,tea,A,93,2023-12-31,High potential,"Congo-Nile divide and Lake Kivu. Tea, coffee and highland potato; acid hill soils.",NAEB; RAB; FAO ECOCROP
Rwanda,Western,Nyamasheke,Loamy,loamy,54,Agricultural,2387,2190.0,1019.0,18.4,79.7,5.84,banana,B,100,2024-10-04,High potential,"Congo-Nile divide and Lake Kivu. Tea, coffee and highland potato; acid hill soils.",RAB; FAO ECOCROP; OFRA Rwanda
Rwanda,Western,Nyamasheke,Loamy,loamy,75,Homestead,2132,1589.0,261.0,18.1,68.5,5.75,tea,C,87,2024-05-22,High potential,"Congo-Nile divide and Lake Kivu. Tea, coffee and highland potato; acid hill soils.",NAEB; RAB; FAO ECOCROP
Rwanda,Western,Nyamasheke,Alluvial,alluvial,61,Agricultural,2319,1930.0,737.0,19.1,78.0,5.39,banana,A,98,2024-05-29,High potential,"Congo-Nile divide and Lake Kivu. Tea, coffee and highland potato; acid hill soils.",RAB; FAO ECOCROP; OFRA Rwanda
Rwanda,Western,Nyamasheke,Loamy,loamy,61,Homestead,2192,1542.0,687.0,18.5,87.7,5.94,tea,B,92,2024-08-05,High potential,"Congo-Nile divide and Lake Kivu. Tea, coffee and highland potato; acid hill soils.",NAEB; RAB; FAO ECOCROP
Rwanda,Western,Nyamasheke,Alluvial,alluvial,70,Agricultural,1674,1484.0,263.0,16.7,64.7,5.07,coffee,C,69,2024-10-12,Moderate potential,"Congo-Nile divide and Lake Kivu. Tea, coffee and highland potato; acid hill soils.",NAEB; RAB; FAO ECOCROP
Rwanda,Western,Nyamasheke,Loamy,loamy,78,Homestead,1483,1667.0,650.0,18.9,75.7,4.84,maize,A,95,2024-04-22,High potential,"Congo-Nile divide and Lake Kivu. Tea, coffee and highland potato; acid hill soils.",RAB CIP; OFRA Rwanda; FAO ECOCROP
Rwanda,Western,Nyamasheke,Clayey,clayey,83,Marshland,2489,1762.0,736.0,20.0,83.4,5.0,tea,B,94,2025-01-13,High potential,"Congo-Nile divide and Lake Kivu. Tea, coffee and highland potato; acid hill soils.",NAEB; RAB; FAO ECOCROP
Rwanda,Western,Nyamasheke,Loamy,loamy,54,Agricultural,1558,2016.0,345.0,15.8,65.3,6.15,tomato,C,99,2023-12-12,High potential,"Congo-Nile divide and Lake Kivu. Tea, coffee and highland potato; acid hill soils.",RAB; FAO ECOCROP
Rwanda,Western,Nyamasheke,Loamy,loamy,52,Agricultural,2054,2001.0,670.0,19.3,75.8,5.0,maize,A,96,2024-06-11,High potential,"Congo-Nile divide and Lake Kivu. Tea, coffee and highland potato; acid hill soils.",RAB CIP; OFRA Rwanda; FAO ECOCROP
Rwanda,Western,Nyamasheke,Clayey,clayey,71,Agricultural,2197,1607.0,699.0,18.4,81.3,5.54,potato,B,78,2024-03-30,Moderate potential,"Congo-Nile divide and Lake Kivu. Tea, coffee and highland potato; acid hill soils.",RAB; CIP / RwaSIS; FAO ECOCROP; OFRA Rwanda
Rwanda,Western,Nyamasheke,Loamy,loamy,85,Agricultural,1514,1756.0,286.0,17.1,58.7,6.13,tomato,C,99,2024-10-14,High potential,"Congo-Nile divide and Lake Kivu. Tea, coffee and highland potato; acid hill soils.",RAB; FAO ECOCROP
Rwanda,Western,Nyamasheke,Alluvial,alluvial,60,Agricultural,1449,1745.0,685.0,18.7,74.1,5.29,coffee,A,74,2025-02-14,Moderate potential,"Congo-Nile divide and Lake Kivu. Tea, coffee and highland potato; acid hill soils.",NAEB; RAB; FAO ECOCROP
Rwanda,Western,Nyamasheke,Loamy,loamy,84,Agricultural,2197,1438.0,688.0,19.6,82.8,4.8,tea,B,94,2024-06-20,High potential,"Congo-Nile divide and Lake Kivu. Tea, coffee and highland potato; acid hill soils.",NAEB; RAB; FAO ECOCROP
Rwanda,Western,Nyamasheke,Loamy,loamy,58,Agricultural,1888,1970.0,290.0,16.7,73.1,5.88,tomato,C,99,2024-08-20,High potential,"Congo-Nile divide and Lake Kivu. Tea, coffee and highland potato; acid hill soils.",RAB; FAO ECOCROP
Rwanda,Western,Nyamasheke,Clayey,clayey,53,Agricultural,2155,2022.0,716.0,19.7,75.5,5.61,tea,A,94,2023-12-04,High potential,"Congo-Nile divide and Lake Kivu. Tea, coffee and highland potato; acid hill soils.",NAEB; RAB; FAO ECOCROP
Rwanda,Western,Nyamasheke,Clayey,clayey,64,Agricultural,1503,1555.0,651.0,18.7,84.0,4.65,beans,B,93,2023-10-07,High potential,"Congo-Nile divide and Lake Kivu. Tea, coffee and highland potato; acid hill soils.",RAB; OFRA Rwanda; NISR
Rwanda,Western,Nyamasheke,Alluvial,alluvial,51,Agricultural,1656,1819.0,355.0,17.9,69.2,5.5,tomato,C,99,2024-01-18,High potential,"Congo-Nile divide and Lake Kivu. Tea, coffee and highland potato; acid hill soils.",RAB; FAO ECOCROP
Rwanda,Western,Nyamasheke,Loamy,loamy,78,Agricultural,2234,2021.0,706.0,17.2,84.2,5.43,coffee,A,96,2025-04-17,High potential,"Congo-Nile divide and Lake Kivu. Tea, coffee and highland potato; acid hill soils.",NAEB; RAB; FAO ECOCROP
Rwanda,Western,Nyamasheke,Loamy,loamy,62,Agricultural,1729,2058.0,977.0,17.7,92.1,6.14,banana,B,98,2024-07-08,High potential,"Congo-Nile divide and Lake Kivu. Tea, coffee and highland potato; acid hill soils.",RAB; FAO ECOCROP; OFRA Rwanda
Rwanda,Western,Nyamasheke,Alluvial,alluvial,53,Agricultural,2213,1566.0,246.0,16.6,65.5,4.71,tea,C,64,2024-12-18,Moderate potential,"Congo-Nile divide and Lake Kivu. Tea, coffee and highland potato; acid hill soils.",NAEB; RAB; FAO ECOCROP
Rwanda,Western,Nyamasheke,Alluvial,alluvial,83,Fallow,2425,1797.0,715.0,20.0,82.1,5.64,maize,A,100,2025-03-26,High potential,"Congo-Nile divide and Lake Kivu. Tea, coffee and highland potato; acid hill soils.",RAB CIP; OFRA Rwanda; FAO ECOCROP
Rwanda,Western,Nyamasheke,Clayey,clayey,72,Agricultural,2249,1814.0,869.0,18.2,85.1,5.19,beans,B,97,2024-03-25,High potential,"Congo-Nile divide and Lake Kivu. Tea, coffee and highland potato; acid hill soils.",RAB; OFRA Rwanda; NISR
Rwanda,Western,Nyamasheke,Clayey,clayey,53,Agricultural,1956,1500.0,277.0,17.0,67.0,5.76,coffee,C,91,2025-05-22,High potential,"Congo-Nile divide and Lake Kivu. Tea, coffee and highland potato; acid hill soils.",NAEB; RAB; FAO ECOCROP
Rwanda,Western,Nyamasheke,Alluvial,alluvial,78,Agricultural,2472,2039.0,812.0,20.7,80.0,6.09,potato,A,76,2024-07-29,Moderate potential,"Congo-Nile divide and Lake Kivu. Tea, coffee and highland potato; acid hill soils.",RAB; CIP / RwaSIS; FAO ECOCROP; OFRA Rwanda
Rwanda,Western,Nyamasheke,Alluvial,alluvial,85,Agricultural,2433,2019.0,830.0,18.1,90.0,5.21,beans,B,95,2024-08-30,High potential,"Congo-Nile divide and Lake Kivu. Tea, coffee and highland potato; acid hill soils.",RAB; OFRA Rwanda; NISR
Rwanda,Western,Nyamasheke,Loamy,loamy,83,Fallow,2441,1677.0,327.0,18.2,65.5,4.95,tomato,C,95,2024-01-10,High potential,"Congo-Nile divide and Lake Kivu. Tea, coffee and highland potato; acid hill soils.",RAB; FAO ECOCROP
Rwanda,Western,Nyamasheke,Alluvial,alluvial,64,Agricultural,1845,1735.0,747.0,19.1,79.7,5.56,tea,A,72,2024-02-24,Moderate potential,"Congo-Nile divide and Lake Kivu. Tea, coffee and highland potato; acid hill soils.",NAEB; RAB; FAO ECOCROP
Rwanda,Western,Nyamasheke,Alluvial,alluvial,82,Agricultural,2399,1602.0,660.0,19.3,81.3,5.45,cassava,B,78,2024-10-09,Moderate potential,"Congo-Nile divide and Lake Kivu. Tea, coffee and highland potato; acid hill soils.",RAB; IITA; IFAD crop suitability
Rwanda,Western,Nyamasheke,Loamy,loamy,60,Homestead,1686,1737.0,261.0,16.4,67.5,6.2,sweet_potato,C,97,2024-09-17,High potential,"Congo-Nile divide and Lake Kivu. Tea, coffee and highland potato; acid hill soils.",RAB; CIP; FAO ECOCROP
Rwanda,Western,Nyamasheke,Alluvial,alluvial,75,Agricultural,1525,1985.0,829.0,17.4,80.6,5.16,beans,A,97,2025-02-16,High potential,"Congo-Nile divide and Lake Kivu. Tea, coffee and highland potato; acid hill soils.",RAB; OFRA Rwanda; NISR
Rwanda,Western,Nyamasheke,Alluvial,alluvial,65,Agricultural,2288,2126.0,1026.0,19.5,83.7,4.79,tea,B,76,2025-02-28,Moderate potential,"Congo-Nile divide and Lake Kivu. Tea, coffee and highland potato; acid hill soils.",NAEB; RAB; FAO ECOCROP
Rwanda,Western,Nyamasheke,Loamy,loamy,81,Agricultural,2150,1721.0,334.0,14.8,74.6,5.51,coffee,C,91,2024-08-27,High potential,"Congo-Nile divide and Lake Kivu. Tea, coffee and highland potato; acid hill soils.",NAEB; RAB; FAO ECOCROP
Rwanda,Western,Nyamasheke,Loamy,loamy,69,Agricultural,1666,2051.0,888.0,18.9,74.7,5.83,tea,A,96,2024-08-31,High potential,"Congo-Nile divide and Lake Kivu. Tea, coffee and highland potato; acid hill soils.",NAEB; RAB; FAO ECOCROP
Rwanda,Western,Nyamasheke,Alluvial,alluvial,79,Homestead,1544,1659.0,857.0,19.6,91.0,5.45,tea,B,74,2025-04-27,Moderate potential,"Congo-Nile divide and Lake Kivu. Tea, coffee and highland potato; acid hill soils.",NAEB; RAB; FAO ECOCROP
Rwanda,Western,Nyamasheke,Clayey,clayey,52,Agricultural,1714,1979.0,319.0,14.9,70.0,5.78,coffee,C,91,2024-09-26,High potential,"Congo-Nile divide and Lake Kivu. Tea, coffee and highland potato; acid hill soils.",NAEB; RAB; FAO ECOCROP
Rwanda,Western,Nyamasheke,Alluvial,alluvial,81,Agricultural,1653,1540.0,521.0,19.3,73.1,5.18,maize,A,97,2025-05-03,High potential,"Congo-Nile divide and Lake Kivu. Tea, coffee and highland potato; acid hill soils.",RAB CIP; OFRA Rwanda; FAO ECOCROP
Rwanda,Western,Nyamasheke,Loamy,loamy,59,Agricultural,2035,1629.0,641.0,17.7,89.5,5.26,beans,B,96,2024-09-24,High potential,"Congo-Nile divide and Lake Kivu. Tea, coffee and highland potato; acid hill soils.",RAB; OFRA Rwanda; NISR
Rwanda,Western,Nyamasheke,Clayey,clayey,57,Marshland,1844,1576.0,259.0,15.4,68.6,6.14,coffee,C,91,2023-11-22,High potential,"Congo-Nile divide and Lake Kivu. Tea, coffee and highland potato; acid hill soils.",NAEB; RAB; FAO ECOCROP
Rwanda,Western,Nyamasheke,Loamy,loamy,74,Agricultural,2229,1412.0,540.0,17.3,84.2,4.96,coffee,A,94,2025-07-24,High potential,"Congo-Nile divide and Lake Kivu. Tea, coffee and highland potato; acid hill soils.",NAEB; RAB; FAO ECOCROP
Rwanda,Western,Nyamasheke,Alluvial,alluvial,56,Agricultural,1890,2191.0,1013.0,20.0,81.6,5.99,banana,B,100,2024-10-17,High potential,"Congo-Nile divide and Lake Kivu. Tea, coffee and highland potato; acid hill soils.",RAB; FAO ECOCROP; OFRA Rwanda
Rwanda,Western,Nyamasheke,Loamy,loamy,83,Marshland,1876,1776.0,318.0,15.9,66.0,4.85,sweet_potato,C,95,2024-09-18,High potential,"Congo-Nile divide and Lake Kivu. Tea, coffee and highland potato; acid hill soils.",RAB; CIP; FAO ECOCROP
Rwanda,Western,Nyamasheke,Alluvial,alluvial,74,Agricultural,2267,1480.0,613.0,17.3,74.1,5.32,potato,A,77,2024-06-27,Moderate potential,"Congo-Nile divide and Lake Kivu. Tea, coffee and highland potato; acid hill soils.",RAB; CIP / RwaSIS; FAO ECOCROP; OFRA Rwanda
Rwanda,Western,Nyamasheke,Clayey,clayey,84,Agricultural,1799,1734.0,780.0,18.5,79.8,4.87,tea,B,95,2025-07-08,High potential,"Congo-Nile divide and Lake Kivu. Tea, coffee and highland potato; acid hill soils.",NAEB; RAB; FAO ECOCROP
Rwanda,Western,Nyamasheke,Clayey,clayey,82,Agricultural,1405,1401.0,225.0,15.4,72.8,5.17,tomato,C,72,2024-02-03,Moderate potential,"Congo-Nile divide and Lake Kivu. Tea, coffee and highland potato; acid hill soils.",RAB; FAO ECOCROP
Rwanda,Western,Nyamasheke,Alluvial,alluvial,58,Marshland,2423,1486.0,645.0,17.1,79.1,5.85,banana,A,96,2024-08-27,High potential,"Congo-Nile divide and Lake Kivu. Tea, coffee and highland potato; acid hill soils.",RAB; FAO ECOCROP; OFRA Rwanda
Rwanda,Western,Nyamasheke,Clayey,clayey,67,Agricultural,1862,1637.0,632.0,18.3,91.2,4.83,cassava,B,96,2024-12-22,High potential,"Congo-Nile divide and Lake Kivu. Tea, coffee and highland potato; acid hill soils.",RAB; IITA; IFAD crop suitability
Rwanda,Western,Rusizi,Loamy,loamy,76,Agricultural,2226,1314.0,446.0,21.8,78.5,4.97,maize,A,95,2023-09-10,High potential,"Congo-Nile divide and Lake Kivu. Tea, coffee and highland potato; acid hill soils.",RAB CIP; OFRA Rwanda; FAO ECOCROP
Rwanda,Western,Rusizi,Alluvial,alluvial,82,Marshland,2289,1425.0,683.0,20.6,81.9,5.0,tea,B,72,2025-06-14,Moderate potential,"Congo-Nile divide and Lake Kivu. Tea, coffee and highland potato; acid hill soils.",NAEB; RAB; FAO ECOCROP
Rwanda,Western,Rusizi,Clayey,clayey,83,Fallow,2285,1719.0,255.0,18.1,67.3,5.73,sweet_potato,C,75,2025-05-18,Moderate potential,"Congo-Nile divide and Lake Kivu. Tea, coffee and highland potato; acid hill soils.",RAB; CIP; FAO ECOCROP
Rwanda,Western,Rusizi,Clayey,clayey,68,Agricultural,2324,1901.0,744.0,21.6,76.4,4.96,beans,A,96,2023-09-13,High potential,"Congo-Nile divide and Lake Kivu. Tea, coffee and highland potato; acid hill soils.",RAB; OFRA Rwanda; NISR
Rwanda,Western,Rusizi,Alluvial,alluvial,50,Agricultural,1849,1973.0,813.0,21.3,86.4,5.17,coffee,B,76,2025-02-27,Moderate potential,"Congo-Nile divide and Lake Kivu. Tea, coffee and highland potato; acid hill soils.",NAEB; RAB; FAO ECOCROP
Rwanda,Western,Rusizi,Loamy,loamy,71,Agricultural,2376,1122.0,172.0,18.1,61.0,4.76,tomato,C,91,2025-01-27,High potential,"Congo-Nile divide and Lake Kivu. Tea, coffee and highland potato; acid hill soils.",RAB; FAO ECOCROP
Rwanda,Western,Rusizi,Alluvial,alluvial,77,Agricultural,2293,1332.0,507.0,20.7,74.3,5.63,banana,A,96,2024-02-23,High potential,"Congo-Nile divide and Lake Kivu. Tea, coffee and highland potato; acid hill soils.",RAB; FAO ECOCROP; OFRA Rwanda
Rwanda,Western,Rusizi,Alluvial,alluvial,77,Agricultural,1912,1334.0,670.0,21.9,89.5,5.2,potato,B,73,2024-09-01,Moderate potential,"Congo-Nile divide and Lake Kivu. Tea, coffee and highland potato; acid hill soils.",RAB; CIP / RwaSIS; FAO ECOCROP; OFRA Rwanda
Rwanda,Western,Rusizi,Clayey,clayey,80,Agricultural,2190,1429.0,225.0,17.8,62.5,5.07,beans,C,94,2024-07-13,High potential,"Congo-Nile divide and Lake Kivu. Tea, coffee and highland potato; acid hill soils.",RAB; OFRA Rwanda; NISR
Rwanda,Western,Rusizi,Loamy,loamy,52,Agricultural,2405,1829.0,745.0,17.7,84.1,5.55,maize,A,100,2024-07-04,High potential,"Congo-Nile divide and Lake Kivu. Tea, coffee and highland potato; acid hill soils.",RAB CIP; OFRA Rwanda; FAO ECOCROP
Rwanda,Western,Rusizi,Alluvial,alluvial,55,Agricultural,1909,1307.0,614.0,20.6,87.5,5.91,banana,B,98,2025-04-20,High potential,"Congo-Nile divide and Lake Kivu. Tea, coffee and highland potato; acid hill soils.",RAB; FAO ECOCROP; OFRA Rwanda
Rwanda,Western,Rusizi,Clayey,clayey,59,Agricultural,2280,1659.0,257.0,18.3,64.1,5.36,beans,C,97,2023-10-06,High potential,"Congo-Nile divide and Lake Kivu. Tea, coffee and highland potato; acid hill soils.",RAB; OFRA Rwanda; NISR
Rwanda,Western,Rusizi,Clayey,clayey,52,Agricultural,1715,1630.0,690.0,22.5,79.1,5.47,banana,A,98,2024-05-09,High potential,"Congo-Nile divide and Lake Kivu. Tea, coffee and highland potato; acid hill soils.",RAB; FAO ECOCROP; OFRA Rwanda
Rwanda,Western,Rusizi,Alluvial,alluvial,70,Agricultural,1454,1375.0,585.0,20.1,83.2,6.13,tea,B,68,2024-01-21,Moderate potential,"Congo-Nile divide and Lake Kivu. Tea, coffee and highland potato; acid hill soils.",NAEB; RAB; FAO ECOCROP
Rwanda,Western,Rusizi,Clayey,clayey,66,Agricultural,1952,1410.0,210.0,17.8,68.1,5.57,sweet_potato,C,74,2024-12-30,Moderate potential,"Congo-Nile divide and Lake Kivu. Tea, coffee and highland potato; acid hill soils.",RAB; CIP; FAO ECOCROP
Rwanda,Western,Rusizi,Alluvial,alluvial,60,Agricultural,1704,1536.0,536.0,19.8,85.7,5.94,banana,A,97,2024-05-10,High potential,"Congo-Nile divide and Lake Kivu. Tea, coffee and highland potato; acid hill soils.",RAB; FAO ECOCROP; OFRA Rwanda
Rwanda,Western,Rusizi,Clayey,clayey,58,Fallow,1950,1849.0,891.0,23.5,82.0,5.63,potato,B,69,2024-09-23,Moderate potential,"Congo-Nile divide and Lake Kivu. Tea, coffee and highland potato; acid hill soils.",RAB; CIP / RwaSIS; FAO ECOCROP; OFRA Rwanda
Rwanda,Western,Rusizi,Alluvial,alluvial,80,Agricultural,2470,1387.0,201.0,18.3,65.8,4.96,sweet_potato,C,94,2024-06-09,High potential,"Congo-Nile divide and Lake Kivu. Tea, coffee and highland potato; acid hill soils.",RAB; CIP; FAO ECOCROP
Rwanda,Western,Rusizi,Clayey,clayey,56,Agricultural,2162,1377.0,500.0,20.5,84.5,4.62,banana,A,89,2024-11-25,High potential,"Congo-Nile divide and Lake Kivu. Tea, coffee and highland potato; acid hill soils.",RAB; FAO ECOCROP; OFRA Rwanda
Rwanda,Western,Rusizi,Clayey,clayey,62,Fallow,1840,1349.0,642.0,20.5,95.0,4.67,beans,B,88,2025-04-03,High potential,"Congo-Nile divide and Lake Kivu. Tea, coffee and highland potato; acid hill soils.",RAB; OFRA Rwanda; NISR
Rwanda,Western,Rusizi,Clayey,clayey,69,Agricultural,1926,1385.0,203.0,18.4,66.4,4.99,sweet_potato,C,73,2025-07-27,Moderate potential,"Congo-Nile divide and Lake Kivu. Tea, coffee and highland potato; acid hill soils.",RAB; CIP; FAO ECOCROP
Rwanda,Western,Rusizi,Clayey,clayey,72,Agricultural,1473,1357.0,546.0,20.8,83.0,5.43,tea,A,92,2025-01-28,High potential,"Congo-Nile divide and Lake Kivu. Tea, coffee and highland potato; acid hill soils.",NAEB; RAB; FAO ECOCROP
Rwanda,Western,Rusizi,Clayey,clayey,76,Agricultural,1573,1527.0,614.0,21.9,83.2,5.34,potato,B,72,2024-08-02,Moderate potential,"Congo-Nile divide and Lake Kivu. Tea, coffee and highland potato; acid hill soils.",RAB; CIP / RwaSIS; FAO ECOCROP; OFRA Rwanda
Rwanda,Western,Rusizi,Loamy,loamy,57,Agricultural,2147,1537.0,246.0,20.0,74.0,5.6,sweet_potato,C,97,2025-06-08,High potential,"Congo-Nile divide and Lake Kivu. Tea, coffee and highland potato; acid hill soils.",RAB; CIP; FAO ECOCROP
Rwanda,Western,Rusizi,Alluvial,alluvial,59,Agricultural,2457,1338.0,498.0,20.2,83.1,4.81,tea,A,69,2025-03-25,Moderate potential,"Congo-Nile divide and Lake Kivu. Tea, coffee and highland potato; acid hill soils.",NAEB; RAB; FAO ECOCROP
Rwanda,Western,Rusizi,Loamy,loamy,82,Agricultural,1789,1481.0,605.0,21.2,79.3,5.33,tea,B,93,2024-09-08,High potential,"Congo-Nile divide and Lake Kivu. Tea, coffee and highland potato; acid hill soils.",NAEB; RAB; FAO ECOCROP
Rwanda,Western,Rusizi,Loamy,loamy,77,Agricultural,2173,1242.0,201.0,18.4,64.6,5.33,tomato,C,96,2025-03-27,High potential,"Congo-Nile divide and Lake Kivu. Tea, coffee and highland potato; acid hill soils.",RAB; FAO ECOCROP
Rwanda,Western,Rusizi,Clayey,clayey,74,Agricultural,2490,1321.0,574.0,22.1,74.5,5.86,banana,A,97,2024-10-05,High potential,"Congo-Nile divide and Lake Kivu. Tea, coffee and highland potato; acid hill soils.",RAB; FAO ECOCROP; OFRA Rwanda
Rwanda,Western,Rusizi,Loamy,loamy,51,Agricultural,1570,1755.0,793.0,22.5,82.9,4.9,coffee,B,97,2023-10-09,High potential,"Congo-Nile divide and Lake Kivu. Tea, coffee and highland potato; acid hill soils.",NAEB; RAB; FAO ECOCROP
Rwanda,Western,Rusizi,Loamy,loamy,69,Agricultural,2422,1562.0,301.0,18.4,61.6,5.75,sweet_potato,C,98,2023-11-13,High potential,"Congo-Nile divide and Lake Kivu. Tea, coffee and highland potato; acid hill soils.",RAB; CIP; FAO ECOCROP
Rwanda,Western,Rusizi,Loamy,loamy,75,Agricultural,2376,1836.0,626.0,19.3,84.7,4.72,banana,A,92,2023-12-31,High potential,"Congo-Nile divide and Lake Kivu. Tea, coffee and highland potato; acid hill soils.",RAB; FAO ECOCROP; OFRA Rwanda
Rwanda,Western,Rusizi,Clayey,clayey,75,Agricultural,2371,1648.0,683.0,20.0,86.3,5.81,tea,B,93,2025-04-17,High potential,"Congo-Nile divide and Lake Kivu. Tea, coffee and highland potato; acid hill soils.",NAEB; RAB; FAO ECOCROP
Rwanda,Western,Rusizi,Loamy,loamy,65,Agricultural,2159,1282.0,237.0,17.7,64.5,5.01,tea,C,85,2024-04-27,High potential,"Congo-Nile divide and Lake Kivu. Tea, coffee and highland potato; acid hill soils.",NAEB; RAB; FAO ECOCROP
Rwanda,Western,Rusizi,Clayey,clayey,84,Homestead,2041,1772.0,577.0,17.0,77.6,4.96,banana,A,90,2023-10-08,High potential,"Congo-Nile divide and Lake Kivu. Tea, coffee and highland potato; acid hill soils.",RAB; FAO ECOCROP; OFRA Rwanda
Rwanda,Western,Rusizi,Loamy,loamy,81,Agricultural,1875,1729.0,865.0,19.9,83.4,5.77,banana,B,100,2024-01-14,High potential,"Congo-Nile divide and Lake Kivu. Tea, coffee and highland potato; acid hill soils.",RAB; FAO ECOCROP; OFRA Rwanda
Rwanda,Western,Rusizi,Loamy,loamy,77,Marshland,2232,1125.0,166.0,18.3,62.3,4.64,sweet_potato,C,91,2023-12-17,High potential,"Congo-Nile divide and Lake Kivu. Tea, coffee and highland potato; acid hill soils.",RAB; CIP; FAO ECOCROP
Rwanda,Western,Rusizi,Alluvial,alluvial,75,Agricultural,1708,1678.0,566.0,19.1,73.9,5.72,maize,A,100,2023-10-24,High potential,"Congo-Nile divide and Lake Kivu. Tea, coffee and highland potato; acid hill soils.",RAB CIP; OFRA Rwanda; FAO ECOCROP
Rwanda,Western,Rusizi,Alluvial,alluvial,81,Agricultural,1840,1290.0,498.0,18.4,93.7,4.87,cassava,B,71,2024-12-30,Moderate potential,"Congo-Nile divide and Lake Kivu. Tea, coffee and highland potato; acid hill soils.",RAB; IITA; IFAD crop suitability
Rwanda,Western,Rusizi,Loamy,loamy,78,Homestead,2074,1433.0,245.0,15.5,66.8,5.35,sweet_potato,C,96,2024-02-06,High potential,"Congo-Nile divide and Lake Kivu. Tea, coffee and highland potato; acid hill soils.",RAB; CIP; FAO ECOCROP
Rwanda,Western,Rusizi,Loamy,loamy,67,Agricultural,1586,1413.0,617.0,20.4,78.8,5.54,tea,A,93,2023-11-26,High potential,"Congo-Nile divide and Lake Kivu. Tea, coffee and highland potato; acid hill soils.",NAEB; RAB; FAO ECOCROP
Rwanda,Western,Rusizi,Clayey,clayey,85,Agricultural,2347,1430.0,625.0,20.2,89.6,4.69,banana,B,91,2024-08-28,High potential,"Congo-Nile divide and Lake Kivu. Tea, coffee and highland potato; acid hill soils.",RAB; FAO ECOCROP; OFRA Rwanda
Rwanda,Western,Rusizi,Loamy,loamy,78,Agricultural,1630,1717.0,299.0,17.4,69.1,4.68,sweet_potato,C,93,2023-10-12,High potential,"Congo-Nile divide and Lake Kivu. Tea, coffee and highland potato; acid hill soils.",RAB; CIP; FAO ECOCROP
Rwanda,Western,Rusizi,Loamy,loamy,73,Agricultural,1454,1802.0,748.0,17.8,83.1,5.95,potato,A,100,2025-01-11,High potential,"Congo-Nile divide and Lake Kivu. Tea, coffee and highland potato; acid hill soils.",RAB; CIP / RwaSIS; FAO ECOCROP; OFRA Rwanda
Rwanda,Western,Rusizi,Clayey,clayey,63,Agricultural,1438,1495.0,704.0,21.5,86.3,4.81,cassava,B,98,2025-04-25,High potential,"Congo-Nile divide and Lake Kivu. Tea, coffee and highland potato; acid hill soils.",RAB; IITA; IFAD crop suitability
Rwanda,Western,Rusizi,Loamy,loamy,60,Agricultural,2334,1358.0,246.0,19.1,70.2,5.55,sweet_potato,C,97,2023-11-20,High potential,"Congo-Nile divide and Lake Kivu. Tea, coffee and highland potato; acid hill soils.",RAB; CIP; FAO ECOCROP
Rwanda,Western,Rusizi,Clayey,clayey,56,Marshland,2225,1552.0,631.0,20.0,76.8,5.31,coffee,A,95,2024-10-20,High potential,"Congo-Nile divide and Lake Kivu. Tea, coffee and highland potato; acid hill soils.",NAEB; RAB; FAO ECOCROP
Rwanda,Western,Rusizi,Alluvial,alluvial,51,Agricultural,2131,1822.0,779.0,19.2,86.9,4.95,coffee,B,75,2024-03-03,Moderate potential,"Congo-Nile divide and Lake Kivu. Tea, coffee and highland potato; acid hill soils.",NAEB; RAB; FAO ECOCROP
Rwanda,Western,Rusizi,Alluvial,alluvial,77,Agricultural,2484,1854.0,341.0,16.5,67.5,4.95,beans,C,95,2023-11-18,High potential,"Congo-Nile divide and Lake Kivu. Tea, coffee and highland potato; acid hill soils.",RAB; OFRA Rwanda; NISR
Rwanda,Western,Rusizi,Clayey,clayey,83,Agricultural,1819,1713.0,635.0,22.2,80.8,5.04,maize,A,96,2025-02-05,High potential,"Congo-Nile divide and Lake Kivu. Tea, coffee and highland potato; acid hill soils.",RAB CIP; OFRA Rwanda; FAO ECOCROP
Rwanda,Western,Rusizi,Alluvial,alluvial,53,Agricultural,1768,1491.0,609.0,21.6,85.2,4.76,banana,B,92,2024-11-20,High potential,"Congo-Nile divide and Lake Kivu. Tea, coffee and highland potato; acid hill soils.",RAB; FAO ECOCROP; OFRA Rwanda
Rwanda,Western,Rusizi,Loamy,loamy,66,Agricultural,1559,1479.0,272.0,18.0,62.5,5.97,tomato,C,98,2024-04-15,High potential,"Congo-Nile divide and Lake Kivu. Tea, coffee and highland potato; acid hill soils.",RAB; FAO ECOCROP
Rwanda,Western,Rusizi,Alluvial,alluvial,60,Agricultural,1429,1469.0,557.0,22.4,76.2,5.68,potato,A,70,2025-03-29,Moderate potential,"Congo-Nile divide and Lake Kivu. Tea, coffee and highland potato; acid hill soils.",RAB; CIP / RwaSIS; FAO ECOCROP; OFRA Rwanda
Rwanda,Western,Rusizi,Loamy,loamy,77,Agricultural,1555,1783.0,806.0,18.4,82.5,4.97,beans,B,96,2025-01-28,High potential,"Congo-Nile divide and Lake Kivu. Tea, coffee and highland potato; acid hill soils.",RAB; OFRA Rwanda; NISR
Rwanda,Western,Rusizi,Loamy,loamy,77,Agricultural,1612,1885.0,280.0,16.7,65.4,5.25,beans,C,96,2024-10-31,High potential,"Congo-Nile divide and Lake Kivu. Tea, coffee and highland potato; acid hill soils.",RAB; OFRA Rwanda; NISR
Rwanda,Western,Rusizi,Loamy,loamy,76,Agricultural,1980,1464.0,612.0,19.5,86.0,5.28,tea,A,93,2024-01-30,High potential,"Congo-Nile divide and Lake Kivu. Tea, coffee and highland potato; acid hill soils.",NAEB; RAB; FAO ECOCROP
Rwanda,Western,Rusizi,Alluvial,alluvial,57,Agricultural,1426,1716.0,887.0,19.7,88.9,5.84,potato,B,78,2024-06-19,Moderate potential,"Congo-Nile divide and Lake Kivu. Tea, coffee and highland potato; acid hill soils.",RAB; CIP / RwaSIS; FAO ECOCROP; OFRA Rwanda
Rwanda,Western,Rusizi,Clayey,clayey,67,Agricultural,1886,1717.0,288.0,18.5,66.0,5.67,sweet_potato,C,75,2023-11-26,Moderate potential,"Congo-Nile divide and Lake Kivu. Tea, coffee and highland potato; acid hill soils.",RAB; CIP; FAO ECOCROP
Rwanda,Western,Rusizi,Clayey,clayey,77,Agricultural,2311,1432.0,617.0,20.2,73.4,5.41,coffee,A,95,2024-05-13,High potential,"Congo-Nile divide and Lake Kivu. Tea, coffee and highland potato; acid hill soils.",NAEB; RAB; FAO ECOCROP
Rwanda,Western,Rusizi,Clayey,clayey,60,Agricultural,2056,1936.0,793.0,19.6,80.4,5.03,cassava,B,100,2024-12-16,High potential,"Congo-Nile divide and Lake Kivu. Tea, coffee and highland potato; acid hill soils.",RAB; IITA; IFAD crop suitability
Rwanda,Western,Rusizi,Loamy,loamy,76,Marshland,1849,1418.0,258.0,16.5,69.1,5.45,coffee,C,91,2025-03-27,High potential,"Congo-Nile divide and Lake Kivu. Tea, coffee and highland potato; acid hill soils.",NAEB; RAB; FAO ECOCROP
Rwanda,Western,Rusizi,Clayey,clayey,53,Agricultural,1972,1587.0,534.0,19.8,84.6,5.28,banana,A,95,2024-05-03,High potential,"Congo-Nile divide and Lake Kivu. Tea, coffee and highland potato; acid hill soils.",RAB; FAO ECOCROP; OFRA Rwanda
Rwanda,Western,Rusizi,Alluvial,alluvial,73,Agricultural,2298,1309.0,650.0,18.1,81.1,5.99,beans,B,100,2024-04-04,High potential,"Congo-Nile divide and Lake Kivu. Tea, coffee and highland potato; acid hill soils.",RAB; OFRA Rwanda; NISR
Rwanda,Western,Rusizi,Clayey,clayey,77,Agricultural,1457,1555.0,249.0,20.3,64.5,4.68,tea,C,85,2025-07-31,High potential,"Congo-Nile divide and Lake Kivu. Tea, coffee and highland potato; acid hill soils.",NAEB; RAB; FAO ECOCROP
Rwanda,Western,Rusizi,Clayey,clayey,75,Homestead,1647,1493.0,646.0,19.0,84.6,4.79,maize,A,94,2025-04-08,High potential,"Congo-Nile divide and Lake Kivu. Tea, coffee and highland potato; acid hill soils.",RAB CIP; OFRA Rwanda; FAO ECOCROP
Rwanda,Western,Rusizi,Alluvial,alluvial,64,Agricultural,1719,1806.0,794.0,19.2,76.8,6.19,tea,B,70,2024-01-18,Moderate potential,"Congo-Nile divide and Lake Kivu. Tea, coffee and highland potato; acid hill soils.",NAEB; RAB; FAO ECOCROP
Rwanda,Western,Rusizi,Alluvial,alluvial,60,Agricultural,2477,1755.0,264.0,18.4,69.1,5.59,sweet_potato,C,97,2024-10-02,High potential,"Congo-Nile divide and Lake Kivu. Tea, coffee and highland potato; acid hill soils.",RAB; CIP; FAO ECOCROP
Rwanda,Western,Rusizi,Alluvial,alluvial,83,Agricultural,1921,1435.0,559.0,18.8,75.6,5.29,maize,A,98,2025-05-25,High potential,"Congo-Nile divide and Lake Kivu. Tea, coffee and highland potato; acid hill soils.",RAB CIP; OFRA Rwanda; FAO ECOCROP
Rwanda,Western,Rusizi,Loamy,loamy,83,Agricultural,1622,1777.0,733.0,21.5,89.1,5.2,tea,B,94,2024-08-20,High potential,"Congo-Nile divide and Lake Kivu. Tea, coffee and highland potato; acid hill soils.",NAEB; RAB; FAO ECOCROP
Rwanda,Western,Rusizi,Clayey,clayey,77,Agricultural,1449,1132.0,184.0,17.1,69.5,6.12,sweet_potato,C,74,2025-07-01,Moderate potential,"Congo-Nile divide and Lake Kivu. Tea, coffee and highland potato; acid hill soils.",RAB; CIP; FAO ECOCROP
Rwanda,Western,Rusizi,Loamy,loamy,75,Agricultural,1566,1684.0,606.0,20.5,79.6,5.84,beans,A,100,2024-01-10,High potential,"Congo-Nile divide and Lake Kivu. Tea, coffee and highland potato; acid hill soils.",RAB; OFRA Rwanda; NISR
Rwanda,Western,Rusizi,Clayey,clayey,74,Agricultural,1583,1788.0,802.0,20.1,88.2,5.14,cassava,B,98,2024-08-09,High potential,"Congo-Nile divide and Lake Kivu. Tea, coffee and highland potato; acid hill soils.",RAB; IITA; IFAD crop suitability
Rwanda,Western,Rusizi,Alluvial,alluvial,64,Marshland,2182,1660.0,292.0,17.4,73.3,5.43,tomato,C,98,2024-01-17,High potential,"Congo-Nile divide and Lake Kivu. Tea, coffee and highland potato; acid hill soils.",RAB; FAO ECOCROP
Rwanda,Western,Rusizi,Alluvial,alluvial,59,Agricultural,2108,1958.0,741.0,22.3,84.0,5.76,beans,A,100,2025-05-31,High potential,"Congo-Nile divide and Lake Kivu. Tea, coffee and highland potato; acid hill soils.",RAB; OFRA Rwanda; NISR
Rwanda,Western,Rusizi,Alluvial,alluvial,66,Agricultural,2370,1869.0,890.0,21.4,90.8,5.06,tea,B,74,2024-07-26,Moderate potential,"Congo-Nile divide and Lake Kivu. Tea, coffee and highland potato; acid hill soils.",NAEB; RAB; FAO ECOCROP
Rwanda,Western,Rusizi,Loamy,loamy,71,Agricultural,2348,1310.0,219.0,17.6,68.1,5.03,sweet_potato,C,95,2025-05-18,High potential,"Congo-Nile divide and Lake Kivu. Tea, coffee and highland potato; acid hill soils.",RAB; CIP; FAO ECOCROP
Rwanda,Western,Rusizi,Loamy,loamy,72,Agricultural,1850,1853.0,733.0,20.4,80.8,5.46,banana,A,99,2024-07-14,High potential,"Congo-Nile divide and Lake Kivu. Tea, coffee and highland potato; acid hill soils.",RAB; FAO ECOCROP; OFRA Rwanda
Rwanda,Western,Rusizi,Alluvial,alluvial,75,Agricultural,2382,1263.0,526.0,20.8,87.3,5.19,banana,B,94,2024-07-25,High potential,"Congo-Nile divide and Lake Kivu. Tea, coffee and highland potato; acid hill soils.",RAB; FAO ECOCROP; OFRA Rwanda
Rwanda,Western,Rusizi,Alluvial,alluvial,58,Agricultural,2389,1601.0,313.0,18.7,61.1,5.94,coffee,C,69,2025-03-17,Moderate potential,"Congo-Nile divide and Lake Kivu. Tea, coffee and highland potato; acid hill soils.",NAEB; RAB; FAO ECOCROP
Rwanda,Western,Rusizi,Clayey,clayey,58,Agricultural,2070,1339.0,466.0,20.9,76.6,4.66,maize,A,93,2024-06-09,High potential,"Congo-Nile divide and Lake Kivu. Tea, coffee and highland potato; acid hill soils.",RAB CIP; OFRA Rwanda; FAO ECOCROP
Rwanda,Western,Rusizi,Clayey,clayey,68,Agricultural,2289,1243.0,580.0,20.6,80.5,5.55,tea,B,92,2025-04-04,High potential,"Congo-Nile divide and Lake Kivu. Tea, coffee and highland potato; acid hill soils.",NAEB; RAB; FAO ECOCROP
Rwanda,Western,Rusizi,Alluvial,alluvial,59,Agricultural,1935,1770.0,328.0,16.6,66.8,4.62,beans,C,92,2024-04-25,High potential,"Congo-Nile divide and Lake Kivu. Tea, coffee and highland potato; acid hill soils.",RAB; OFRA Rwanda; NISR
Rwanda,Western,Rusizi,Clayey,clayey,78,Agricultural,1962,1402.0,514.0,19.8,80.3,6.12,beans,A,100,2023-11-10,High potential,"Congo-Nile divide and Lake Kivu. Tea, coffee and highland potato; acid hill soils.",RAB; OFRA Rwanda; NISR
Rwanda,Western,Rusizi,Clayey,clayey,50,Homestead,2067,1811.0,891.0,20.3,84.1,5.25,beans,B,98,2024-01-01,High potential,"Congo-Nile divide and Lake Kivu. Tea, coffee and highland potato; acid hill soils.",RAB; OFRA Rwanda; NISR
Rwanda,Western,Rusizi,Clayey,clayey,83,Agricultural,2033,1785.0,319.0,17.9,60.6,6.17,sweet_potato,C,76,2024-07-06,Moderate potential,"Congo-Nile divide and Lake Kivu. Tea, coffee and highland potato; acid hill soils.",RAB; CIP; FAO ECOCROP
Rwanda,Western,Rusizi,Alluvial,alluvial,66,Agricultural,2223,1353.0,491.0,20.8,80.1,5.23,banana,A,94,2023-10-26,High potential,"Congo-Nile divide and Lake Kivu. Tea, coffee and highland potato; acid hill soils.",RAB; FAO ECOCROP; OFRA Rwanda
Rwanda,Western,Rusizi,Clayey,clayey,78,Agricultural,2355,1776.0,834.0,19.8,86.1,6.03,cassava,B,99,2025-07-31,High potential,"Congo-Nile divide and Lake Kivu. Tea, coffee and highland potato; acid hill soils.",RAB; IITA; IFAD crop suitability
Rwanda,Western,Rusizi,Alluvial,alluvial,63,Agricultural,1556,1285.0,198.0,17.2,66.4,5.61,tomato,C,97,2024-10-13,High potential,"Congo-Nile divide and Lake Kivu. Tea, coffee and highland potato; acid hill soils.",RAB; FAO ECOCROP
Rwanda,Western,Rusizi,Clayey,clayey,65,Agricultural,2233,1272.0,555.0,21.2,87.2,5.95,beans,A,99,2024-12-06,High potential,"Congo-Nile divide and Lake Kivu. Tea, coffee and highland potato; acid hill soils.",RAB; OFRA Rwanda; NISR
Rwanda,Western,Rusizi,Loamy,loamy,67,Agricultural,1678,1594.0,772.0,20.8,81.6,4.99,tea,B,95,2025-06-24,High potential,"Congo-Nile divide and Lake Kivu. Tea, coffee and highland potato; acid hill soils.",NAEB; RAB; FAO ECOCROP
Rwanda,Western,Rusizi,Alluvial,alluvial,60,Agricultural,1488,1652.0,318.0,18.3,75.5,5.11,tomato,C,96,2023-11-12,High potential,"Congo-Nile divide and Lake Kivu. Tea, coffee and highland potato; acid hill soils.",RAB; FAO ECOCROP
Rwanda,Western,Rusizi,Loamy,loamy,71,Agricultural,1896,1875.0,716.0,21.0,80.0,4.97,tea,A,94,2024-06-29,High potential,"Congo-Nile divide and Lake Kivu. Tea, coffee and highland potato; acid hill soils.",NAEB; RAB; FAO ECOCROP
Rwanda,Western,Rusizi,Clayey,clayey,60,Agricultural,1951,1990.0,1009.0,18.9,81.7,5.01,coffee,B,100,2025-04-22,High potential,"Congo-Nile divide and Lake Kivu. Tea, coffee and highland potato; acid hill soils.",NAEB; RAB; FAO ECOCROP
Rwanda,Western,Rusizi,Loamy,loamy,72,Agricultural,1789,1486.0,262.0,18.5,65.8,5.43,tea,C,86,2024-03-12,High potential,"Congo-Nile divide and Lake Kivu. Tea, coffee and highland potato; acid hill soils.",NAEB; RAB; FAO ECOCROP
Rwanda,Western,Rusizi,Clayey,clayey,56,Agricultural,2135,1891.0,775.0,20.3,69.7,5.33,banana,A,98,2025-06-30,High potential,"Congo-Nile divide and Lake Kivu. Tea, coffee and highland potato; acid hill soils.",RAB; FAO ECOCROP; OFRA Rwanda
Rwanda,Western,Rusizi,Alluvial,alluvial,83,Agricultural,1639,1325.0,670.0,19.9,84.7,5.54,banana,B,98,2024-05-02,High potential,"Congo-Nile divide and Lake Kivu. Tea, coffee and highland potato; acid hill soils.",RAB; FAO ECOCROP; OFRA Rwanda
Rwanda,Western,Rusizi,Clayey,clayey,61,Agricultural,2472,1654.0,279.0,18.2,69.4,5.15,beans,C,96,2024-08-24,High potential,"Congo-Nile divide and Lake Kivu. Tea, coffee and highland potato; acid hill soils.",RAB; OFRA Rwanda; NISR
Rwanda,Western,Rusizi,Clayey,clayey,60,Agricultural,1985,1449.0,611.0,20.5,80.7,5.41,coffee,A,95,2025-07-10,High potential,"Congo-Nile divide and Lake Kivu. Tea, coffee and highland potato; acid hill soils.",NAEB; RAB; FAO ECOCROP
Rwanda,Western,Rusizi,Clayey,clayey,52,Agricultural,2223,1259.0,601.0,21.7,81.8,5.57,potato,B,73,2024-05-25,Moderate potential,"Congo-Nile divide and Lake Kivu. Tea, coffee and highland potato; acid hill soils.",RAB; CIP / RwaSIS; FAO ECOCROP; OFRA Rwanda
Rwanda,Western,Rusizi,Alluvial,alluvial,57,Homestead,1794,1205.0,231.0,17.9,67.1,5.49,beans,C,98,2025-07-05,High potential,"Congo-Nile divide and Lake Kivu. Tea, coffee and highland potato; acid hill soils.",RAB; OFRA Rwanda; NISR
Rwanda,Western,Rusizi,Clayey,clayey,68,Agricultural,1625,1735.0,717.0,21.7,85.3,5.12,coffee,A,96,2024-07-02,High potential,"Congo-Nile divide and Lake Kivu. Tea, coffee and highland potato; acid hill soils.",NAEB; RAB; FAO ECOCROP
Rwanda,Western,Rusizi,Alluvial,alluvial,50,Fallow,2012,1755.0,758.0,22.2,87.1,4.67,banana,B,93,2024-10-20,High potential,"Congo-Nile divide and Lake Kivu. Tea, coffee and highland potato; acid hill soils.",RAB; FAO ECOCROP; OFRA Rwanda
Rwanda,Western,Rusizi,Loamy,loamy,85,Agricultural,2345,1863.0,300.0,18.0,66.8,5.69,beans,C,99,2025-05-13,High potential,"Congo-Nile divide and Lake Kivu. Tea, coffee and highland potato; acid hill soils.",RAB; OFRA Rwanda; NISR
Rwanda,Western,Rusizi,Clayey,clayey,71,Agricultural,1722,1671.0,635.0,20.5,73.9,4.98,potato,A,76,2024-05-04,Moderate potential,"Congo-Nile divide and Lake Kivu. Tea, coffee and highland potato; acid hill soils.",RAB; CIP / RwaSIS; FAO ECOCROP; OFRA Rwanda
Rwanda,Western,Rusizi,Loamy,loamy,64,Agricultural,2379,1927.0,775.0,20.5,81.1,5.28,beans,B,98,2024-06-18,High potential,"Congo-Nile divide and Lake Kivu. Tea, coffee and highland potato; acid hill soils.",RAB; OFRA Rwanda; NISR
Rwanda,Western,Rusizi,Clayey,clayey,57,Agricultural,1872,1198.0,174.0,17.7,63.1,5.33,tea,C,84,2024-03-20,High potential,"Congo-Nile divide and Lake Kivu. Tea, coffee and highland potato; acid hill soils.",NAEB; RAB; FAO ECOCROP
Rwanda,Western,Rusizi,Alluvial,alluvial,72,Agricultural,2076,1749.0,579.0,19.9,79.6,5.15,tea,A,70,2024-05-31,Moderate potential,"Congo-Nile divide and Lake Kivu. Tea, coffee and highland potato; acid hill soils.",NAEB; RAB; FAO ECOCROP
Rwanda,Western,Rusizi,Loamy,loamy,73,Agricultural,2359,1857.0,877.0,21.8,81.7,4.73,coffee,B,96,2023-10-24,High potential,"Congo-Nile divide and Lake Kivu. Tea, coffee and highland potato; acid hill soils.",NAEB; RAB; FAO ECOCROP
Rwanda,Western,Rusizi,Clayey,clayey,61,Agricultural,2159,1517.0,277.0,17.3,64.4,5.92,tea,C,85,2025-02-17,High potential,"Congo-Nile divide and Lake Kivu. Tea, coffee and highland potato; acid hill soils.",NAEB; RAB; FAO ECOCROP
Rwanda,Western,Rusizi,Clayey,clayey,75,Agricultural,2250,1501.0,495.0,18.4,81.6,5.25,beans,A,98,2024-01-20,High potential,"Congo-Nile divide and Lake Kivu. Tea, coffee and highland potato; acid hill soils.",RAB; OFRA Rwanda; NISR
Rwanda,Western,Rusizi,Clayey,clayey,51,Agricultural,1444,1671.0,663.0,20.3,86.8,5.95,potato,B,77,2025-01-13,Moderate potential,"Congo-Nile divide and Lake Kivu. Tea, coffee and highland potato; acid hill soils.",RAB; CIP / RwaSIS; FAO ECOCROP; OFRA Rwanda
Rwanda,Southern,Huye,Alluvial,alluvial,62,Agricultural,1464,1106.0,448.0,20.0,75.2,4.92,beans,A,95,2025-03-24,High potential,Acid clays needing lime. Banana-coffee systems; rice in Huye/Gisagara marshlands.,RAB; OFRA Rwanda; NISR
Rwanda,Southern,Huye,Loamy,loamy,54,Agricultural,2134,1466.0,671.0,19.8,80.3,6.42,sorghum,B,97,2024-04-20,High potential,Acid clays needing lime. Banana-coffee systems; rice in Huye/Gisagara marshlands.,RAB; OFRA Rwanda; IFAD
Rwanda,Southern,Huye,Alluvial,alluvial,65,Agricultural,1899,1150.0,221.0,17.5,62.3,5.87,rice,C,85,2023-12-08,High potential,Acid clays needing lime. Banana-coffee systems; rice in Huye/Gisagara marshlands.,RAB; RwaSIS; OFRA Rwanda
Rwanda,Southern,Huye,Loamy,loamy,51,Agricultural,1990,1347.0,456.0,20.0,67.8,4.95,beans,A,96,2024-05-25,High potential,Acid clays needing lime. Banana-coffee systems; rice in Huye/Gisagara marshlands.,RAB; OFRA Rwanda; NISR
Rwanda,Southern,Huye,Clayey,clayey,57,Homestead,1903,1347.0,670.0,21.0,80.4,6.08,cassava,B,100,2024-03-08,High potential,Acid clays needing lime. Banana-coffee systems; rice in Huye/Gisagara marshlands.,RAB; IITA; IFAD crop suitability
Rwanda,Southern,Huye,Clayey,clayey,67,Marshland,1449,1085.0,201.0,17.9,71.7,4.89,tomato,C,71,2024-12-16,Moderate potential,Acid clays needing lime. Banana-coffee systems; rice in Huye/Gisagara marshlands.,RAB; FAO ECOCROP
Rwanda,Southern,Huye,Loamy,loamy,59,Agricultural,1977,1192.0,519.0,19.8,72.8,5.98,cassava,A,99,2023-12-11,High potential,Acid clays needing lime. Banana-coffee systems; rice in Huye/Gisagara marshlands.,RAB; IITA; IFAD crop suitability
Rwanda,Southern,Huye,Clayey,clayey,71,Homestead,1517,1058.0,530.0,21.3,87.5,5.84,rice,B,97,2024-08-16,High potential,Acid clays needing lime. Banana-coffee systems; rice in Huye/Gisagara marshlands.,RAB; RwaSIS; OFRA Rwanda
Rwanda,Southern,Huye,Clayey,clayey,48,Agricultural,2013,1425.0,224.0,17.2,64.1,6.45,soybean,C,95,2024-09-23,High potential,Acid clays needing lime. Banana-coffee systems; rice in Huye/Gisagara marshlands.,RAB; OFRA Rwanda
Rwanda,Southern,Huye,Clayey,clayey,63,Agricultural,1777,1301.0,498.0,19.7,69.5,5.99,maize,A,100,2024-09-04,High potential,Acid clays needing lime. Banana-coffee systems; rice in Huye/Gisagara marshlands.,RAB CIP; OFRA Rwanda; FAO ECOCROP
Rwanda,Southern,Huye,Clayey,clayey,75,Agricultural,1403,1036.0,523.0,20.7,80.6,6.0,coffee,B,94,2024-12-27,High potential,Acid clays needing lime. Banana-coffee systems; rice in Huye/Gisagara marshlands.,NAEB; RAB; FAO ECOCROP
Rwanda,Southern,Huye,Alluvial,alluvial,60,Agricultural,1962,1090.0,163.0,16.1,54.9,5.66,soybean,C,91,2023-12-28,High potential,Acid clays needing lime. Banana-coffee systems; rice in Huye/Gisagara marshlands.,RAB; OFRA Rwanda
Rwanda,Southern,Huye,Clayey,clayey,59,Homestead,1756,1159.0,393.0,19.0,70.6,6.05,beans,A,100,2024-12-22,High potential,Acid clays needing lime. Banana-coffee systems; rice in Huye/Gisagara marshlands.,RAB; OFRA Rwanda; NISR
Rwanda,Southern,Huye,Loamy,loamy,64,Agricultural,1515,1581.0,664.0,20.6,83.3,5.87,coffee,B,96,2024-01-20,High potential,Acid clays needing lime. Banana-coffee systems; rice in Huye/Gisagara marshlands.,NAEB; RAB; FAO ECOCROP
Rwanda,Southern,Huye,Alluvial,alluvial,50,Agricultural,1924,1328.0,207.0,17.3,56.2,5.87,rice,C,81,2024-08-10,High potential,Acid clays needing lime. Banana-coffee systems; rice in Huye/Gisagara marshlands.,RAB; RwaSIS; OFRA Rwanda
Rwanda,Southern,Huye,Alluvial,alluvial,46,Agricultural,1880,1097.0,411.0,19.1,74.5,6.29,sweet_potato,A,99,2024-07-11,High potential,Acid clays needing lime. Banana-coffee systems; rice in Huye/Gisagara marshlands.,RAB; CIP; FAO ECOCROP
Rwanda,Southern,Huye,Loamy,loamy,56,Agricultural,1550,1376.0,696.0,21.5,84.3,5.65,beans,B,100,2024-09-22,High potential,Acid clays needing lime. Banana-coffee systems; rice in Huye/Gisagara marshlands.,RAB; OFRA Rwanda; NISR
Rwanda,Southern,Huye,Alluvial,alluvial,58,Agricultural,1413,1236.0,208.0,18.9,63.9,5.5,soybean,C,96,2023-11-12,High potential,Acid clays needing lime. Banana-coffee systems; rice in Huye/Gisagara marshlands.,RAB; OFRA Rwanda
Rwanda,Southern,Huye,Loamy,loamy,68,Agricultural,1615,1092.0,381.0,19.8,77.3,5.75,sweet_potato,A,99,2024-05-05,High potential,Acid clays needing lime. Banana-coffee systems; rice in Huye/Gisagara marshlands.,RAB; CIP; FAO ECOCROP
Rwanda,Southern,Huye,Clayey,clayey,55,Agricultural,2090,1333.0,622.0,20.9,74.9,5.56,rice,B,98,2025-06-24,High potential,Acid clays needing lime. Banana-coffee systems; rice in Huye/Gisagara marshlands.,RAB; RwaSIS; OFRA Rwanda
Rwanda,Southern,Huye,Alluvial,alluvial,71,Agricultural,2100,1004.0,192.0,19.1,61.3,5.2,soybean,C,94,2024-01-01,High potential,Acid clays needing lime. Banana-coffee systems; rice in Huye/Gisagara marshlands.,RAB; OFRA Rwanda
Rwanda,Southern,Huye,Alluvial,alluvial,67,Agricultural,1642,1489.0,521.0,18.7,72.8,6.37,cassava,A,77,2025-07-27,Moderate potential,Acid clays needing lime. Banana-coffee systems; rice in Huye/Gisagara marshlands.,RAB; IITA; IFAD crop suitability
Rwanda,Southern,Huye,Loamy,loamy,52,Agricultural,1834,1596.0,810.0,21.6,89.1,5.16,cassava,B,98,2024-03-01,High potential,Acid clays needing lime. Banana-coffee systems; rice in Huye/Gisagara marshlands.,RAB; IITA; IFAD crop suitability
Rwanda,Southern,Huye,Alluvial,alluvial,51,Agricultural,1641,1021.0,152.0,17.6,61.1,6.28,sweet_potato,C,96,2025-02-27,High potential,Acid clays needing lime. Banana-coffee systems; rice in Huye/Gisagara marshlands.,RAB; CIP; FAO ECOCROP
Rwanda,Southern,Huye,Alluvial,alluvial,58,Agricultural,1550,1182.0,458.0,19.9,76.6,5.45,beans,A,100,2025-01-27,High potential,Acid clays needing lime. Banana-coffee systems; rice in Huye/Gisagara marshlands.,RAB; OFRA Rwanda; NISR
Rwanda,Southern,Huye,Loamy,loamy,72,Agricultural,1403,1406.0,551.0,19.3,80.7,5.44,rice,B,73,2024-02-04,Moderate potential,Acid clays needing lime. Banana-coffee systems; rice in Huye/Gisagara marshlands.,RAB; RwaSIS; OFRA Rwanda
Rwanda,Southern,Huye,Clayey,clayey,76,Agricultural,1981,1366.0,225.0,19.5,57.3,6.39,sweet_potato,C,75,2025-07-07,Moderate potential,Acid clays needing lime. Banana-coffee systems; rice in Huye/Gisagara marshlands.,RAB; CIP; FAO ECOCROP
Rwanda,Southern,Huye,Alluvial,alluvial,68,Fallow,1434,1411.0,603.0,20.8,75.9,6.41,maize,A,100,2024-11-15,High potential,Acid clays needing lime. Banana-coffee systems; rice in Huye/Gisagara marshlands.,RAB CIP; OFRA Rwanda; FAO ECOCROP
Rwanda,Southern,Huye,Alluvial,alluvial,49,Agricultural,1408,1129.0,477.0,20.7,80.4,5.62,coffee,B,71,2025-02-21,Moderate potential,Acid clays needing lime. Banana-coffee systems; rice in Huye/Gisagara marshlands.,NAEB; RAB; FAO ECOCROP
Rwanda,Southern,Huye,Alluvial,alluvial,68,Agricultural,1499,1152.0,217.0,17.9,54.0,4.99,rice,C,78,2025-07-13,Moderate potential,Acid clays needing lime. Banana-coffee systems; rice in Huye/Gisagara marshlands.,RAB; RwaSIS; OFRA Rwanda
Rwanda,Southern,Huye,Loamy,loamy,56,Agricultural,1914,1292.0,478.0,17.9,75.7,6.23,beans,A,100,2025-03-13,High potential,Acid clays needing lime. Banana-coffee systems; rice in Huye/Gisagara marshlands.,RAB; OFRA Rwanda; NISR
Rwanda,Southern,Huye,Clayey,clayey,62,Agricultural,1755,1387.0,615.0,20.4,77.1,5.27,cassava,B,100,2025-04-08,High potential,Acid clays needing lime. Banana-coffee systems; rice in Huye/Gisagara marshlands.,RAB; IITA; IFAD crop suitability
Rwanda,Southern,Huye,Alluvial,alluvial,48,Agricultural,2047,1066.0,197.0,17.4,62.0,5.03,tomato,C,94,2025-04-26,High potential,Acid clays needing lime. Banana-coffee systems; rice in Huye/Gisagara marshlands.,RAB; FAO ECOCROP
Rwanda,Southern,Huye,Alluvial,alluvial,47,Agricultural,2006,1164.0,391.0,19.2,76.0,5.22,beans,A,98,2024-01-28,High potential,Acid clays needing lime. Banana-coffee systems; rice in Huye/Gisagara marshlands.,RAB; OFRA Rwanda; NISR
Rwanda,Southern,Huye,Clayey,clayey,72,Agricultural,2173,1373.0,646.0,21.4,78.9,5.77,coffee,B,96,2024-07-30,High potential,Acid clays needing lime. Banana-coffee systems; rice in Huye/Gisagara marshlands.,NAEB; RAB; FAO ECOCROP
Rwanda,Southern,Huye,Alluvial,alluvial,68,Agricultural,2095,1267.0,195.0,17.2,65.2,5.54,sweet_potato,C,96,2025-05-09,High potential,Acid clays needing lime. Banana-coffee systems; rice in Huye/Gisagara marshlands.,RAB; CIP; FAO ECOCROP
Rwanda,Southern,Huye,Clayey,clayey,47,Agricultural,1764,1431.0,567.0,20.4,82.2,6.36,cassava,A,100,2025-07-16,High potential,Acid clays needing lime. Banana-coffee systems; rice in Huye/Gisagara marshlands.,RAB; IITA; IFAD crop suitability
Rwanda,Southern,Huye,Loamy,loamy,52,Agricultural,1896,1202.0,553.0,18.7,77.5,4.88,cassava,B,98,2025-01-05,High potential,Acid clays needing lime. Banana-coffee systems; rice in Huye/Gisagara marshlands.,RAB; IITA; IFAD crop suitability
Rwanda,Southern,Huye,Alluvial,alluvial,62,Agricultural,1998,1040.0,188.0,16.9,62.3,5.67,beans,C,97,2023-12-18,High potential,Acid clays needing lime. Banana-coffee systems; rice in Huye/Gisagara marshlands.,RAB; OFRA Rwanda; NISR
Rwanda,Southern,Huye,Loamy,loamy,48,Agricultural,1625,1296.0,557.0,19.6,73.4,5.21,maize,A,98,2024-12-10,High potential,Acid clays needing lime. Banana-coffee systems; rice in Huye/Gisagara marshlands.,RAB CIP; OFRA Rwanda; FAO ECOCROP
Rwanda,Southern,Huye,Alluvial,alluvial,46,Agricultural,1777,1114.0,510.0,20.9,80.4,5.44,beans,B,100,2024-09-11,High potential,Acid clays needing lime. Banana-coffee systems; rice in Huye/Gisagara marshlands.,RAB; OFRA Rwanda; NISR
Rwanda,Southern,Huye,Clayey,clayey,55,Agricultural,1801,1261.0,218.0,19.1,59.5,4.94,sweet_potato,C,72,2024-09-16,Moderate potential,Acid clays needing lime. Banana-coffee systems; rice in Huye/Gisagara marshlands.,RAB; CIP; FAO ECOCROP
Rwanda,Southern,Huye,Alluvial,alluvial,47,Agricultural,1701,1061.0,390.0,19.8,76.4,5.71,cassava,A,75,2024-10-06,Moderate potential,Acid clays needing lime. Banana-coffee systems; rice in Huye/Gisagara marshlands.,RAB; IITA; IFAD crop suitability
Rwanda,Southern,Huye,Loamy,loamy,78,Agricultural,1798,1214.0,506.0,21.1,78.8,5.26,coffee,B,94,2024-04-25,High potential,Acid clays needing lime. Banana-coffee systems; rice in Huye/Gisagara marshlands.,NAEB; RAB; FAO ECOCROP
Rwanda,Southern,Huye,Alluvial,alluvial,46,Homestead,1944,1151.0,224.0,17.1,62.8,5.59,rice,C,84,2025-06-25,High potential,Acid clays needing lime. Banana-coffee systems; rice in Huye/Gisagara marshlands.,RAB; RwaSIS; OFRA Rwanda
Rwanda,Southern,Huye,Clayey,clayey,53,Agricultural,1455,1231.0,535.0,18.1,76.5,5.27,banana,A,95,2024-07-25,High potential,Acid clays needing lime. Banana-coffee systems; rice in Huye/Gisagara marshlands.,RAB; FAO ECOCROP; OFRA Rwanda
Rwanda,Southern,Huye,Clayey,clayey,59,Agricultural,1803,1365.0,533.0,22.0,79.9,5.6,cassava,B,99,2023-09-10,High potential,Acid clays needing lime. Banana-coffee systems; rice in Huye/Gisagara marshlands.,RAB; IITA; IFAD crop suitability
Rwanda,Southern,Huye,Alluvial,alluvial,76,Agricultural,1850,1302.0,252.0,17.6,68.4,5.52,soybean,C,96,2024-11-27,High potential,Acid clays needing lime. Banana-coffee systems; rice in Huye/Gisagara marshlands.,RAB; OFRA Rwanda
Rwanda,Southern,Huye,Alluvial,alluvial,65,Homestead,1905,1099.0,381.0,20.8,79.9,6.08,maize,A,99,2023-12-19,High potential,Acid clays needing lime. Banana-coffee systems; rice in Huye/Gisagara marshlands.,RAB CIP; OFRA Rwanda; FAO ECOCROP
Rwanda,Southern,Huye,Clayey,clayey,75,Agricultural,1488,1129.0,456.0,20.3,85.7,6.15,cassava,B,98,2024-09-24,High potential,Acid clays needing lime. Banana-coffee systems; rice in Huye/Gisagara marshlands.,RAB; IITA; IFAD crop suitability
Rwanda,Southern,Huye,Clayey,clayey,71,Agricultural,1867,1376.0,240.0,19.1,64.8,6.4,beans,C,98,2025-02-27,High potential,Acid clays needing lime. Banana-coffee systems; rice in Huye/Gisagara marshlands.,RAB; OFRA Rwanda; NISR
Rwanda,Southern,Huye,Alluvial,alluvial,55,Agricultural,1584,1384.0,597.0,21.8,72.1,5.55,maize,A,100,2023-11-08,High potential,Acid clays needing lime. Banana-coffee systems; rice in Huye/Gisagara marshlands.,RAB CIP; OFRA Rwanda; FAO ECOCROP
Rwanda,Southern,Huye,Clayey,clayey,66,Agricultural,1625,1308.0,591.0,21.2,78.2,5.35,rice,B,96,2025-01-12,High potential,Acid clays needing lime. Banana-coffee systems; rice in Huye/Gisagara marshlands.,RAB; RwaSIS; OFRA Rwanda
Rwanda,Southern,Huye,Loamy,loamy,49,Agricultural,1684,1127.0,207.0,18.5,64.0,4.98,sweet_potato,C,95,2024-12-09,High potential,Acid clays needing lime. Banana-coffee systems; rice in Huye/Gisagara marshlands.,RAB; CIP; FAO ECOCROP
Rwanda,Southern,Huye,Loamy,loamy,66,Agricultural,1660,1494.0,520.0,19.0,73.7,6.42,beans,A,100,2023-11-20,High potential,Acid clays needing lime. Banana-coffee systems; rice in Huye/Gisagara marshlands.,RAB; OFRA Rwanda; NISR
Rwanda,Southern,Huye,Clayey,clayey,52,Agricultural,1811,1403.0,706.0,21.7,83.8,5.27,rice,B,97,2025-06-08,High potential,Acid clays needing lime. Banana-coffee systems; rice in Huye/Gisagara marshlands.,RAB; RwaSIS; OFRA Rwanda
Rwanda,Southern,Huye,Loamy,loamy,69,Agricultural,2184,1030.0,161.0,17.6,64.4,5.77,beans,C,97,2025-07-14,High potential,Acid clays needing lime. Banana-coffee systems; rice in Huye/Gisagara marshlands.,RAB; OFRA Rwanda; NISR
Rwanda,Southern,Huye,Alluvial,alluvial,50,Agricultural,1997,1392.0,497.0,18.5,71.4,5.05,beans,A,96,2024-11-22,High potential,Acid clays needing lime. Banana-coffee systems; rice in Huye/Gisagara marshlands.,RAB; OFRA Rwanda; NISR
Rwanda,Southern,Huye,Loamy,loamy,77,Agricultural,2018,1338.0,637.0,18.9,82.4,6.08,sorghum,B,96,2023-10-16,High potential,Acid clays needing lime. Banana-coffee systems; rice in Huye/Gisagara marshlands.,RAB; OFRA Rwanda; IFAD
Rwanda,Southern,Huye,Loamy,loamy,70,Agricultural,2134,1190.0,186.0,17.3,57.9,5.06,tomato,C,94,2024-04-29,High potential,Acid clays needing lime. Banana-coffee systems; rice in Huye/Gisagara marshlands.,RAB; FAO ECOCROP
Rwanda,Southern,Huye,Loamy,loamy,46,Agricultural,1817,1277.0,435.0,18.1,76.8,5.24,maize,A,97,2024-04-03,High potential,Acid clays needing lime. Banana-coffee systems; rice in Huye/Gisagara marshlands.,RAB CIP; OFRA Rwanda; FAO ECOCROP
Rwanda,Southern,Huye,Loamy,loamy,53,Agricultural,1726,1093.0,432.0,20.4,76.5,5.01,banana,B,91,2025-05-02,High potential,Acid clays needing lime. Banana-coffee systems; rice in Huye/Gisagara marshlands.,RAB; FAO ECOCROP; OFRA Rwanda
Rwanda,Southern,Huye,Loamy,loamy,77,Agricultural,2196,989.0,186.0,18.4,59.7,6.13,beans,C,97,2023-12-11,High potential,Acid clays needing lime. Banana-coffee systems; rice in Huye/Gisagara marshlands.,RAB; OFRA Rwanda; NISR
Rwanda,Southern,Huye,Loamy,loamy,57,Agricultural,2086,1105.0,383.0,19.6,75.6,5.79,sweet_potato,A,99,2025-04-13,High potential,Acid clays needing lime. Banana-coffee systems; rice in Huye/Gisagara marshlands.,RAB; CIP; FAO ECOCROP
Rwanda,Southern,Huye,Alluvial,alluvial,65,Homestead,1518,1255.0,502.0,19.7,76.1,5.78,rice,B,96,2023-11-02,High potential,Acid clays needing lime. Banana-coffee systems; rice in Huye/Gisagara marshlands.,RAB; RwaSIS; OFRA Rwanda
Rwanda,Southern,Huye,Clayey,clayey,53,Agricultural,2059,1200.0,208.0,18.7,61.6,5.53,soybean,C,96,2025-01-16,High potential,Acid clays needing lime. Banana-coffee systems; rice in Huye/Gisagara marshlands.,RAB; OFRA Rwanda
Rwanda,Southern,Huye,Clayey,clayey,50,Agricultural,1615,1321.0,447.0,21.3,76.2,5.74,banana,A,96,2024-02-22,High potential,Acid clays needing lime. Banana-coffee systems; rice in Huye/Gisagara marshlands.,RAB; FAO ECOCROP; OFRA Rwanda
Rwanda,Southern,Huye,Clayey,clayey,61,Agricultural,1713,1057.0,514.0,19.5,83.1,4.97,beans,B,96,2025-01-27,High potential,Acid clays needing lime. Banana-coffee systems; rice in Huye/Gisagara marshlands.,RAB; OFRA Rwanda; NISR
Rwanda,Southern,Huye,Loamy,loamy,53,Agricultural,1923,1345.0,248.0,20.4,59.3,5.26,tomato,C,96,2024-01-14,High potential,Acid clays needing lime. Banana-coffee systems; rice in Huye/Gisagara marshlands.,RAB; FAO ECOCROP
Rwanda,Southern,Huye,Alluvial,alluvial,45,Homestead,1608,1457.0,479.0,21.4,75.2,5.75,cassava,A,76,2024-11-19,Moderate potential,Acid clays needing lime. Banana-coffee systems; rice in Huye/Gisagara marshlands.,RAB; IITA; IFAD crop suitability
Rwanda,Southern,Huye,Loamy,loamy,64,Agricultural,2159,1355.0,688.0,19.1,78.9,6.37,cassava,B,100,2024-09-26,High potential,Acid clays needing lime. Banana-coffee systems; rice in Huye/Gisagara marshlands.,RAB; IITA; IFAD crop suitability
Rwanda,Southern,Huye,Clayey,clayey,68,Agricultural,2015,1053.0,203.0,18.7,61.3,6.24,soybean,C,96,2024-03-24,High potential,Acid clays needing lime. Banana-coffee systems; rice in Huye/Gisagara marshlands.,RAB; OFRA Rwanda
Rwanda,Southern,Huye,Clayey,clayey,60,Agricultural,2098,1341.0,534.0,19.8,74.0,6.23,cassava,A,99,2024-05-09,High potential,Acid clays needing lime. Banana-coffee systems; rice in Huye/Gisagara marshlands.,RAB; IITA; IFAD crop suitability
Rwanda,Southern,Huye,Loamy,loamy,49,Agricultural,1753,1055.0,442.0,21.9,81.7,5.02,rice,B,70,2025-06-15,Moderate potential,Acid clays needing lime. Banana-coffee systems; rice in Huye/Gisagara marshlands.,RAB; RwaSIS; OFRA Rwanda
Rwanda,Southern,Huye,Loamy,loamy,62,Agricultural,1828,1217.0,190.0,14.9,68.7,5.11,soybean,C,85,2024-07-03,High potential,Acid clays needing lime. Banana-coffee systems; rice in Huye/Gisagara marshlands.,RAB; OFRA Rwanda
Rwanda,Southern,Huye,Loamy,loamy,46,Agricultural,2174,1506.0,511.0,22.6,78.3,5.22,coffee,A,94,2025-06-14,High potential,Acid clays needing lime. Banana-coffee systems; rice in Huye/Gisagara marshlands.,NAEB; RAB; FAO ECOCROP
Rwanda,Southern,Huye,Clayey,clayey,51,Agricultural,1528,1348.0,676.0,20.0,78.3,5.21,cassava,B,100,2024-12-04,High potential,Acid clays needing lime. Banana-coffee systems; rice in Huye/Gisagara marshlands.,RAB; IITA; IFAD crop suitability
Rwanda,Southern,Huye,Clayey,clayey,54,Agricultural,2187,1095.0,165.0,17.8,63.0,4.84,sweet_potato,C,71,2025-02-24,Moderate potential,Acid clays needing lime. Banana-coffee systems; rice in Huye/Gisagara marshlands.,RAB; CIP; FAO ECOCROP
Rwanda,Southern,Huye,Loamy,loamy,61,Agricultural,1950,1345.0,483.0,21.0,78.5,4.98,cassava,A,98,2024-07-20,High potential,Acid clays needing lime. Banana-coffee systems; rice in Huye/Gisagara marshlands.,RAB; IITA; IFAD crop suitability
Rwanda,Southern,Huye,Loamy,loamy,78,Agricultural,1784,1199.0,532.0,23.0,83.1,6.0,sorghum,B,96,2025-04-02,High potential,Acid clays needing lime. Banana-coffee systems; rice in Huye/Gisagara marshlands.,RAB; OFRA Rwanda; IFAD
Rwanda,Southern,Huye,Clayey,clayey,62,Fallow,2029,1323.0,208.0,17.9,58.7,6.03,rice,C,84,2025-03-02,High potential,Acid clays needing lime. Banana-coffee systems; rice in Huye/Gisagara marshlands.,RAB; RwaSIS; OFRA Rwanda
Rwanda,Southern,Huye,Clayey,clayey,77,Agricultural,1563,1177.0,383.0,20.7,69.6,5.66,beans,A,100,2024-03-19,High potential,Acid clays needing lime. Banana-coffee systems; rice in Huye/Gisagara marshlands.,RAB; OFRA Rwanda; NISR
Rwanda,Southern,Huye,Alluvial,alluvial,79,Homestead,1845,1336.0,562.0,20.3,83.5,5.88,sorghum,B,74,2024-08-24,Moderate potential,Acid clays needing lime. Banana-coffee systems; rice in Huye/Gisagara marshlands.,RAB; OFRA Rwanda; IFAD
Rwanda,Southern,Huye,Clayey,clayey,52,Agricultural,1811,1212.0,180.0,16.2,68.9,5.82,rice,C,83,2024-09-20,High potential,Acid clays needing lime. Banana-coffee systems; rice in Huye/Gisagara marshlands.,RAB; RwaSIS; OFRA Rwanda
Rwanda,Southern,Huye,Loamy,loamy,60,Agricultural,2011,1158.0,417.0,19.4,83.5,5.35,cassava,A,98,2024-02-28,High potential,Acid clays needing lime. Banana-coffee systems; rice in Huye/Gisagara marshlands.,RAB; IITA; IFAD crop suitability
Rwanda,Southern,Huye,Clayey,clayey,61,Marshland,1572,1313.0,550.0,19.5,83.0,5.68,rice,B,96,2024-03-02,High potential,Acid clays needing lime. Banana-coffee systems; rice in Huye/Gisagara marshlands.,RAB; RwaSIS; OFRA Rwanda
Rwanda,Southern,Huye,Loamy,loamy,58,Fallow,1725,1277.0,204.0,18.0,57.4,5.25,sweet_potato,C,96,2025-02-05,High potential,Acid clays needing lime. Banana-coffee systems; rice in Huye/Gisagara marshlands.,RAB; CIP; FAO ECOCROP
Rwanda,Southern,Huye,Clayey,clayey,50,Agricultural,2105,1404.0,532.0,22.0,75.7,6.04,sweet_potato,A,78,2024-10-13,Moderate potential,Acid clays needing lime. Banana-coffee systems; rice in Huye/Gisagara marshlands.,RAB; CIP; FAO ECOCROP
Rwanda,Southern,Huye,Clayey,clayey,76,Agricultural,1455,1278.0,635.0,19.6,79.3,4.86,banana,B,93,2025-03-27,High potential,Acid clays needing lime. Banana-coffee systems; rice in Huye/Gisagara marshlands.,RAB; FAO ECOCROP; OFRA Rwanda
Rwanda,Southern,Huye,Clayey,clayey,50,Homestead,1666,1033.0,181.0,17.5,66.1,5.47,tomato,C,75,2024-12-28,Moderate potential,Acid clays needing lime. Banana-coffee systems; rice in Huye/Gisagara marshlands.,RAB; FAO ECOCROP
Rwanda,Southern,Huye,Clayey,clayey,50,Marshland,1552,1257.0,467.0,20.4,80.2,5.46,coffee,A,93,2024-06-23,High potential,Acid clays needing lime. Banana-coffee systems; rice in Huye/Gisagara marshlands.,NAEB; RAB; FAO ECOCROP
Rwanda,Southern,Huye,Alluvial,alluvial,76,Agricultural,1647,1322.0,631.0,19.6,74.9,6.14,banana,B,98,2024-08-03,High potential,Acid clays needing lime. Banana-coffee systems; rice in Huye/Gisagara marshlands.,RAB; FAO ECOCROP; OFRA Rwanda
Rwanda,Southern,Huye,Loamy,loamy,56,Agricultural,1608,1153.0,202.0,18.9,61.7,6.48,sweet_potato,C,96,2025-02-08,High potential,Acid clays needing lime. Banana-coffee systems; rice in Huye/Gisagara marshlands.,RAB; CIP; FAO ECOCROP
Rwanda,Southern,Huye,Alluvial,alluvial,69,Agricultural,2066,1122.0,476.0,19.6,74.1,5.55,maize,A,100,2024-10-30,High potential,Acid clays needing lime. Banana-coffee systems; rice in Huye/Gisagara marshlands.,RAB CIP; OFRA Rwanda; FAO ECOCROP
Rwanda,Southern,Huye,Clayey,clayey,55,Agricultural,1681,1275.0,548.0,20.2,72.5,4.81,coffee,B,93,2025-06-12,High potential,Acid clays needing lime. Banana-coffee systems; rice in Huye/Gisagara marshlands.,NAEB; RAB; FAO ECOCROP
Rwanda,Southern,Huye,Loamy,loamy,45,Agricultural,1805,1210.0,236.0,17.5,60.9,6.46,rice,C,63,2024-07-24,Moderate potential,Acid clays needing lime. Banana-coffee systems; rice in Huye/Gisagara marshlands.,RAB; RwaSIS; OFRA Rwanda
Rwanda,Southern,Huye,Alluvial,alluvial,57,Agricultural,1458,1332.0,523.0,22.3,73.5,6.46,sweet_potato,A,100,2024-03-28,High potential,Acid clays needing lime. Banana-coffee systems; rice in Huye/Gisagara marshlands.,RAB; CIP; FAO ECOCROP
Rwanda,Southern,Huye,Clayey,clayey,50,Agricultural,1455,1143.0,525.0,20.8,78.6,5.48,rice,B,96,2024-09-21,High potential,Acid clays needing lime. Banana-coffee systems; rice in Huye/Gisagara marshlands.,RAB; RwaSIS; OFRA Rwanda
Rwanda,Southern,Huye,Alluvial,alluvial,50,Agricultural,1447,1076.0,198.0,19.6,57.4,6.21,sweet_potato,C,96,2023-09-07,High potential,Acid clays needing lime. Banana-coffee systems; rice in Huye/Gisagara marshlands.,RAB; CIP; FAO ECOCROP
Rwanda,Southern,Huye,Alluvial,alluvial,50,Agricultural,1980,1028.0,434.0,20.9,83.7,5.64,banana,A,95,2025-03-01,High potential,Acid clays needing lime. Banana-coffee systems; rice in Huye/Gisagara marshlands.,RAB; FAO ECOCROP; OFRA Rwanda
Rwanda,Southern,Huye,Alluvial,alluvial,61,Agricultural,1685,1204.0,540.0,20.1,82.9,6.04,sorghum,B,74,2025-02-16,Moderate potential,Acid clays needing lime. Banana-coffee systems; rice in Huye/Gisagara marshlands.,RAB; OFRA Rwanda; IFAD
Rwanda,Southern,Huye,Clayey,clayey,74,Agricultural,1512,1236.0,203.0,16.3,56.3,5.71,sweet_potato,C,74,2023-10-11,Moderate potential,Acid clays needing lime. Banana-coffee systems; rice in Huye/Gisagara marshlands.,RAB; CIP; FAO ECOCROP
Rwanda,Southern,Huye,Alluvial,alluvial,50,Agricultural,1691,1104.0,408.0,20.3,76.7,6.02,banana,A,95,2024-06-20,High potential,Acid clays needing lime. Banana-coffee systems; rice in Huye/Gisagara marshlands.,RAB; FAO ECOCROP; OFRA Rwanda
Rwanda,Southern,Huye,Loamy,loamy,57,Marshland,1804,1235.0,481.0,20.0,80.0,4.91,sorghum,B,93,2023-11-13,High potential,Acid clays needing lime. Banana-coffee systems; rice in Huye/Gisagara marshlands.,RAB; OFRA Rwanda; IFAD
Rwanda,Southern,Huye,Loamy,loamy,74,Homestead,2146,1226.0,211.0,18.9,59.7,5.46,tomato,C,97,2025-07-30,High potential,Acid clays needing lime. Banana-coffee systems; rice in Huye/Gisagara marshlands.,RAB; FAO ECOCROP
Rwanda,Southern,Huye,Alluvial,alluvial,67,Agricultural,1501,1082.0,430.0,20.3,78.3,6.16,maize,A,99,2024-04-29,High potential,Acid clays needing lime. Banana-coffee systems; rice in Huye/Gisagara marshlands.,RAB CIP; OFRA Rwanda; FAO ECOCROP
Rwanda,Southern,Huye,Clayey,clayey,74,Agricultural,1405,1144.0,565.0,21.3,72.5,5.99,cassava,B,100,2024-12-23,High potential,Acid clays needing lime. Banana-coffee systems; rice in Huye/Gisagara marshlands.,RAB; IITA; IFAD crop suitability
Rwanda,Southern,Huye,Alluvial,alluvial,59,Agricultural,1686,1042.0,164.0,17.9,57.3,6.05,soybean,C,96,2025-02-25,High potential,Acid clays needing lime. Banana-coffee systems; rice in Huye/Gisagara marshlands.,RAB; OFRA Rwanda
Rwanda,Southern,Huye,Loamy,loamy,70,Agricultural,1427,1227.0,458.0,20.8,79.7,6.31,maize,A,99,2024-12-27,High potential,Acid clays needing lime. Banana-coffee systems; rice in Huye/Gisagara marshlands.,RAB CIP; OFRA Rwanda; FAO ECOCROP
Rwanda,Southern,Huye,Loamy,loamy,74,Fallow,1958,1349.0,571.0,20.2,77.4,5.59,cassava,B,100,2024-02-07,High potential,Acid clays needing lime. Banana-coffee systems; rice in Huye/Gisagara marshlands.,RAB; IITA; IFAD crop suitability
Rwanda,Southern,Nyanza,Clayey,clayey,78,Agricultural,1683,1035.0,348.0,22.9,76.6,5.65,beans,A,99,2025-07-18,High potential,Acid clays needing lime. Banana-coffee systems; rice in Huye/Gisagara marshlands.,RAB; OFRA Rwanda; NISR
Rwanda,Southern,Nyanza,Loamy,loamy,61,Agricultural,2008,1100.0,461.0,20.0,76.6,5.11,sorghum,B,96,2023-11-06,High potential,Acid clays needing lime. Banana-coffee systems; rice in Huye/Gisagara marshlands.,RAB; OFRA Rwanda; IFAD
Rwanda,Southern,Nyanza,Alluvial,alluvial,80,Marshland,2097,993.0,162.0,19.0,58.5,5.65,soybean,C,96,2024-07-10,High potential,Acid clays needing lime. Banana-coffee systems; rice in Huye/Gisagara marshlands.,RAB; OFRA Rwanda
Rwanda,Southern,Nyanza,Clayey,clayey,59,Agricultural,1667,1237.0,436.0,20.1,75.0,5.5,beans,A,100,2024-06-21,High potential,Acid clays needing lime. Banana-coffee systems; rice in Huye/Gisagara marshlands.,RAB; OFRA Rwanda; NISR
Rwanda,Southern,Nyanza,Alluvial,alluvial,51,Agricultural,2063,1361.0,611.0,20.8,78.2,5.46,coffee,B,73,2025-05-13,Moderate potential,Acid clays needing lime. Banana-coffee systems; rice in Huye/Gisagara marshlands.,NAEB; RAB; FAO ECOCROP
Rwanda,Southern,Nyanza,Loamy,loamy,65,Agricultural,2062,1206.0,215.0,17.4,61.0,5.16,sweet_potato,C,96,2024-10-12,High potential,Acid clays needing lime. Banana-coffee systems; rice in Huye/Gisagara marshlands.,RAB; CIP; FAO ECOCROP
Rwanda,Southern,Nyanza,Loamy,loamy,71,Agricultural,1938,1337.0,502.0,19.9,72.4,5.74,sweet_potato,A,100,2024-04-11,High potential,Acid clays needing lime. Banana-coffee systems; rice in Huye/Gisagara marshlands.,RAB; CIP; FAO ECOCROP
Rwanda,Southern,Nyanza,Alluvial,alluvial,52,Agricultural,2175,1095.0,438.0,22.4,82.5,5.33,rice,B,94,2025-07-26,High potential,Acid clays needing lime. Banana-coffee systems; rice in Huye/Gisagara marshlands.,RAB; RwaSIS; OFRA Rwanda
Rwanda,Southern,Nyanza,Clayey,clayey,65,Agricultural,1410,1071.0,162.0,19.2,65.5,6.09,soybean,C,96,2023-09-01,High potential,Acid clays needing lime. Banana-coffee systems; rice in Huye/Gisagara marshlands.,RAB; OFRA Rwanda
Rwanda,Southern,Nyanza,Alluvial,alluvial,70,Agricultural,1534,1318.0,433.0,21.2,69.1,6.33,maize,A,99,2024-05-10,High potential,Acid clays needing lime. Banana-coffee systems; rice in Huye/Gisagara marshlands.,RAB CIP; OFRA Rwanda; FAO ECOCROP
Rwanda,Southern,Nyanza,Clayey,clayey,80,Agricultural,2026,1272.0,561.0,19.9,84.5,5.53,sorghum,B,95,2024-10-24,High potential,Acid clays needing lime. Banana-coffee systems; rice in Huye/Gisagara marshlands.,RAB; OFRA Rwanda; IFAD
Rwanda,Southern,Nyanza,Loamy,loamy,77,Agricultural,1667,1376.0,267.0,17.7,65.4,5.33,soybean,C,95,2024-09-30,High potential,Acid clays needing lime. Banana-coffee systems; rice in Huye/Gisagara marshlands.,RAB; OFRA Rwanda
Rwanda,Southern,Nyanza,Clayey,clayey,52,Agricultural,2174,1457.0,579.0,18.3,68.8,6.34,beans,A,100,2025-04-30,High potential,Acid clays needing lime. Banana-coffee systems; rice in Huye/Gisagara marshlands.,RAB; OFRA Rwanda; NISR
Rwanda,Southern,Nyanza,Loamy,loamy,72,Agricultural,1671,1068.0,446.0,21.3,78.6,5.54,sorghum,B,98,2024-02-07,High potential,Acid clays needing lime. Banana-coffee systems; rice in Huye/Gisagara marshlands.,RAB; OFRA Rwanda; IFAD
Rwanda,Southern,Nyanza,Loamy,loamy,45,Agricultural,2155,1437.0,253.0,18.0,63.3,5.15,tomato,C,95,2024-10-25,High potential,Acid clays needing lime. Banana-coffee systems; rice in Huye/Gisagara marshlands.,RAB; FAO ECOCROP
Rwanda,Southern,Nyanza,Loamy,loamy,56,Agricultural,1406,977.0,402.0,21.4,78.2,5.1,beans,A,97,2024-03-26,High potential,Acid clays needing lime. Banana-coffee systems; rice in Huye/Gisagara marshlands.,RAB; OFRA Rwanda; NISR
Rwanda,Southern,Nyanza,Clayey,clayey,52,Agricultural,1928,1070.0,522.0,21.2,82.9,6.47,sorghum,B,96,2023-11-14,High potential,Acid clays needing lime. Banana-coffee systems; rice in Huye/Gisagara marshlands.,RAB; OFRA Rwanda; IFAD
Rwanda,Southern,Nyanza,Loamy,loamy,54,Agricultural,1512,1040.0,174.0,17.7,62.3,5.34,sweet_potato,C,96,2024-08-06,High potential,Acid clays needing lime. Banana-coffee systems; rice in Huye/Gisagara marshlands.,RAB; CIP; FAO ECOCROP
Rwanda,Southern,Nyanza,Clayey,clayey,50,Agricultural,1449,991.0,333.0,23.2,70.3,4.96,sweet_potato,A,74,2025-02-13,Moderate potential,Acid clays needing lime. Banana-coffee systems; rice in Huye/Gisagara marshlands.,RAB; CIP; FAO ECOCROP
Rwanda,Southern,Nyanza,Alluvial,alluvial,75,Agricultural,1992,1333.0,643.0,22.1,81.1,6.31,beans,B,100,2025-01-25,High potential,Acid clays needing lime. Banana-coffee systems; rice in Huye/Gisagara marshlands.,RAB; OFRA Rwanda; NISR
Rwanda,Southern,Nyanza,Alluvial,alluvial,75,Agricultural,1419,953.0,142.0,17.6,59.3,5.09,rice,C,80,2024-06-12,High potential,Acid clays needing lime. Banana-coffee systems; rice in Huye/Gisagara marshlands.,RAB; RwaSIS; OFRA Rwanda
Rwanda,Southern,Nyanza,Loamy,loamy,58,Agricultural,1922,1121.0,448.0,19.6,73.8,5.88,sweet_potato,A,99,2023-09-20,High potential,Acid clays needing lime. Banana-coffee systems; rice in Huye/Gisagara marshlands.,RAB; CIP; FAO ECOCROP
Rwanda,Southern,Nyanza,Clayey,clayey,60,Agricultural,2092,1441.0,696.0,20.1,82.7,6.15,rice,B,99,2024-05-01,High potential,Acid clays needing lime. Banana-coffee systems; rice in Huye/Gisagara marshlands.,RAB; RwaSIS; OFRA Rwanda
Rwanda,Southern,Nyanza,Loamy,loamy,52,Marshland,1675,1097.0,206.0,18.0,63.1,5.64,tomato,C,98,2025-07-28,High potential,Acid clays needing lime. Banana-coffee systems; rice in Huye/Gisagara marshlands.,RAB; FAO ECOCROP
Rwanda,Southern,Nyanza,Alluvial,alluvial,62,Agricultural,1713,1003.0,429.0,21.0,84.1,5.03,maize,A,95,2025-05-26,High potential,Acid clays needing lime. Banana-coffee systems; rice in Huye/Gisagara marshlands.,RAB CIP; OFRA Rwanda; FAO ECOCROP
Rwanda,Southern,Nyanza,Clayey,clayey,53,Agricultural,1659,1314.0,589.0,22.6,73.4,5.1,cassava,B,100,2024-10-29,High potential,Acid clays needing lime. Banana-coffee systems; rice in Huye/Gisagara marshlands.,RAB; IITA; IFAD crop suitability
Rwanda,Southern,Nyanza,Clayey,clayey,48,Agricultural,2105,1241.0,194.0,18.9,67.4,5.31,beans,C,96,2025-05-28,High potential,Acid clays needing lime. Banana-coffee systems; rice in Huye/Gisagara marshlands.,RAB; OFRA Rwanda; NISR
Rwanda,Southern,Nyanza,Clayey,clayey,64,Fallow,1502,1465.0,561.0,20.8,77.2,5.57,maize,A,100,2024-04-28,High potential,Acid clays needing lime. Banana-coffee systems; rice in Huye/Gisagara marshlands.,RAB CIP; OFRA Rwanda; FAO ECOCROP
Rwanda,Southern,Nyanza,Loamy,loamy,66,Agricultural,2063,1488.0,639.0,22.1,85.6,5.96,beans,B,100,2024-12-09,High potential,Acid clays needing lime. Banana-coffee systems; rice in Huye/Gisagara marshlands.,RAB; OFRA Rwanda; NISR
Rwanda,Southern,Nyanza,Alluvial,alluvial,55,Agricultural,1494,1238.0,204.0,19.0,51.2,6.22,beans,C,96,2024-06-09,High potential,Acid clays needing lime. Banana-coffee systems; rice in Huye/Gisagara marshlands.,RAB; OFRA Rwanda; NISR
Rwanda,Southern,Nyanza,Alluvial,alluvial,50,Agricultural,1696,1001.0,371.0,20.8,75.2,5.87,beans,A,100,2024-04-13,High potential,Acid clays needing lime. Banana-coffee systems; rice in Huye/Gisagara marshlands.,RAB; OFRA Rwanda; NISR
Rwanda,Southern,Nyanza,Alluvial,alluvial,65,Agricultural,1741,1298.0,506.0,21.2,82.0,5.65,cassava,B,77,2024-09-29,Moderate potential,Acid clays needing lime. Banana-coffee systems; rice in Huye/Gisagara marshlands.,RAB; IITA; IFAD crop suitability
Rwanda,Southern,Nyanza,Alluvial,alluvial,74,Agricultural,1983,1225.0,192.0,19.7,57.6,5.91,beans,C,97,2025-06-18,High potential,Acid clays needing lime. Banana-coffee systems; rice in Huye/Gisagara marshlands.,RAB; OFRA Rwanda; NISR
Rwanda,Southern,Nyanza,Clayey,clayey,61,Agricultural,1714,1294.0,529.0,21.5,79.4,6.41,beans,A,100,2024-05-02,High potential,Acid clays needing lime. Banana-coffee systems; rice in Huye/Gisagara marshlands.,RAB; OFRA Rwanda; NISR
Rwanda,Southern,Nyanza,Clayey,clayey,45,Agricultural,2194,1436.0,578.0,21.3,80.3,5.69,rice,B,97,2023-12-30,High potential,Acid clays needing lime. Banana-coffee systems; rice in Huye/Gisagara marshlands.,RAB; RwaSIS; OFRA Rwanda
Rwanda,Southern,Nyanza,Loamy,loamy,74,Marshland,2105,1099.0,183.0,17.6,69.9,4.96,soybean,C,91,2025-01-07,High potential,Acid clays needing lime. Banana-coffee systems; rice in Huye/Gisagara marshlands.,RAB; OFRA Rwanda
Rwanda,Southern,Nyanza,Clayey,clayey,59,Agricultural,2026,1034.0,412.0,20.0,80.3,5.03,banana,A,91,2024-03-18,High potential,Acid clays needing lime. Banana-coffee systems; rice in Huye/Gisagara marshlands.,RAB; FAO ECOCROP; OFRA Rwanda
Rwanda,Southern,Nyanza,Loamy,loamy,58,Agricultural,1872,1240.0,617.0,22.4,80.0,5.38,rice,B,75,2023-11-11,Moderate potential,Acid clays needing lime. Banana-coffee systems; rice in Huye/Gisagara marshlands.,RAB; RwaSIS; OFRA Rwanda
Rwanda,Southern,Nyanza,Loamy,loamy,66,Agricultural,1989,1144.0,181.0,16.8,58.4,4.97,sweet_potato,C,94,2023-11-26,High potential,Acid clays needing lime. Banana-coffee systems; rice in Huye/Gisagara marshlands.,RAB; CIP; FAO ECOCROP
Rwanda,Southern,Nyanza,Alluvial,alluvial,66,Agricultural,1405,1071.0,457.0,21.6,73.2,5.77,banana,A,96,2024-07-17,High potential,Acid clays needing lime. Banana-coffee systems; rice in Huye/Gisagara marshlands.,RAB; FAO ECOCROP; OFRA Rwanda
Rwanda,Southern,Nyanza,Alluvial,alluvial,69,Marshland,1477,1084.0,439.0,21.0,78.8,5.25,beans,B,98,2023-12-10,High potential,Acid clays needing lime. Banana-coffee systems; rice in Huye/Gisagara marshlands.,RAB; OFRA Rwanda; NISR
Rwanda,Southern,Nyanza,Alluvial,alluvial,55,Agricultural,2072,1025.0,151.0,17.1,61.2,6.45,sweet_potato,C,96,2025-06-11,High potential,Acid clays needing lime. Banana-coffee systems; rice in Huye/Gisagara marshlands.,RAB; CIP; FAO ECOCROP
Rwanda,Southern,Nyanza,Loamy,loamy,54,Agricultural,2036,1328.0,432.0,19.1,81.2,4.92,cassava,A,97,2024-03-22,High potential,Acid clays needing lime. Banana-coffee systems; rice in Huye/Gisagara marshlands.,RAB; IITA; IFAD crop suitability
Rwanda,Southern,Nyanza,Alluvial,alluvial,71,Agricultural,1700,1224.0,523.0,21.3,78.1,4.91,rice,B,92,2025-07-03,High potential,Acid clays needing lime. Banana-coffee systems; rice in Huye/Gisagara marshlands.,RAB; RwaSIS; OFRA Rwanda
Rwanda,Southern,Nyanza,Loamy,loamy,57,Agricultural,1620,1442.0,229.0,17.3,65.0,5.43,beans,C,97,2024-02-04,High potential,Acid clays needing lime. Banana-coffee systems; rice in Huye/Gisagara marshlands.,RAB; OFRA Rwanda; NISR
Rwanda,Southern,Nyanza,Alluvial,alluvial,63,Agricultural,2036,1362.0,542.0,19.5,69.4,5.68,banana,A,97,2023-09-30,High potential,Acid clays needing lime. Banana-coffee systems; rice in Huye/Gisagara marshlands.,RAB; FAO ECOCROP; OFRA Rwanda
Rwanda,Southern,Nyanza,Loamy,loamy,51,Agricultural,1442,1410.0,658.0,23.9,84.7,5.85,coffee,B,96,2024-01-20,High potential,Acid clays needing lime. Banana-coffee systems; rice in Huye/Gisagara marshlands.,NAEB; RAB; FAO ECOCROP
Rwanda,Southern,Nyanza,Clayey,clayey,52,Agricultural,1578,1367.0,218.0,19.0,61.6,6.36,beans,C,98,2024-08-06,High potential,Acid clays needing lime. Banana-coffee systems; rice in Huye/Gisagara marshlands.,RAB; OFRA Rwanda; NISR
Rwanda,Southern,Nyanza,Alluvial,alluvial,56,Agricultural,1889,1467.0,475.0,20.4,79.3,6.0,maize,A,100,2025-07-04,High potential,Acid clays needing lime. Banana-coffee systems; rice in Huye/Gisagara marshlands.,RAB CIP; OFRA Rwanda; FAO ECOCROP
Rwanda,Southern,Nyanza,Clayey,clayey,80,Marshland,2184,1353.0,681.0,20.3,88.4,5.58,rice,B,99,2023-12-25,High potential,Acid clays needing lime. Banana-coffee systems; rice in Huye/Gisagara marshlands.,RAB; RwaSIS; OFRA Rwanda
Rwanda,Southern,Nyanza,Alluvial,alluvial,63,Agricultural,1513,970.0,153.0,19.2,61.9,6.25,beans,C,97,2024-04-07,High potential,Acid clays needing lime. Banana-coffee systems; rice in Huye/Gisagara marshlands.,RAB; OFRA Rwanda; NISR
Rwanda,Southern,Nyanza,Clayey,clayey,59,Agricultural,2102,1367.0,539.0,20.5,82.7,6.09,coffee,A,94,2023-11-08,High potential,Acid clays needing lime. Banana-coffee systems; rice in Huye/Gisagara marshlands.,NAEB; RAB; FAO ECOCROP
Rwanda,Southern,Nyanza,Alluvial,alluvial,56,Agricultural,1786,1184.0,483.0,20.7,75.8,6.42,coffee,B,72,2024-06-06,Moderate potential,Acid clays needing lime. Banana-coffee systems; rice in Huye/Gisagara marshlands.,NAEB; RAB; FAO ECOCROP
Rwanda,Southern,Nyanza,Alluvial,alluvial,66,Agricultural,1819,1151.0,184.0,19.2,59.2,5.78,rice,C,87,2025-06-10,High potential,Acid clays needing lime. Banana-coffee systems; rice in Huye/Gisagara marshlands.,RAB; RwaSIS; OFRA Rwanda
Rwanda,Southern,Nyanza,Alluvial,alluvial,76,Agricultural,2197,1074.0,371.0,20.8,71.8,5.74,beans,A,100,2024-11-03,High potential,Acid clays needing lime. Banana-coffee systems; rice in Huye/Gisagara marshlands.,RAB; OFRA Rwanda; NISR
Rwanda,Southern,Nyanza,Clayey,clayey,64,Agricultural,2179,1046.0,502.0,20.8,75.2,5.35,cassava,B,99,2023-12-27,High potential,Acid clays needing lime. Banana-coffee systems; rice in Huye/Gisagara marshlands.,RAB; IITA; IFAD crop suitability
Rwanda,Southern,Nyanza,Clayey,clayey,80,Agricultural,1552,942.0,141.0,18.6,65.1,5.17,soybean,C,93,2024-04-20,High potential,Acid clays needing lime. Banana-coffee systems; rice in Huye/Gisagara marshlands.,RAB; OFRA Rwanda
Rwanda,Southern,Nyanza,Loamy,loamy,57,Agricultural,1881,1405.0,503.0,18.7,78.2,4.96,beans,A,96,2024-08-31,High potential,Acid clays needing lime. Banana-coffee systems; rice in Huye/Gisagara marshlands.,RAB; OFRA Rwanda; NISR
Rwanda,Southern,Nyanza,Alluvial,alluvial,57,Agricultural,2184,1456.0,597.0,20.3,84.7,5.82,beans,B,100,2024-01-11,High potential,Acid clays needing lime. Banana-coffee systems; rice in Huye/Gisagara marshlands.,RAB; OFRA Rwanda; NISR
Rwanda,Southern,Nyanza,Clayey,clayey,50,Agricultural,1558,1160.0,199.0,18.1,62.1,5.2,soybean,C,94,2024-12-21,High potential,Acid clays needing lime. Banana-coffee systems; rice in Huye/Gisagara marshlands.,RAB; OFRA Rwanda
Rwanda,Southern,Nyanza,Alluvial,alluvial,73,Agricultural,1893,1305.0,424.0,18.9,68.4,6.34,beans,A,100,2024-06-02,High potential,Acid clays needing lime. Banana-coffee systems; rice in Huye/Gisagara marshlands.,RAB; OFRA Rwanda; NISR
Rwanda,Southern,Nyanza,Loamy,loamy,72,Agricultural,2192,1253.0,639.0,22.0,83.9,5.88,banana,B,98,2024-09-15,High potential,Acid clays needing lime. Banana-coffee systems; rice in Huye/Gisagara marshlands.,RAB; FAO ECOCROP; OFRA Rwanda
Rwanda,Southern,Nyanza,Loamy,loamy,70,Agricultural,1861,1388.0,232.0,21.2,60.0,5.09,tomato,C,95,2024-09-02,High potential,Acid clays needing lime. Banana-coffee systems; rice in Huye/Gisagara marshlands.,RAB; FAO ECOCROP
Rwanda,Southern,Nyanza,Loamy,loamy,77,Agricultural,2023,1403.0,603.0,22.7,77.5,5.52,banana,A,98,2024-01-13,High potential,Acid clays needing lime. Banana-coffee systems; rice in Huye/Gisagara marshlands.,RAB; FAO ECOCROP; OFRA Rwanda
Rwanda,Southern,Nyanza,Loamy,loamy,48,Agricultural,1702,1171.0,546.0,21.4,80.8,5.93,coffee,B,94,2025-01-01,High potential,Acid clays needing lime. Banana-coffee systems; rice in Huye/Gisagara marshlands.,NAEB; RAB; FAO ECOCROP
Rwanda,Southern,Nyanza,Alluvial,alluvial,79,Agricultural,1860,1216.0,199.0,18.7,63.7,5.54,beans,C,97,2025-04-12,High potential,Acid clays needing lime. Banana-coffee systems; rice in Huye/Gisagara marshlands.,RAB; OFRA Rwanda; NISR
Rwanda,Southern,Nyanza,Loamy,loamy,63,Agricultural,1963,1331.0,432.0,20.6,72.8,6.23,maize,A,99,2024-10-09,High potential,Acid clays needing lime. Banana-coffee systems; rice in Huye/Gisagara marshlands.,RAB CIP; OFRA Rwanda; FAO ECOCROP
Rwanda,Southern,Nyanza,Clayey,clayey,50,Agricultural,1874,1423.0,667.0,21.1,82.8,5.22,cassava,B,100,2024-11-19,High potential,Acid clays needing lime. Banana-coffee systems; rice in Huye/Gisagara marshlands.,RAB; IITA; IFAD crop suitability
Rwanda,Southern,Nyanza,Loamy,loamy,69,Agricultural,1875,1103.0,166.0,18.9,67.1,5.75,soybean,C,96,2024-02-06,High potential,Acid clays needing lime. Banana-coffee systems; rice in Huye/Gisagara marshlands.,RAB; OFRA Rwanda
Rwanda,Southern,Nyanza,Loamy,loamy,56,Agricultural,1689,1015.0,409.0,19.6,80.2,5.98,beans,A,100,2024-12-12,High potential,Acid clays needing lime. Banana-coffee systems; rice in Huye/Gisagara marshlands.,RAB; OFRA Rwanda; NISR
Rwanda,Southern,Nyanza,Alluvial,alluvial,69,Marshland,1643,1155.0,597.0,21.1,82.2,6.35,rice,B,97,2023-11-23,High potential,Acid clays needing lime. Banana-coffee systems; rice in Huye/Gisagara marshlands.,RAB; RwaSIS; OFRA Rwanda
Rwanda,Southern,Nyanza,Alluvial,alluvial,69,Marshland,2192,1060.0,166.0,19.6,62.8,4.87,rice,C,85,2024-06-26,High potential,Acid clays needing lime. Banana-coffee systems; rice in Huye/Gisagara marshlands.,RAB; RwaSIS; OFRA Rwanda
Rwanda,Southern,Nyanza,Alluvial,alluvial,76,Agricultural,1490,1156.0,440.0,20.2,73.1,5.66,cassava,A,76,2023-10-03,Moderate potential,Acid clays needing lime. Banana-coffee systems; rice in Huye/Gisagara marshlands.,RAB; IITA; IFAD crop suitability
Rwanda,Southern,Nyanza,Clayey,clayey,66,Agricultural,2066,1368.0,685.0,22.0,86.2,5.22,rice,B,96,2024-08-10,High potential,Acid clays needing lime. Banana-coffee systems; rice in Huye/Gisagara marshlands.,RAB; RwaSIS; OFRA Rwanda
Rwanda,Southern,Nyanza,Clayey,clayey,52,Agricultural,2090,1244.0,200.0,20.4,64.1,5.66,soybean,C,96,2024-01-11,High potential,Acid clays needing lime. Banana-coffee systems; rice in Huye/Gisagara marshlands.,RAB; OFRA Rwanda
Rwanda,Southern,Nyanza,Clayey,clayey,61,Homestead,1950,1032.0,405.0,20.0,73.3,6.21,coffee,A,93,2023-12-04,High potential,Acid clays needing lime. Banana-coffee systems; rice in Huye/Gisagara marshlands.,NAEB; RAB; FAO ECOCROP
Rwanda,Southern,Nyanza,Loamy,loamy,79,Marshland,1617,1463.0,614.0,21.8,81.1,5.09,cassava,B,100,2023-11-03,High potential,Acid clays needing lime. Banana-coffee systems; rice in Huye/Gisagara marshlands.,RAB; IITA; IFAD crop suitability
Rwanda,Southern,Nyanza,Clayey,clayey,70,Agricultural,1808,1089.0,189.0,17.4,70.1,6.48,beans,C,97,2025-05-22,High potential,Acid clays needing lime. Banana-coffee systems; rice in Huye/Gisagara marshlands.,RAB; OFRA Rwanda; NISR
Rwanda,Southern,Nyanza,Clayey,clayey,55,Agricultural,2004,1413.0,534.0,21.2,74.7,5.09,sweet_potato,A,77,2024-07-23,Moderate potential,Acid clays needing lime. Banana-coffee systems; rice in Huye/Gisagara marshlands.,RAB; CIP; FAO ECOCROP
Rwanda,Southern,Nyanza,Alluvial,alluvial,59,Agricultural,1473,1366.0,616.0,20.5,72.4,4.89,banana,B,93,2025-06-17,High potential,Acid clays needing lime. Banana-coffee systems; rice in Huye/Gisagara marshlands.,RAB; FAO ECOCROP; OFRA Rwanda
Rwanda,Southern,Nyanza,Loamy,loamy,78,Agricultural,2200,1178.0,223.0,19.2,67.5,4.97,tomato,C,94,2025-02-10,High potential,Acid clays needing lime. Banana-coffee systems; rice in Huye/Gisagara marshlands.,RAB; FAO ECOCROP
Rwanda,Southern,Nyanza,Clayey,clayey,65,Agricultural,1937,1348.0,513.0,19.9,71.7,5.53,beans,A,100,2025-07-29,High potential,Acid clays needing lime. Banana-coffee systems; rice in Huye/Gisagara marshlands.,RAB; OFRA Rwanda; NISR
Rwanda,Southern,Nyanza,Loamy,loamy,46,Agricultural,1866,1369.0,680.0,20.7,81.8,5.74,beans,B,100,2024-09-30,High potential,Acid clays needing lime. Banana-coffee systems; rice in Huye/Gisagara marshlands.,RAB; OFRA Rwanda; NISR
Rwanda,Southern,Nyanza,Loamy,loamy,59,Agricultural,1850,1302.0,239.0,19.5,65.8,5.38,soybean,C,96,2025-01-07,High potential,Acid clays needing lime. Banana-coffee systems; rice in Huye/Gisagara marshlands.,RAB; OFRA Rwanda
Rwanda,Southern,Nyanza,Clayey,clayey,52,Marshland,2125,981.0,423.0,21.7,69.8,5.56,beans,A,100,2025-07-07,High potential,Acid clays needing lime. Banana-coffee systems; rice in Huye/Gisagara marshlands.,RAB; OFRA Rwanda; NISR
Rwanda,Southern,Nyanza,Loamy,loamy,75,Agricultural,1660,1109.0,537.0,22.0,79.9,5.07,sorghum,B,94,2025-06-12,High potential,Acid clays needing lime. Banana-coffee systems; rice in Huye/Gisagara marshlands.,RAB; OFRA Rwanda; IFAD
Rwanda,Southern,Nyanza,Alluvial,alluvial,53,Marshland,2041,1365.0,246.0,17.5,60.2,5.19,soybean,C,93,2023-11-13,High potential,Acid clays needing lime. Banana-coffee systems; rice in Huye/Gisagara marshlands.,RAB; OFRA Rwanda
Rwanda,Southern,Nyanza,Clayey,clayey,45,Homestead,2028,1379.0,486.0,20.3,73.5,6.4,maize,A,100,2025-07-12,High potential,Acid clays needing lime. Banana-coffee systems; rice in Huye/Gisagara marshlands.,RAB CIP; OFRA Rwanda; FAO ECOCROP
Rwanda,Southern,Nyanza,Loamy,loamy,49,Marshland,2199,1398.0,606.0,20.9,77.9,4.9,sorghum,B,94,2024-11-24,High potential,Acid clays needing lime. Banana-coffee systems; rice in Huye/Gisagara marshlands.,RAB; OFRA Rwanda; IFAD
Rwanda,Southern,Nyanza,Clayey,clayey,71,Agricultural,2023,1080.0,170.0,18.5,66.5,5.27,beans,C,95,2024-07-15,High potential,Acid clays needing lime. Banana-coffee systems; rice in Huye/Gisagara marshlands.,RAB; OFRA Rwanda; NISR
Rwanda,Southern,Nyanza,Loamy,loamy,75,Marshland,2066,1309.0,459.0,19.6,80.5,4.87,cassava,A,97,2024-11-30,High potential,Acid clays needing lime. Banana-coffee systems; rice in Huye/Gisagara marshlands.,RAB; IITA; IFAD crop suitability
Rwanda,Southern,Nyanza,Alluvial,alluvial,79,Agricultural,1858,1250.0,639.0,21.2,79.3,6.15,sorghum,B,76,2024-06-18,Moderate potential,Acid clays needing lime. Banana-coffee systems; rice in Huye/Gisagara marshlands.,RAB; OFRA Rwanda; IFAD
Rwanda,Southern,Nyanza,Clayey,clayey,56,Agricultural,1846,1222.0,221.0,19.8,65.9,5.44,soybean,C,96,2024-03-13,High potential,Acid clays needing lime. Banana-coffee systems; rice in Huye/Gisagara marshlands.,RAB; OFRA Rwanda
Rwanda,Southern,Nyanza,Alluvial,alluvial,71,Agricultural,2108,1166.0,468.0,18.9,74.9,5.21,banana,A,94,2024-07-31,High potential,Acid clays needing lime. Banana-coffee systems; rice in Huye/Gisagara marshlands.,RAB; FAO ECOCROP; OFRA Rwanda
Rwanda,Southern,Nyanza,Alluvial,alluvial,71,Marshland,1979,1419.0,648.0,20.0,78.0,6.21,coffee,B,74,2025-07-20,Moderate potential,Acid clays needing lime. Banana-coffee systems; rice in Huye/Gisagara marshlands.,NAEB; RAB; FAO ECOCROP
Rwanda,Southern,Nyanza,Loamy,loamy,54,Marshland,1785,1072.0,171.0,20.6,59.0,6.22,sweet_potato,C,96,2025-06-27,High potential,Acid clays needing lime. Banana-coffee systems; rice in Huye/Gisagara marshlands.,RAB; CIP; FAO ECOCROP
Rwanda,Southern,Nyanza,Loamy,loamy,58,Agricultural,1522,1158.0,390.0,22.2,74.0,4.98,beans,A,96,2024-06-02,High potential,Acid clays needing lime. Banana-coffee systems; rice in Huye/Gisagara marshlands.,RAB; OFRA Rwanda; NISR
Rwanda,Southern,Nyanza,Loamy,loamy,58,Agricultural,1769,1516.0,712.0,19.4,71.4,6.06,rice,B,75,2025-01-16,Moderate potential,Acid clays needing lime. Banana-coffee systems; rice in Huye/Gisagara marshlands.,RAB; RwaSIS; OFRA Rwanda
Rwanda,Southern,Nyanza,Loamy,loamy,58,Agricultural,1864,1082.0,176.0,17.8,64.7,5.53,soybean,C,95,2024-02-28,High potential,Acid clays needing lime. Banana-coffee systems; rice in Huye/Gisagara marshlands.,RAB; OFRA Rwanda
Rwanda,Southern,Nyanza,Alluvial,alluvial,57,Agricultural,1677,1136.0,368.0,20.8,80.5,4.94,beans,A,95,2024-08-13,High potential,Acid clays needing lime. Banana-coffee systems; rice in Huye/Gisagara marshlands.,RAB; OFRA Rwanda; NISR
Rwanda,Southern,Nyanza,Loamy,loamy,46,Homestead,1608,1300.0,564.0,21.7,78.2,6.15,cassava,B,100,2024-08-26,High potential,Acid clays needing lime. Banana-coffee systems; rice in Huye/Gisagara marshlands.,RAB; IITA; IFAD crop suitability
Rwanda,Southern,Nyanza,Alluvial,alluvial,48,Agricultural,1810,1446.0,233.0,19.4,64.2,6.11,tomato,C,98,2024-02-03,High potential,Acid clays needing lime. Banana-coffee systems; rice in Huye/Gisagara marshlands.,RAB; FAO ECOCROP
Rwanda,Southern,Nyanza,Alluvial,alluvial,48,Marshland,1450,1218.0,424.0,22.0,72.5,5.49,beans,A,100,2024-09-13,High potential,Acid clays needing lime. Banana-coffee systems; rice in Huye/Gisagara marshlands.,RAB; OFRA Rwanda; NISR
Rwanda,Southern,Nyanza,Alluvial,alluvial,69,Agricultural,1794,1137.0,519.0,20.8,77.1,5.89,beans,B,100,2025-06-20,High potential,Acid clays needing lime. Banana-coffee systems; rice in Huye/Gisagara marshlands.,RAB; OFRA Rwanda; NISR
Rwanda,Southern,Nyanza,Loamy,loamy,52,Agricultural,1978,1397.0,262.0,18.8,64.1,5.77,rice,C,68,2024-07-17,Moderate potential,Acid clays needing lime. Banana-coffee systems; rice in Huye/Gisagara marshlands.,RAB; RwaSIS; OFRA Rwanda
Rwanda,Southern,Nyanza,Loamy,loamy,80,Agricultural,1430,1223.0,420.0,20.8,77.0,5.89,banana,A,95,2025-03-08,High potential,Acid clays needing lime. Banana-coffee systems; rice in Huye/Gisagara marshlands.,RAB; FAO ECOCROP; OFRA Rwanda
Rwanda,Southern,Nyanza,Alluvial,alluvial,55,Agricultural,2128,1357.0,569.0,22.0,78.1,5.56,sorghum,B,76,2025-06-17,Moderate potential,Acid clays needing lime. Banana-coffee systems; rice in Huye/Gisagara marshlands.,RAB; OFRA Rwanda; IFAD
Rwanda,Southern,Nyanza,Alluvial,alluvial,73,Agricultural,1918,1333.0,226.0,17.5,67.4,5.86,tomato,C,98,2025-04-16,High potential,Acid clays needing lime. Banana-coffee systems; rice in Huye/Gisagara marshlands.,RAB; FAO ECOCROP
Rwanda,Southern,Nyanza,Clayey,clayey,53,Agricultural,2070,1347.0,519.0,21.9,71.2,6.12,sweet_potato,A,78,2025-04-22,Moderate potential,Acid clays needing lime. Banana-coffee systems; rice in Huye/Gisagara marshlands.,RAB; CIP; FAO ECOCROP
Rwanda,Southern,Nyanza,Loamy,loamy,65,Marshland,1464,1305.0,580.0,22.7,73.5,4.94,coffee,B,94,2024-08-07,High potential,Acid clays needing lime. Banana-coffee systems; rice in Huye/Gisagara marshlands.,NAEB; RAB; FAO ECOCROP
Rwanda,Southern,Gisagara,Loamy,loamy,74,Marshland,1991,1078.0,388.0,21.6,78.2,5.54,cassava,A,97,2024-04-05,High potential,Acid clays needing lime. Banana-coffee systems; rice in Huye/Gisagara marshlands.,RAB; IITA; IFAD crop suitability
Rwanda,Southern,Gisagara,Clayey,clayey,73,Agricultural,1524,1518.0,620.0,21.3,78.9,5.33,beans,B,99,2025-06-17,High potential,Acid clays needing lime. Banana-coffee systems; rice in Huye/Gisagara marshlands.,RAB; OFRA Rwanda; NISR
Rwanda,Southern,Gisagara,Loamy,loamy,79,Marshland,1578,1031.0,200.0,19.0,61.6,4.88,tomato,C,93,2024-10-30,High potential,Acid clays needing lime. Banana-coffee systems; rice in Huye/Gisagara marshlands.,RAB; FAO ECOCROP
Rwanda,Southern,Gisagara,Alluvial,alluvial,48,Agricultural,2089,1161.0,491.0,20.8,72.2,5.93,banana,A,96,2025-01-27,High potential,Acid clays needing lime. Banana-coffee systems; rice in Huye/Gisagara marshlands.,RAB; FAO ECOCROP; OFRA Rwanda
Rwanda,Southern,Gisagara,Loamy,loamy,71,Agricultural,1660,1514.0,778.0,22.5,85.6,4.82,banana,B,94,2024-01-13,High potential,Acid clays needing lime. Banana-coffee systems; rice in Huye/Gisagara marshlands.,RAB; FAO ECOCROP; OFRA Rwanda
Rwanda,Southern,Gisagara,Alluvial,alluvial,78,Agricultural,1921,1012.0,169.0,19.3,60.8,6.41,beans,C,97,2024-10-14,High potential,Acid clays needing lime. Banana-coffee systems; rice in Huye/Gisagara marshlands.,RAB; OFRA Rwanda; NISR
Rwanda,Southern,Gisagara,Clayey,clayey,56,Agricultural,1888,1410.0,494.0,19.7,76.2,5.36,sweet_potato,A,78,2023-11-09,Moderate potential,Acid clays needing lime. Banana-coffee systems; rice in Huye/Gisagara marshlands.,RAB; CIP; FAO ECOCROP
Rwanda,Southern,Gisagara,Clayey,clayey,45,Agricultural,2045,1062.0,542.0,20.4,87.6,4.8,banana,B,91,2024-07-17,High potential,Acid clays needing lime. Banana-coffee systems; rice in Huye/Gisagara marshlands.,RAB; FAO ECOCROP; OFRA Rwanda
Rwanda,Southern,Gisagara,Alluvial,alluvial,80,Marshland,2066,1000.0,180.0,17.3,68.3,5.86,soybean,C,94,2024-04-23,High potential,Acid clays needing lime. Banana-coffee systems; rice in Huye/Gisagara marshlands.,RAB; OFRA Rwanda
Rwanda,Southern,Gisagara,Clayey,clayey,64,Agricultural,2126,1441.0,629.0,20.9,72.5,5.49,banana,A,98,2025-01-14,High potential,Acid clays needing lime. Banana-coffee systems; rice in Huye/Gisagara marshlands.,RAB; FAO ECOCROP; OFRA Rwanda
Rwanda,Southern,Gisagara,Clayey,clayey,80,Agricultural,1826,1239.0,598.0,20.8,86.2,5.99,coffee,B,95,2024-06-09,High potential,Acid clays needing lime. Banana-coffee systems; rice in Huye/Gisagara marshlands.,NAEB; RAB; FAO ECOCROP
Rwanda,Southern,Gisagara,Loamy,loamy,48,Homestead,1735,1357.0,238.0,17.1,56.8,6.29,tomato,C,98,2024-06-25,High potential,Acid clays needing lime. Banana-coffee systems; rice in Huye/Gisagara marshlands.,RAB; FAO ECOCROP
Rwanda,Southern,Gisagara,Clayey,clayey,57,Agricultural,1901,1280.0,553.0,21.9,83.1,5.92,cassava,A,99,2024-05-17,High potential,Acid clays needing lime. Banana-coffee systems; rice in Huye/Gisagara marshlands.,RAB; IITA; IFAD crop suitability
Rwanda,Southern,Gisagara,Loamy,loamy,61,Agricultural,1593,1239.0,480.0,20.7,83.2,5.1,sorghum,B,93,2025-03-20,High potential,Acid clays needing lime. Banana-coffee systems; rice in Huye/Gisagara marshlands.,RAB; OFRA Rwanda; IFAD
Rwanda,Southern,Gisagara,Alluvial,alluvial,78,Marshland,1952,1308.0,224.0,17.5,51.8,5.78,sweet_potato,C,95,2024-05-29,High potential,Acid clays needing lime. Banana-coffee systems; rice in Huye/Gisagara marshlands.,RAB; CIP; FAO ECOCROP
Rwanda,Southern,Gisagara,Alluvial,alluvial,61,Agricultural,1760,1089.0,472.0,20.5,67.9,5.13,cassava,A,76,2024-02-10,Moderate potential,Acid clays needing lime. Banana-coffee systems; rice in Huye/Gisagara marshlands.,RAB; IITA; IFAD crop suitability
Rwanda,Southern,Gisagara,Clayey,clayey,78,Agricultural,1742,1089.0,538.0,20.6,75.9,5.38,sorghum,B,99,2025-01-18,High potential,Acid clays needing lime. Banana-coffee systems; rice in Huye/Gisagara marshlands.,RAB; OFRA Rwanda; IFAD
Rwanda,Southern,Gisagara,Loamy,loamy,60,Agricultural,1445,1076.0,204.0,18.6,63.1,6.46,beans,C,98,2025-04-26,High potential,Acid clays needing lime. Banana-coffee systems; rice in Huye/Gisagara marshlands.,RAB; OFRA Rwanda; NISR
Rwanda,Southern,Gisagara,Alluvial,alluvial,63,Agricultural,2172,1466.0,603.0,20.9,72.4,5.05,beans,A,96,2024-04-30,High potential,Acid clays needing lime. Banana-coffee systems; rice in Huye/Gisagara marshlands.,RAB; OFRA Rwanda; NISR
Rwanda,Southern,Gisagara,Loamy,loamy,50,Homestead,1547,1306.0,636.0,21.2,83.8,6.29,banana,B,98,2025-06-04,High potential,Acid clays needing lime. Banana-coffee systems; rice in Huye/Gisagara marshlands.,RAB; FAO ECOCROP; OFRA Rwanda
Rwanda,Southern,Gisagara,Alluvial,alluvial,74,Agricultural,1627,1334.0,204.0,18.2,66.0,5.54,soybean,C,96,2023-12-07,High potential,Acid clays needing lime. Banana-coffee systems; rice in Huye/Gisagara marshlands.,RAB; OFRA Rwanda
Rwanda,Southern,Gisagara,Clayey,clayey,62,Agricultural,1685,1354.0,453.0,19.5,77.2,4.88,sweet_potato,A,75,2024-11-22,Moderate potential,Acid clays needing lime. Banana-coffee systems; rice in Huye/Gisagara marshlands.,RAB; CIP; FAO ECOCROP
Rwanda,Southern,Gisagara,Loamy,loamy,69,Agricultural,1990,1374.0,608.0,19.3,81.9,6.32,banana,B,98,2024-10-16,High potential,Acid clays needing lime. Banana-coffee systems; rice in Huye/Gisagara marshlands.,RAB; FAO ECOCROP; OFRA Rwanda
Rwanda,Southern,Gisagara,Alluvial,alluvial,49,Homestead,1579,986.0,188.0,17.7,57.9,6.06,soybean,C,95,2025-06-12,High potential,Acid clays needing lime. Banana-coffee systems; rice in Huye/Gisagara marshlands.,RAB; OFRA Rwanda
Rwanda,Southern,Gisagara,Clayey,clayey,45,Agricultural,1475,1349.0,489.0,20.7,75.2,4.8,coffee,A,92,2025-07-24,High potential,Acid clays needing lime. Banana-coffee systems; rice in Huye/Gisagara marshlands.,NAEB; RAB; FAO ECOCROP
Rwanda,Southern,Gisagara,Alluvial,alluvial,66,Homestead,1956,1222.0,620.0,18.4,88.3,5.76,beans,B,98,2024-06-10,High potential,Acid clays needing lime. Banana-coffee systems; rice in Huye/Gisagara marshlands.,RAB; OFRA Rwanda; NISR
Rwanda,Southern,Gisagara,Clayey,clayey,70,Marshland,1952,999.0,180.0,16.0,55.6,5.38,sweet_potato,C,74,2023-11-29,Moderate potential,Acid clays needing lime. Banana-coffee systems; rice in Huye/Gisagara marshlands.,RAB; CIP; FAO ECOCROP
Rwanda,Southern,Gisagara,Loamy,loamy,46,Agricultural,1603,1349.0,493.0,20.7,73.3,6.0,sweet_potato,A,100,2024-01-28,High potential,Acid clays needing lime. Banana-coffee systems; rice in Huye/Gisagara marshlands.,RAB; CIP; FAO ECOCROP
Rwanda,Southern,Gisagara,Clayey,clayey,45,Marshland,1985,1218.0,579.0,21.4,73.1,5.86,beans,B,100,2023-09-21,High potential,Acid clays needing lime. Banana-coffee systems; rice in Huye/Gisagara marshlands.,RAB; OFRA Rwanda; NISR
Rwanda,Southern,Gisagara,Loamy,loamy,47,Agricultural,1654,1027.0,162.0,17.2,55.0,5.77,sweet_potato,C,96,2024-05-14,High potential,Acid clays needing lime. Banana-coffee systems; rice in Huye/Gisagara marshlands.,RAB; CIP; FAO ECOCROP
Rwanda,Southern,Gisagara,Loamy,loamy,68,Agricultural,1560,1384.0,552.0,20.0,75.2,5.02,coffee,A,94,2025-04-29,High potential,Acid clays needing lime. Banana-coffee systems; rice in Huye/Gisagara marshlands.,NAEB; RAB; FAO ECOCROP
Rwanda,Southern,Gisagara,Clayey,clayey,56,Agricultural,1778,1041.0,510.0,21.2,79.2,5.57,sorghum,B,98,2025-04-10,High potential,Acid clays needing lime. Banana-coffee systems; rice in Huye/Gisagara marshlands.,RAB; OFRA Rwanda; IFAD
Rwanda,Southern,Gisagara,Loamy,loamy,59,Marshland,1534,1323.0,225.0,18.1,59.8,5.95,soybean,C,97,2025-04-04,High potential,Acid clays needing lime. Banana-coffee systems; rice in Huye/Gisagara marshlands.,RAB; OFRA Rwanda
Rwanda,Southern,Gisagara,Alluvial,alluvial,48,Fallow,1746,1442.0,612.0,21.0,65.0,5.27,maize,A,98,2024-11-22,High potential,Acid clays needing lime. Banana-coffee systems; rice in Huye/Gisagara marshlands.,RAB CIP; OFRA Rwanda; FAO ECOCROP
Rwanda,Southern,Gisagara,Clayey,clayey,51,Agricultural,1897,1110.0,498.0,19.8,81.1,6.32,cassava,B,99,2024-12-04,High potential,Acid clays needing lime. Banana-coffee systems; rice in Huye/Gisagara marshlands.,RAB; IITA; IFAD crop suitability
Rwanda,Southern,Gisagara,Loamy,loamy,47,Agricultural,2193,1473.0,261.0,18.3,61.1,5.88,soybean,C,97,2024-09-21,High potential,Acid clays needing lime. Banana-coffee systems; rice in Huye/Gisagara marshlands.,RAB; OFRA Rwanda
Rwanda,Southern,Gisagara,Loamy,loamy,65,Marshland,1554,1310.0,470.0,20.1,79.9,5.31,maize,A,98,2023-10-27,High potential,Acid clays needing lime. Banana-coffee systems; rice in Huye/Gisagara marshlands.,RAB CIP; OFRA Rwanda; FAO ECOCROP
Rwanda,Southern,Gisagara,Loamy,loamy,67,Agricultural,1983,1119.0,460.0,20.4,79.5,4.96,sorghum,B,93,2024-10-13,High potential,Acid clays needing lime. Banana-coffee systems; rice in Huye/Gisagara marshlands.,RAB; OFRA Rwanda; IFAD
Rwanda,Southern,Gisagara,Alluvial,alluvial,54,Agricultural,2182,1485.0,274.0,20.1,65.3,6.15,sweet_potato,C,97,2025-01-10,High potential,Acid clays needing lime. Banana-coffee systems; rice in Huye/Gisagara marshlands.,RAB; CIP; FAO ECOCROP
Rwanda,Southern,Gisagara,Clayey,clayey,47,Agricultural,2042,1019.0,339.0,21.5,75.2,4.84,sweet_potato,A,73,2024-03-24,Moderate potential,Acid clays needing lime. Banana-coffee systems; rice in Huye/Gisagara marshlands.,RAB; CIP; FAO ECOCROP
Rwanda,Southern,Gisagara,Loamy,loamy,68,Agricultural,1642,1339.0,664.0,20.1,74.1,5.05,beans,B,96,2024-12-31,High potential,Acid clays needing lime. Banana-coffee systems; rice in Huye/Gisagara marshlands.,RAB; OFRA Rwanda; NISR
Rwanda,Southern,Gisagara,Alluvial,alluvial,80,Fallow,2168,1222.0,186.0,18.9,55.9,5.26,sweet_potato,C,96,2025-07-21,High potential,Acid clays needing lime. Banana-coffee systems; rice in Huye/Gisagara marshlands.,RAB; CIP; FAO ECOCROP
Rwanda,Southern,Gisagara,Clayey,clayey,75,Agricultural,1459,1242.0,433.0,17.8,80.6,5.9,banana,A,95,2025-07-25,High potential,Acid clays needing lime. Banana-coffee systems; rice in Huye/Gisagara marshlands.,RAB; FAO ECOCROP; OFRA Rwanda
Rwanda,Southern,Gisagara,Alluvial,alluvial,72,Agricultural,1512,1391.0,590.0,20.0,83.1,6.04,cassava,B,78,2024-03-19,Moderate potential,Acid clays needing lime. Banana-coffee systems; rice in Huye/Gisagara marshlands.,RAB; IITA; IFAD crop suitability
Rwanda,Southern,Gisagara,Loamy,loamy,67,Agricultural,1558,1375.0,208.0,17.8,68.1,5.91,rice,C,65,2024-10-31,Moderate potential,Acid clays needing lime. Banana-coffee systems; rice in Huye/Gisagara marshlands.,RAB; RwaSIS; OFRA Rwanda
Rwanda,Southern,Gisagara,Loamy,loamy,71,Agricultural,1994,1280.0,549.0,22.6,80.8,6.31,banana,A,97,2025-04-17,High potential,Acid clays needing lime. Banana-coffee systems; rice in Huye/Gisagara marshlands.,RAB; FAO ECOCROP; OFRA Rwanda
Rwanda,Southern,Gisagara,Loamy,loamy,60,Agricultural,2054,1026.0,440.0,22.7,76.7,5.29,cassava,B,98,2024-04-20,High potential,Acid clays needing lime. Banana-coffee systems; rice in Huye/Gisagara marshlands.,RAB; IITA; IFAD crop suitability
Rwanda,Southern,Gisagara,Loamy,loamy,70,Agricultural,2119,1243.0,242.0,18.9,63.6,6.07,beans,C,98,2025-07-22,High potential,Acid clays needing lime. Banana-coffee systems; rice in Huye/Gisagara marshlands.,RAB; OFRA Rwanda; NISR
Rwanda,Southern,Gisagara,Alluvial,alluvial,75,Marshland,2071,1234.0,428.0,20.9,69.3,4.88,banana,A,90,2025-06-01,High potential,Acid clays needing lime. Banana-coffee systems; rice in Huye/Gisagara marshlands.,RAB; FAO ECOCROP; OFRA Rwanda
Rwanda,Southern,Gisagara,Loamy,loamy,68,Agricultural,1767,1220.0,572.0,23.2,79.2,6.02,beans,B,100,2024-11-30,High potential,Acid clays needing lime. Banana-coffee systems; rice in Huye/Gisagara marshlands.,RAB; OFRA Rwanda; NISR
Rwanda,Southern,Gisagara,Clayey,clayey,69,Agricultural,1487,1403.0,249.0,17.4,59.9,5.82,beans,C,98,2025-04-15,High potential,Acid clays needing lime. Banana-coffee systems; rice in Huye/Gisagara marshlands.,RAB; OFRA Rwanda; NISR
Rwanda,Southern,Gisagara,Alluvial,alluvial,47,Agricultural,1838,1166.0,423.0,19.5,81.3,5.23,banana,A,93,2024-11-26,High potential,Acid clays needing lime. Banana-coffee systems; rice in Huye/Gisagara marshlands.,RAB; FAO ECOCROP; OFRA Rwanda
Rwanda,Southern,Gisagara,Alluvial,alluvial,45,Agricultural,1573,1245.0,615.0,20.7,79.1,4.99,coffee,B,73,2024-11-25,Moderate potential,Acid clays needing lime. Banana-coffee systems; rice in Huye/Gisagara marshlands.,NAEB; RAB; FAO ECOCROP
Rwanda,Southern,Gisagara,Loamy,loamy,64,Marshland,2089,1000.0,181.0,17.8,65.3,5.02,rice,C,61,2024-11-19,Moderate potential,Acid clays needing lime. Banana-coffee systems; rice in Huye/Gisagara marshlands.,RAB; RwaSIS; OFRA Rwanda
Rwanda,Southern,Gisagara,Alluvial,alluvial,76,Agricultural,1867,1197.0,512.0,22.1,77.8,5.18,maize,A,97,2023-12-23,High potential,Acid clays needing lime. Banana-coffee systems; rice in Huye/Gisagara marshlands.,RAB CIP; OFRA Rwanda; FAO ECOCROP
Rwanda,Southern,Gisagara,Loamy,loamy,77,Agricultural,1931,1154.0,551.0,22.5,83.5,5.11,sorghum,B,93,2025-04-05,High potential,Acid clays needing lime. Banana-coffee systems; rice in Huye/Gisagara marshlands.,RAB; OFRA Rwanda; IFAD
Rwanda,Southern,Gisagara,Loamy,loamy,73,Agricultural,1666,1167.0,180.0,19.1,60.7,4.85,rice,C,61,2024-06-19,Moderate potential,Acid clays needing lime. Banana-coffee systems; rice in Huye/Gisagara marshlands.,RAB; RwaSIS; OFRA Rwanda
Rwanda,Southern,Gisagara,Loamy,loamy,69,Agricultural,1984,1458.0,502.0,21.4,83.7,5.92,banana,A,96,2023-10-02,High potential,Acid clays needing lime. Banana-coffee systems; rice in Huye/Gisagara marshlands.,RAB; FAO ECOCROP; OFRA Rwanda
Rwanda,Southern,Gisagara,Alluvial,alluvial,46,Agricultural,1531,1458.0,700.0,20.6,82.2,5.84,sorghum,B,74,2025-05-20,Moderate potential,Acid clays needing lime. Banana-coffee systems; rice in Huye/Gisagara marshlands.,RAB; OFRA Rwanda; IFAD
Rwanda,Southern,Gisagara,Loamy,loamy,49,Agricultural,1530,1265.0,192.0,19.0,50.9,6.06,tomato,C,97,2024-12-15,High potential,Acid clays needing lime. Banana-coffee systems; rice in Huye/Gisagara marshlands.,RAB; FAO ECOCROP
Rwanda,Southern,Gisagara,Alluvial,alluvial,75,Agricultural,2019,1393.0,548.0,20.5,79.6,5.66,beans,A,100,2024-11-07,High potential,Acid clays needing lime. Banana-coffee systems; rice in Huye/Gisagara marshlands.,RAB; OFRA Rwanda; NISR
Rwanda,Southern,Gisagara,Alluvial,alluvial,74,Marshland,1921,1558.0,636.0,21.6,75.7,5.27,sorghum,B,76,2024-05-13,Moderate potential,Acid clays needing lime. Banana-coffee systems; rice in Huye/Gisagara marshlands.,RAB; OFRA Rwanda; IFAD
Rwanda,Southern,Gisagara,Alluvial,alluvial,76,Agricultural,1828,1304.0,217.0,18.7,61.3,5.44,beans,C,97,2024-05-13,High potential,Acid clays needing lime. Banana-coffee systems; rice in Huye/Gisagara marshlands.,RAB; OFRA Rwanda; NISR
Rwanda,Southern,Gisagara,Alluvial,alluvial,52,Agricultural,2146,1096.0,394.0,21.5,75.5,5.27,maize,A,97,2025-01-08,High potential,Acid clays needing lime. Banana-coffee systems; rice in Huye/Gisagara marshlands.,RAB CIP; OFRA Rwanda; FAO ECOCROP
Rwanda,Southern,Gisagara,Clayey,clayey,75,Agricultural,1845,1404.0,711.0,22.1,82.7,4.81,beans,B,94,2024-12-25,High potential,Acid clays needing lime. Banana-coffee systems; rice in Huye/Gisagara marshlands.,RAB; OFRA Rwanda; NISR
Rwanda,Southern,Gisagara,Alluvial,alluvial,74,Agricultural,1434,1416.0,241.0,17.3,63.2,5.75,tomato,C,98,2025-02-16,High potential,Acid clays needing lime. Banana-coffee systems; rice in Huye/Gisagara marshlands.,RAB; FAO ECOCROP
Rwanda,Southern,Gisagara,Alluvial,alluvial,51,Agricultural,2058,1325.0,501.0,21.8,75.4,5.0,banana,A,92,2024-04-28,High potential,Acid clays needing lime. Banana-coffee systems; rice in Huye/Gisagara marshlands.,RAB; FAO ECOCROP; OFRA Rwanda
Rwanda,Southern,Gisagara,Clayey,clayey,69,Agricultural,2037,1361.0,616.0,20.1,76.7,4.81,beans,B,94,2024-10-08,High potential,Acid clays needing lime. Banana-coffee systems; rice in Huye/Gisagara marshlands.,RAB; OFRA Rwanda; NISR
Rwanda,Southern,Gisagara,Alluvial,alluvial,49,Agricultural,2154,915.0,153.0,18.2,69.2,6.09,sweet_potato,C,96,2024-01-26,High potential,Acid clays needing lime. Banana-coffee systems; rice in Huye/Gisagara marshlands.,RAB; CIP; FAO ECOCROP
Rwanda,Southern,Gisagara,Alluvial,alluvial,46,Agricultural,2045,1455.0,550.0,19.4,75.2,6.1,cassava,A,77,2025-04-16,Moderate potential,Acid clays needing lime. Banana-coffee systems; rice in Huye/Gisagara marshlands.,RAB; IITA; IFAD crop suitability
Rwanda,Southern,Gisagara,Loamy,loamy,66,Agricultural,1718,1350.0,559.0,20.7,81.4,6.32,banana,B,97,2024-03-07,High potential,Acid clays needing lime. Banana-coffee systems; rice in Huye/Gisagara marshlands.,RAB; FAO ECOCROP; OFRA Rwanda
Rwanda,Southern,Gisagara,Alluvial,alluvial,63,Agricultural,1467,1127.0,198.0,17.5,58.4,4.86,beans,C,92,2023-12-27,High potential,Acid clays needing lime. Banana-coffee systems; rice in Huye/Gisagara marshlands.,RAB; OFRA Rwanda; NISR
Rwanda,Southern,Gisagara,Loamy,loamy,74,Marshland,1621,1299.0,530.0,22.4,76.3,5.96,sweet_potato,A,100,2024-10-30,High potential,Acid clays needing lime. Banana-coffee systems; rice in Huye/Gisagara marshlands.,RAB; CIP; FAO ECOCROP
Rwanda,Southern,Gisagara,Alluvial,alluvial,67,Agricultural,2199,1255.0,597.0,19.9,74.9,5.32,coffee,B,73,2023-12-16,Moderate potential,Acid clays needing lime. Banana-coffee systems; rice in Huye/Gisagara marshlands.,NAEB; RAB; FAO ECOCROP
Rwanda,Southern,Gisagara,Clayey,clayey,59,Agricultural,2096,1182.0,204.0,17.8,61.8,6.39,soybean,C,96,2024-01-27,High potential,Acid clays needing lime. Banana-coffee systems; rice in Huye/Gisagara marshlands.,RAB; OFRA Rwanda
Rwanda,Southern,Gisagara,Clayey,clayey,70,Agricultural,1656,1050.0,431.0,20.4,83.6,4.82,cassava,A,96,2025-02-17,High potential,Acid clays needing lime. Banana-coffee systems; rice in Huye/Gisagara marshlands.,RAB; IITA; IFAD crop suitability
Rwanda,Southern,Gisagara,Clayey,clayey,79,Agricultural,2198,1344.0,669.0,21.4,83.4,5.58,beans,B,100,2024-11-26,High potential,Acid clays needing lime. Banana-coffee systems; rice in Huye/Gisagara marshlands.,RAB; OFRA Rwanda; NISR
Rwanda,Southern,Gisagara,Loamy,loamy,75,Agricultural,2185,954.0,167.0,19.1,69.7,6.21,rice,C,68,2024-06-08,Moderate potential,Acid clays needing lime. Banana-coffee systems; rice in Huye/Gisagara marshlands.,RAB; RwaSIS; OFRA Rwanda
Rwanda,Southern,Gisagara,Loamy,loamy,77,Agricultural,1914,1326.0,444.0,21.5,75.8,5.51,sweet_potato,A,99,2024-08-06,High potential,Acid clays needing lime. Banana-coffee systems; rice in Huye/Gisagara marshlands.,RAB; CIP; FAO ECOCROP
Rwanda,Southern,Gisagara,Clayey,clayey,67,Agricultural,1909,1163.0,484.0,21.0,77.7,6.19,banana,B,96,2024-07-23,High potential,Acid clays needing lime. Banana-coffee systems; rice in Huye/Gisagara marshlands.,RAB; FAO ECOCROP; OFRA Rwanda
Rwanda,Southern,Gisagara,Alluvial,alluvial,64,Agricultural,1766,1018.0,171.0,18.2,66.7,6.18,sweet_potato,C,96,2024-07-06,High potential,Acid clays needing lime. Banana-coffee systems; rice in Huye/Gisagara marshlands.,RAB; CIP; FAO ECOCROP
Rwanda,Southern,Gisagara,Clayey,clayey,52,Agricultural,2090,1451.0,473.0,21.8,82.1,5.69,maize,A,100,2023-10-11,High potential,Acid clays needing lime. Banana-coffee systems; rice in Huye/Gisagara marshlands.,RAB CIP; OFRA Rwanda; FAO ECOCROP
Rwanda,Southern,Gisagara,Clayey,clayey,54,Agricultural,1410,1339.0,656.0,21.2,84.0,5.55,beans,B,100,2024-05-01,High potential,Acid clays needing lime. Banana-coffee systems; rice in Huye/Gisagara marshlands.,RAB; OFRA Rwanda; NISR
Rwanda,Southern,Gisagara,Clayey,clayey,60,Agricultural,2097,1145.0,208.0,18.4,56.6,5.43,sweet_potato,C,74,2023-12-29,Moderate potential,Acid clays needing lime. Banana-coffee systems; rice in Huye/Gisagara marshlands.,RAB; CIP; FAO ECOCROP
Rwanda,Southern,Gisagara,Alluvial,alluvial,57,Agricultural,1829,1067.0,351.0,21.3,79.1,6.46,cassava,A,75,2025-07-16,Moderate potential,Acid clays needing lime. Banana-coffee systems; rice in Huye/Gisagara marshlands.,RAB; IITA; IFAD crop suitability
Rwanda,Southern,Gisagara,Clayey,clayey,57,Agricultural,2054,1429.0,630.0,20.6,84.1,6.23,rice,B,98,2023-11-02,High potential,Acid clays needing lime. Banana-coffee systems; rice in Huye/Gisagara marshlands.,RAB; RwaSIS; OFRA Rwanda
Rwanda,Southern,Gisagara,Loamy,loamy,72,Marshland,1914,1176.0,213.0,17.1,61.2,6.38,sweet_potato,C,96,2025-01-17,High potential,Acid clays needing lime. Banana-coffee systems; rice in Huye/Gisagara marshlands.,RAB; CIP; FAO ECOCROP
Rwanda,Southern,Gisagara,Alluvial,alluvial,76,Agricultural,1808,1424.0,608.0,18.5,68.7,5.05,coffee,A,73,2024-01-06,Moderate potential,Acid clays needing lime. Banana-coffee systems; rice in Huye/Gisagara marshlands.,NAEB; RAB; FAO ECOCROP
Rwanda,Southern,Gisagara,Alluvial,alluvial,66,Agricultural,2046,1458.0,578.0,19.8,83.3,5.31,cassava,B,78,2025-05-02,Moderate potential,Acid clays needing lime. Banana-coffee systems; rice in Huye/Gisagara marshlands.,RAB; IITA; IFAD crop suitability
Rwanda,Southern,Gisagara,Alluvial,alluvial,56,Agricultural,1568,1117.0,179.0,18.0,60.3,6.18,rice,C,85,2025-03-04,High potential,Acid clays needing lime. Banana-coffee systems; rice in Huye/Gisagara marshlands.,RAB; RwaSIS; OFRA Rwanda
Rwanda,Southern,Gisagara,Alluvial,alluvial,48,Agricultural,2121,1016.0,368.0,20.5,82.4,6.25,sweet_potato,A,98,2024-03-11,High potential,Acid clays needing lime. Banana-coffee systems; rice in Huye/Gisagara marshlands.,RAB; CIP; FAO ECOCROP
Rwanda,Southern,Gisagara,Alluvial,alluvial,74,Agricultural,2081,1282.0,592.0,23.0,80.2,6.3,rice,B,97,2024-07-28,High potential,Acid clays needing lime. Banana-coffee systems; rice in Huye/Gisagara marshlands.,RAB; RwaSIS; OFRA Rwanda
Rwanda,Southern,Gisagara,Clayey,clayey,73,Marshland,1726,1299.0,214.0,20.0,61.7,6.16,sweet_potato,C,74,2023-11-20,Moderate potential,Acid clays needing lime. Banana-coffee systems; rice in Huye/Gisagara marshlands.,RAB; CIP; FAO ECOCROP
Rwanda,Southern,Gisagara,Clayey,clayey,63,Marshland,2165,1047.0,379.0,21.1,76.0,5.92,beans,A,100,2025-07-17,High potential,Acid clays needing lime. Banana-coffee systems; rice in Huye/Gisagara marshlands.,RAB; OFRA Rwanda; NISR
Rwanda,Southern,Gisagara,Alluvial,alluvial,80,Agricultural,2104,1504.0,738.0,20.7,83.4,6.19,cassava,B,78,2024-04-18,Moderate potential,Acid clays needing lime. Banana-coffee systems; rice in Huye/Gisagara marshlands.,RAB; IITA; IFAD crop suitability
Rwanda,Southern,Gisagara,Loamy,loamy,80,Agricultural,1775,1207.0,225.0,18.9,66.0,6.18,beans,C,98,2023-10-05,High potential,Acid clays needing lime. Banana-coffee systems; rice in Huye/Gisagara marshlands.,RAB; OFRA Rwanda; NISR
Rwanda,Southern,Gisagara,Clayey,clayey,48,Agricultural,1851,1312.0,509.0,20.8,72.8,5.86,banana,A,96,2025-02-20,High potential,Acid clays needing lime. Banana-coffee systems; rice in Huye/Gisagara marshlands.,RAB; FAO ECOCROP; OFRA Rwanda
Rwanda,Southern,Gisagara,Alluvial,alluvial,48,Agricultural,2069,1216.0,517.0,18.2,84.1,6.21,coffee,B,72,2023-12-12,Moderate potential,Acid clays needing lime. Banana-coffee systems; rice in Huye/Gisagara marshlands.,NAEB; RAB; FAO ECOCROP
Rwanda,Southern,Gisagara,Clayey,clayey,51,Agricultural,2166,1215.0,225.0,18.8,67.6,5.78,rice,C,90,2025-05-24,High potential,Acid clays needing lime. Banana-coffee systems; rice in Huye/Gisagara marshlands.,RAB; RwaSIS; OFRA Rwanda
Rwanda,Southern,Gisagara,Loamy,loamy,74,Agricultural,1950,1195.0,487.0,23.0,74.7,4.84,banana,A,91,2024-06-26,High potential,Acid clays needing lime. Banana-coffee systems; rice in Huye/Gisagara marshlands.,RAB; FAO ECOCROP; OFRA Rwanda
Rwanda,Southern,Gisagara,Loamy,loamy,67,Agricultural,2131,1443.0,623.0,22.9,82.2,6.48,cassava,B,100,2025-05-04,High potential,Acid clays needing lime. Banana-coffee systems; rice in Huye/Gisagara marshlands.,RAB; IITA; IFAD crop suitability
Rwanda,Southern,Gisagara,Clayey,clayey,47,Agricultural,1620,1121.0,195.0,17.3,57.0,5.05,tomato,C,72,2025-03-13,Moderate potential,Acid clays needing lime. Banana-coffee systems; rice in Huye/Gisagara marshlands.,RAB; FAO ECOCROP
Rwanda,Southern,Gisagara,Loamy,loamy,70,Marshland,1446,1088.0,404.0,21.4,76.4,6.14,banana,A,95,2025-01-26,High potential,Acid clays needing lime. Banana-coffee systems; rice in Huye/Gisagara marshlands.,RAB; FAO ECOCROP; OFRA Rwanda
Rwanda,Southern,Gisagara,Loamy,loamy,65,Agricultural,1897,1176.0,515.0,20.3,75.7,5.75,coffee,B,94,2025-06-23,High potential,Acid clays needing lime. Banana-coffee systems; rice in Huye/Gisagara marshlands.,NAEB; RAB; FAO ECOCROP
Rwanda,Southern,Gisagara,Loamy,loamy,65,Fallow,1428,1470.0,236.0,17.6,55.4,6.41,beans,C,98,2023-12-18,High potential,Acid clays needing lime. Banana-coffee systems; rice in Huye/Gisagara marshlands.,RAB; OFRA Rwanda; NISR
Rwanda,Southern,Gisagara,Alluvial,alluvial,52,Agricultural,1556,1160.0,421.0,22.4,74.1,5.87,sweet_potato,A,99,2023-12-12,High potential,Acid clays needing lime. Banana-coffee systems; rice in Huye/Gisagara marshlands.,RAB; CIP; FAO ECOCROP
Rwanda,Southern,Gisagara,Clayey,clayey,61,Agricultural,1486,1268.0,518.0,20.2,70.6,5.91,sorghum,B,100,2024-03-18,High potential,Acid clays needing lime. Banana-coffee systems; rice in Huye/Gisagara marshlands.,RAB; OFRA Rwanda; IFAD
Rwanda,Southern,Gisagara,Alluvial,alluvial,69,Agricultural,1487,1017.0,161.0,18.2,57.2,4.87,tomato,C,92,2024-09-28,High potential,Acid clays needing lime. Banana-coffee systems; rice in Huye/Gisagara marshlands.,RAB; FAO ECOCROP
Rwanda,Southern,Gisagara,Loamy,loamy,59,Marshland,1431,1300.0,565.0,21.4,72.9,5.59,maize,A,100,2025-01-02,High potential,Acid clays needing lime. Banana-coffee systems; rice in Huye/Gisagara marshlands.,RAB CIP; OFRA Rwanda; FAO ECOCROP
Rwanda,Southern,Gisagara,Alluvial,alluvial,51,Agricultural,2094,1184.0,548.0,22.5,77.1,6.08,cassava,B,77,2025-06-18,Moderate potential,Acid clays needing lime. Banana-coffee systems; rice in Huye/Gisagara marshlands.,RAB; IITA; IFAD crop suitability
Rwanda,Southern,Nyaruguru,Clayey,clayey,54,Agricultural,1574,1415.0,558.0,21.9,70.3,6.13,cassava,A,99,2024-03-23,High potential,Acid clays needing lime. Banana-coffee systems; rice in Huye/Gisagara marshlands.,RAB; IITA; IFAD crop suitability
Rwanda,Southern,Nyaruguru,Loamy,loamy,75,Agricultural,1644,1629.0,760.0,18.5,80.0,5.95,coffee,B,97,2024-03-11,High potential,Acid clays needing lime. Banana-coffee systems; rice in Huye/Gisagara marshlands.,NAEB; RAB; FAO ECOCROP
Rwanda,Southern,Nyaruguru,Loamy,loamy,80,Agricultural,1801,1360.0,241.0,16.5,62.0,5.96,sweet_potato,C,97,2024-04-18,High potential,Acid clays needing lime. Banana-coffee systems; rice in Huye/Gisagara marshlands.,RAB; CIP; FAO ECOCROP
Rwanda,Southern,Nyaruguru,Alluvial,alluvial,56,Agricultural,1777,1558.0,660.0,19.6,74.4,5.24,maize,A,98,2024-08-20,High potential,Acid clays needing lime. Banana-coffee systems; rice in Huye/Gisagara marshlands.,RAB CIP; OFRA Rwanda; FAO ECOCROP
Rwanda,Southern,Nyaruguru,Alluvial,alluvial,45,Fallow,1472,1624.0,754.0,20.4,87.1,6.16,cassava,B,77,2024-07-31,Moderate potential,Acid clays needing lime. Banana-coffee systems; rice in Huye/Gisagara marshlands.,RAB; IITA; IFAD crop suitability
Rwanda,Southern,Nyaruguru,Clayey,clayey,79,Agricultural,2112,1387.0,254.0,16.1,60.1,5.06,sweet_potato,C,74,2025-04-29,Moderate potential,Acid clays needing lime. Banana-coffee systems; rice in Huye/Gisagara marshlands.,RAB; CIP; FAO ECOCROP
Rwanda,Southern,Nyaruguru,Clayey,clayey,55,Homestead,1644,1323.0,457.0,20.1,67.7,5.09,coffee,A,93,2024-01-25,High potential,Acid clays needing lime. Banana-coffee systems; rice in Huye/Gisagara marshlands.,NAEB; RAB; FAO ECOCROP
Rwanda,Southern,Nyaruguru,Loamy,loamy,54,Agricultural,2183,1422.0,549.0,19.0,79.1,4.98,banana,B,93,2024-04-10,High potential,Acid clays needing lime. Banana-coffee systems; rice in Huye/Gisagara marshlands.,RAB; FAO ECOCROP; OFRA Rwanda
Rwanda,Southern,Nyaruguru,Clayey,clayey,63,Marshland,2182,1535.0,284.0,15.6,66.5,6.27,rice,C,83,2025-03-16,High potential,Acid clays needing lime. Banana-coffee systems; rice in Huye/Gisagara marshlands.,RAB; RwaSIS; OFRA Rwanda
Rwanda,Southern,Nyaruguru,Alluvial,alluvial,79,Agricultural,2155,1313.0,564.0,18.3,78.9,5.06,beans,A,96,2025-02-25,High potential,Acid clays needing lime. Banana-coffee systems; rice in Huye/Gisagara marshlands.,RAB; OFRA Rwanda; NISR
Rwanda,Southern,Nyaruguru,Alluvial,alluvial,73,Agricultural,1557,1566.0,639.0,21.0,86.8,4.99,sorghum,B,68,2023-12-20,Moderate potential,Acid clays needing lime. Banana-coffee systems; rice in Huye/Gisagara marshlands.,RAB; OFRA Rwanda; IFAD
Rwanda,Southern,Nyaruguru,Loamy,loamy,49,Agricultural,1449,1248.0,223.0,17.6,60.0,5.48,sweet_potato,C,97,2025-04-07,High potential,Acid clays needing lime. Banana-coffee systems; rice in Huye/Gisagara marshlands.,RAB; CIP; FAO ECOCROP
Rwanda,Southern,Nyaruguru,Clayey,clayey,73,Agricultural,1835,1412.0,575.0,20.2,71.4,5.51,beans,A,100,2024-03-21,High potential,Acid clays needing lime. Banana-coffee systems; rice in Huye/Gisagara marshlands.,RAB; OFRA Rwanda; NISR
Rwanda,Southern,Nyaruguru,Alluvial,alluvial,61,Agricultural,2097,1564.0,614.0,18.2,76.3,6.37,beans,B,100,2024-04-08,High potential,Acid clays needing lime. Banana-coffee systems; rice in Huye/Gisagara marshlands.,RAB; OFRA Rwanda; NISR
Rwanda,Southern,Nyaruguru,Clayey,clayey,45,Agricultural,1585,1599.0,231.0,17.8,61.4,5.76,sweet_potato,C,75,2024-02-21,Moderate potential,Acid clays needing lime. Banana-coffee systems; rice in Huye/Gisagara marshlands.,RAB; CIP; FAO ECOCROP
Rwanda,Southern,Nyaruguru,Loamy,loamy,52,Agricultural,1945,1335.0,580.0,19.1,69.8,5.73,banana,A,97,2023-12-25,High potential,Acid clays needing lime. Banana-coffee systems; rice in Huye/Gisagara marshlands.,RAB; FAO ECOCROP; OFRA Rwanda
Rwanda,Southern,Nyaruguru,Alluvial,alluvial,80,Agricultural,2116,1485.0,600.0,18.8,82.0,5.78,coffee,B,73,2023-11-03,Moderate potential,Acid clays needing lime. Banana-coffee systems; rice in Huye/Gisagara marshlands.,NAEB; RAB; FAO ECOCROP
Rwanda,Southern,Nyaruguru,Alluvial,alluvial,59,Homestead,2138,1454.0,272.0,17.0,66.5,5.61,rice,C,86,2024-12-12,High potential,Acid clays needing lime. Banana-coffee systems; rice in Huye/Gisagara marshlands.,RAB; RwaSIS; OFRA Rwanda
Rwanda,Southern,Nyaruguru,Alluvial,alluvial,49,Agricultural,2101,1514.0,540.0,19.1,77.4,5.31,beans,A,98,2025-03-31,High potential,Acid clays needing lime. Banana-coffee systems; rice in Huye/Gisagara marshlands.,RAB; OFRA Rwanda; NISR
Rwanda,Southern,Nyaruguru,Loamy,loamy,56,Agricultural,2079,1710.0,736.0,20.5,83.8,6.27,sorghum,B,96,2024-03-10,High potential,Acid clays needing lime. Banana-coffee systems; rice in Huye/Gisagara marshlands.,RAB; OFRA Rwanda; IFAD
Rwanda,Southern,Nyaruguru,Alluvial,alluvial,51,Agricultural,1499,1402.0,218.0,17.4,56.4,5.85,beans,C,98,2024-03-04,High potential,Acid clays needing lime. Banana-coffee systems; rice in Huye/Gisagara marshlands.,RAB; OFRA Rwanda; NISR
Rwanda,Southern,Nyaruguru,Clayey,clayey,75,Agricultural,2048,1693.0,706.0,19.8,80.8,5.25,maize,A,98,2025-07-04,High potential,Acid clays needing lime. Banana-coffee systems; rice in Huye/Gisagara marshlands.,RAB CIP; OFRA Rwanda; FAO ECOCROP
Rwanda,Southern,Nyaruguru,Clayey,clayey,70,Agricultural,1536,1626.0,818.0,19.4,77.6,5.21,coffee,B,98,2024-04-18,High potential,Acid clays needing lime. Banana-coffee systems; rice in Huye/Gisagara marshlands.,NAEB; RAB; FAO ECOCROP
Rwanda,Southern,Nyaruguru,Clayey,clayey,79,Agricultural,2024,1483.0,225.0,15.6,64.8,5.53,rice,C,82,2025-04-03,High potential,Acid clays needing lime. Banana-coffee systems; rice in Huye/Gisagara marshlands.,RAB; RwaSIS; OFRA Rwanda
Rwanda,Southern,Nyaruguru,Clayey,clayey,73,Homestead,1715,1501.0,487.0,19.6,79.4,5.67,beans,A,100,2024-06-16,High potential,Acid clays needing lime. Banana-coffee systems; rice in Huye/Gisagara marshlands.,RAB; OFRA Rwanda; NISR
Rwanda,Southern,Nyaruguru,Clayey,clayey,46,Agricultural,1482,1649.0,810.0,19.7,78.2,5.17,rice,B,97,2024-05-25,High potential,Acid clays needing lime. Banana-coffee systems; rice in Huye/Gisagara marshlands.,RAB; RwaSIS; OFRA Rwanda
Rwanda,Southern,Nyaruguru,Loamy,loamy,59,Agricultural,2126,1378.0,248.0,15.9,67.1,5.25,rice,C,59,2024-07-20,Requires attention,Acid clays needing lime. Banana-coffee systems; rice in Huye/Gisagara marshlands.,RAB; RwaSIS; OFRA Rwanda
Rwanda,Southern,Nyaruguru,Alluvial,alluvial,62,Agricultural,1602,1397.0,556.0,20.3,75.6,6.31,banana,A,97,2023-11-20,High potential,Acid clays needing lime. Banana-coffee systems; rice in Huye/Gisagara marshlands.,RAB; FAO ECOCROP; OFRA Rwanda
Rwanda,Southern,Nyaruguru,Alluvial,alluvial,72,Agricultural,2021,1449.0,686.0,18.9,76.5,5.75,rice,B,96,2024-01-14,High potential,Acid clays needing lime. Banana-coffee systems; rice in Huye/Gisagara marshlands.,RAB; RwaSIS; OFRA Rwanda
Rwanda,Southern,Nyaruguru,Clayey,clayey,47,Homestead,1924,1188.0,185.0,17.0,65.7,5.48,sweet_potato,C,74,2024-12-02,Moderate potential,Acid clays needing lime. Banana-coffee systems; rice in Huye/Gisagara marshlands.,RAB; CIP; FAO ECOCROP
Rwanda,Southern,Nyaruguru,Loamy,loamy,56,Agricultural,1477,1630.0,547.0,18.7,76.2,5.31,maize,A,98,2023-09-24,High potential,Acid clays needing lime. Banana-coffee systems; rice in Huye/Gisagara marshlands.,RAB CIP; OFRA Rwanda; FAO ECOCROP
Rwanda,Southern,Nyaruguru,Alluvial,alluvial,49,Agricultural,1700,1336.0,575.0,20.4,82.8,6.32,coffee,B,73,2025-01-08,Moderate potential,Acid clays needing lime. Banana-coffee systems; rice in Huye/Gisagara marshlands.,NAEB; RAB; FAO ECOCROP
Rwanda,Southern,Nyaruguru,Alluvial,alluvial,70,Agricultural,1525,1522.0,243.0,17.3,66.0,5.4,beans,C,97,2024-04-01,High potential,Acid clays needing lime. Banana-coffee systems; rice in Huye/Gisagara marshlands.,RAB; OFRA Rwanda; NISR
Rwanda,Southern,Nyaruguru,Loamy,loamy,59,Agricultural,1546,1628.0,698.0,18.2,73.2,5.97,sweet_potato,A,100,2023-11-16,High potential,Acid clays needing lime. Banana-coffee systems; rice in Huye/Gisagara marshlands.,RAB; CIP; FAO ECOCROP
Rwanda,Southern,Nyaruguru,Clayey,clayey,49,Agricultural,1855,1431.0,599.0,21.0,85.9,5.77,sorghum,B,95,2024-09-28,High potential,Acid clays needing lime. Banana-coffee systems; rice in Huye/Gisagara marshlands.,RAB; OFRA Rwanda; IFAD
Rwanda,Southern,Nyaruguru,Loamy,loamy,48,Agricultural,1437,1246.0,223.0,18.3,60.1,5.55,soybean,C,97,2025-03-12,High potential,Acid clays needing lime. Banana-coffee systems; rice in Huye/Gisagara marshlands.,RAB; OFRA Rwanda
Rwanda,Southern,Nyaruguru,Clayey,clayey,62,Agricultural,1485,1278.0,551.0,19.9,77.4,6.12,cassava,A,99,2025-01-27,High potential,Acid clays needing lime. Banana-coffee systems; rice in Huye/Gisagara marshlands.,RAB; IITA; IFAD crop suitability
Rwanda,Southern,Nyaruguru,Clayey,clayey,66,Agricultural,2003,1505.0,686.0,18.3,85.3,6.16,beans,B,100,2024-01-29,High potential,Acid clays needing lime. Banana-coffee systems; rice in Huye/Gisagara marshlands.,RAB; OFRA Rwanda; NISR
Rwanda,Southern,Nyaruguru,Loamy,loamy,80,Agricultural,1945,1481.0,259.0,15.1,58.2,5.91,sweet_potato,C,95,2024-11-10,High potential,Acid clays needing lime. Banana-coffee systems; rice in Huye/Gisagara marshlands.,RAB; CIP; FAO ECOCROP
Rwanda,Southern,Nyaruguru,Clayey,clayey,53,Agricultural,1752,1260.0,537.0,20.2,79.8,5.84,sweet_potato,A,78,2025-06-05,Moderate potential,Acid clays needing lime. Banana-coffee systems; rice in Huye/Gisagara marshlands.,RAB; CIP; FAO ECOCROP
Rwanda,Southern,Nyaruguru,Alluvial,alluvial,76,Agricultural,1620,1412.0,588.0,21.0,79.1,6.42,rice,B,97,2024-08-20,High potential,Acid clays needing lime. Banana-coffee systems; rice in Huye/Gisagara marshlands.,RAB; RwaSIS; OFRA Rwanda
Rwanda,Southern,Nyaruguru,Loamy,loamy,56,Agricultural,1766,1439.0,214.0,17.6,59.1,5.16,tomato,C,95,2024-12-29,High potential,Acid clays needing lime. Banana-coffee systems; rice in Huye/Gisagara marshlands.,RAB; FAO ECOCROP
Rwanda,Southern,Nyaruguru,Alluvial,alluvial,45,Agricultural,1826,1373.0,465.0,19.2,69.7,6.16,beans,A,100,2025-01-19,High potential,Acid clays needing lime. Banana-coffee systems; rice in Huye/Gisagara marshlands.,RAB; OFRA Rwanda; NISR
Rwanda,Southern,Nyaruguru,Clayey,clayey,62,Agricultural,1701,1274.0,606.0,19.2,78.5,5.93,coffee,B,95,2024-03-13,High potential,Acid clays needing lime. Banana-coffee systems; rice in Huye/Gisagara marshlands.,NAEB; RAB; FAO ECOCROP
Rwanda,Southern,Nyaruguru,Alluvial,alluvial,54,Agricultural,1852,1332.0,228.0,17.2,58.5,5.17,sweet_potato,C,96,2024-11-29,High potential,Acid clays needing lime. Banana-coffee systems; rice in Huye/Gisagara marshlands.,RAB; CIP; FAO ECOCROP
Rwanda,Southern,Nyaruguru,Clayey,clayey,63,Agricultural,1531,1605.0,693.0,19.5,81.9,5.15,cassava,A,100,2024-01-25,High potential,Acid clays needing lime. Banana-coffee systems; rice in Huye/Gisagara marshlands.,RAB; IITA; IFAD crop suitability
Rwanda,Southern,Nyaruguru,Alluvial,alluvial,72,Agricultural,1900,1604.0,732.0,20.2,79.2,5.57,cassava,B,78,2024-08-13,Moderate potential,Acid clays needing lime. Banana-coffee systems; rice in Huye/Gisagara marshlands.,RAB; IITA; IFAD crop suitability
Rwanda,Southern,Nyaruguru,Loamy,loamy,67,Agricultural,1455,1630.0,312.0,17.2,62.3,6.02,beans,C,99,2024-02-19,High potential,Acid clays needing lime. Banana-coffee systems; rice in Huye/Gisagara marshlands.,RAB; OFRA Rwanda; NISR
Rwanda,Southern,Nyaruguru,Loamy,loamy,50,Agricultural,1515,1403.0,454.0,18.7,72.7,6.24,beans,A,100,2024-02-28,High potential,Acid clays needing lime. Banana-coffee systems; rice in Huye/Gisagara marshlands.,RAB; OFRA Rwanda; NISR
Rwanda,Southern,Nyaruguru,Clayey,clayey,66,Agricultural,1667,1691.0,720.0,19.0,75.3,4.86,rice,B,91,2024-10-30,High potential,Acid clays needing lime. Banana-coffee systems; rice in Huye/Gisagara marshlands.,RAB; RwaSIS; OFRA Rwanda
Rwanda,Southern,Nyaruguru,Alluvial,alluvial,50,Marshland,1545,1643.0,313.0,17.6,60.9,5.89,rice,C,86,2024-03-13,High potential,Acid clays needing lime. Banana-coffee systems; rice in Huye/Gisagara marshlands.,RAB; RwaSIS; OFRA Rwanda
Rwanda,Southern,Nyaruguru,Loamy,loamy,80,Agricultural,1623,1641.0,542.0,17.3,79.8,5.88,coffee,A,94,2024-09-09,High potential,Acid clays needing lime. Banana-coffee systems; rice in Huye/Gisagara marshlands.,NAEB; RAB; FAO ECOCROP
Rwanda,Southern,Nyaruguru,Clayey,clayey,64,Marshland,1422,1674.0,787.0,18.4,78.8,5.5,beans,B,100,2024-02-02,High potential,Acid clays needing lime. Banana-coffee systems; rice in Huye/Gisagara marshlands.,RAB; OFRA Rwanda; NISR
Rwanda,Southern,Nyaruguru,Loamy,loamy,55,Marshland,1945,1354.0,202.0,15.8,57.3,5.07,rice,C,53,2024-07-03,Requires attention,Acid clays needing lime. Banana-coffee systems; rice in Huye/Gisagara marshlands.,RAB; RwaSIS; OFRA Rwanda
Rwanda,Southern,Nyaruguru,Alluvial,alluvial,59,Homestead,2129,1238.0,487.0,19.1,76.1,5.0,coffee,A,72,2025-03-16,Moderate potential,Acid clays needing lime. Banana-coffee systems; rice in Huye/Gisagara marshlands.,NAEB; RAB; FAO ECOCROP
Rwanda,Southern,Nyaruguru,Clayey,clayey,74,Agricultural,1874,1621.0,687.0,19.4,85.4,4.8,cassava,B,98,2025-07-15,High potential,Acid clays needing lime. Banana-coffee systems; rice in Huye/Gisagara marshlands.,RAB; IITA; IFAD crop suitability
Rwanda,Southern,Nyaruguru,Loamy,loamy,67,Marshland,1938,1257.0,235.0,15.4,69.7,5.62,soybean,C,90,2024-07-03,High potential,Acid clays needing lime. Banana-coffee systems; rice in Huye/Gisagara marshlands.,RAB; OFRA Rwanda
Rwanda,Southern,Nyaruguru,Clayey,clayey,75,Fallow,1533,1347.0,485.0,19.2,71.4,5.92,beans,A,100,2025-06-10,High potential,Acid clays needing lime. Banana-coffee systems; rice in Huye/Gisagara marshlands.,RAB; OFRA Rwanda; NISR
Rwanda,Southern,Nyaruguru,Loamy,loamy,77,Agricultural,2171,1656.0,812.0,19.3,78.8,5.39,cassava,B,100,2023-09-30,High potential,Acid clays needing lime. Banana-coffee systems; rice in Huye/Gisagara marshlands.,RAB; IITA; IFAD crop suitability
Rwanda,Southern,Nyaruguru,Loamy,loamy,64,Agricultural,1466,1393.0,214.0,16.6,61.5,5.7,tomato,C,98,2024-12-30,High potential,Acid clays needing lime. Banana-coffee systems; rice in Huye/Gisagara marshlands.,RAB; FAO ECOCROP
Rwanda,Southern,Nyaruguru,Loamy,loamy,72,Agricultural,1612,1479.0,569.0,18.2,78.3,5.6,cassava,A,100,2024-08-22,High potential,Acid clays needing lime. Banana-coffee systems; rice in Huye/Gisagara marshlands.,RAB; IITA; IFAD crop suitability
Rwanda,Southern,Nyaruguru,Clayey,clayey,70,Agricultural,2180,1767.0,798.0,19.1,77.4,5.46,beans,B,100,2024-03-22,High potential,Acid clays needing lime. Banana-coffee systems; rice in Huye/Gisagara marshlands.,RAB; OFRA Rwanda; NISR
Rwanda,Southern,Nyaruguru,Alluvial,alluvial,61,Marshland,1766,1539.0,275.0,18.3,64.1,5.0,tomato,C,94,2024-01-10,High potential,Acid clays needing lime. Banana-coffee systems; rice in Huye/Gisagara marshlands.,RAB; FAO ECOCROP
Rwanda,Southern,Nyaruguru,Clayey,clayey,80,Agricultural,1883,1240.0,483.0,18.6,74.4,5.64,beans,A,100,2024-01-29,High potential,Acid clays needing lime. Banana-coffee systems; rice in Huye/Gisagara marshlands.,RAB; OFRA Rwanda; NISR
Rwanda,Southern,Nyaruguru,Clayey,clayey,49,Agricultural,1551,1692.0,850.0,17.9,82.5,6.4,rice,B,95,2025-03-24,High potential,Acid clays needing lime. Banana-coffee systems; rice in Huye/Gisagara marshlands.,RAB; RwaSIS; OFRA Rwanda
Rwanda,Southern,Nyaruguru,Loamy,loamy,46,Agricultural,1836,1639.0,284.0,15.8,62.1,5.53,soybean,C,92,2025-07-23,High potential,Acid clays needing lime. Banana-coffee systems; rice in Huye/Gisagara marshlands.,RAB; OFRA Rwanda
Rwanda,Southern,Nyaruguru,Alluvial,alluvial,46,Agricultural,1899,1257.0,434.0,18.4,76.5,5.91,coffee,A,71,2025-05-10,Moderate potential,Acid clays needing lime. Banana-coffee systems; rice in Huye/Gisagara marshlands.,NAEB; RAB; FAO ECOCROP
Rwanda,Southern,Nyaruguru,Alluvial,alluvial,48,Agricultural,1817,1442.0,693.0,19.9,86.4,6.11,sorghum,B,72,2024-04-11,Moderate potential,Acid clays needing lime. Banana-coffee systems; rice in Huye/Gisagara marshlands.,RAB; OFRA Rwanda; IFAD
Rwanda,Southern,Nyaruguru,Loamy,loamy,66,Agricultural,2040,1429.0,259.0,15.4,57.9,4.99,beans,C,94,2025-03-12,High potential,Acid clays needing lime. Banana-coffee systems; rice in Huye/Gisagara marshlands.,RAB; OFRA Rwanda; NISR
Rwanda,Southern,Nyaruguru,Alluvial,alluvial,66,Agricultural,1490,1295.0,548.0,19.5,81.7,6.41,sweet_potato,A,100,2024-12-30,High potential,Acid clays needing lime. Banana-coffee systems; rice in Huye/Gisagara marshlands.,RAB; CIP; FAO ECOCROP
Rwanda,Southern,Nyaruguru,Loamy,loamy,45,Homestead,2194,1728.0,734.0,20.0,74.6,5.13,rice,B,74,2024-12-23,Moderate potential,Acid clays needing lime. Banana-coffee systems; rice in Huye/Gisagara marshlands.,RAB; RwaSIS; OFRA Rwanda
Rwanda,Southern,Nyaruguru,Alluvial,alluvial,54,Fallow,1496,1697.0,311.0,15.5,61.0,4.95,beans,C,94,2025-01-04,High potential,Acid clays needing lime. Banana-coffee systems; rice in Huye/Gisagara marshlands.,RAB; OFRA Rwanda; NISR
Rwanda,Southern,Nyaruguru,Loamy,loamy,59,Agricultural,1783,1716.0,682.0,19.3,76.5,4.96,beans,A,96,2024-12-16,High potential,Acid clays needing lime. Banana-coffee systems; rice in Huye/Gisagara marshlands.,RAB; OFRA Rwanda; NISR
Rwanda,Southern,Nyaruguru,Clayey,clayey,77,Fallow,1683,1331.0,683.0,21.0,72.0,5.91,banana,B,99,2025-05-22,High potential,Acid clays needing lime. Banana-coffee systems; rice in Huye/Gisagara marshlands.,RAB; FAO ECOCROP; OFRA Rwanda
Rwanda,Southern,Nyaruguru,Loamy,loamy,56,Homestead,1892,1341.0,250.0,17.5,62.9,5.95,sweet_potato,C,97,2024-08-10,High potential,Acid clays needing lime. Banana-coffee systems; rice in Huye/Gisagara marshlands.,RAB; CIP; FAO ECOCROP
Rwanda,Southern,Nyaruguru,Alluvial,alluvial,79,Marshland,1523,1545.0,559.0,22.1,79.9,5.96,beans,A,100,2025-02-24,High potential,Acid clays needing lime. Banana-coffee systems; rice in Huye/Gisagara marshlands.,RAB; OFRA Rwanda; NISR
Rwanda,Southern,Nyaruguru,Clayey,clayey,46,Marshland,2159,1488.0,633.0,20.8,74.4,6.23,beans,B,100,2024-07-31,High potential,Acid clays needing lime. Banana-coffee systems; rice in Huye/Gisagara marshlands.,RAB; OFRA Rwanda; NISR
Rwanda,Southern,Nyaruguru,Alluvial,alluvial,65,Fallow,1847,1436.0,254.0,16.3,62.0,5.26,rice,C,80,2024-11-23,High potential,Acid clays needing lime. Banana-coffee systems; rice in Huye/Gisagara marshlands.,RAB; RwaSIS; OFRA Rwanda
Rwanda,Southern,Nyaruguru,Clayey,clayey,60,Agricultural,1993,1307.0,556.0,20.7,67.4,4.8,maize,A,94,2024-03-15,High potential,Acid clays needing lime. Banana-coffee systems; rice in Huye/Gisagara marshlands.,RAB CIP; OFRA Rwanda; FAO ECOCROP
Rwanda,Southern,Nyaruguru,Loamy,loamy,67,Agricultural,1840,1608.0,651.0,17.6,83.4,5.88,coffee,B,96,2024-08-13,High potential,Acid clays needing lime. Banana-coffee systems; rice in Huye/Gisagara marshlands.,NAEB; RAB; FAO ECOCROP
Rwanda,Southern,Nyaruguru,Alluvial,alluvial,70,Agricultural,1724,1610.0,293.0,16.2,61.9,5.06,sweet_potato,C,96,2023-09-08,High potential,Acid clays needing lime. Banana-coffee systems; rice in Huye/Gisagara marshlands.,RAB; CIP; FAO ECOCROP
Rwanda,Southern,Nyaruguru,Alluvial,alluvial,70,Agricultural,1740,1236.0,439.0,18.1,69.6,5.22,maize,A,97,2025-02-17,High potential,Acid clays needing lime. Banana-coffee systems; rice in Huye/Gisagara marshlands.,RAB CIP; OFRA Rwanda; FAO ECOCROP
Rwanda,Southern,Nyaruguru,Clayey,clayey,52,Agricultural,1625,1520.0,729.0,18.8,75.5,5.91,beans,B,100,2023-11-27,High potential,Acid clays needing lime. Banana-coffee systems; rice in Huye/Gisagara marshlands.,RAB; OFRA Rwanda; NISR
Rwanda,Southern,Nyaruguru,Loamy,loamy,65,Agricultural,1578,1376.0,238.0,15.1,67.1,5.2,soybean,C,87,2023-10-08,High potential,Acid clays needing lime. Banana-coffee systems; rice in Huye/Gisagara marshlands.,RAB; OFRA Rwanda
Rwanda,Southern,Nyaruguru,Clayey,clayey,58,Marshland,1775,1458.0,560.0,18.6,71.2,5.87,banana,A,97,2024-04-21,High potential,Acid clays needing lime. Banana-coffee systems; rice in Huye/Gisagara marshlands.,RAB; FAO ECOCROP; OFRA Rwanda
Rwanda,Southern,Nyaruguru,Alluvial,alluvial,80,Agricultural,2125,1592.0,665.0,19.4,84.2,5.06,beans,B,96,2025-01-19,High potential,Acid clays needing lime. Banana-coffee systems; rice in Huye/Gisagara marshlands.,RAB; OFRA Rwanda; NISR
Rwanda,Southern,Nyaruguru,Clayey,clayey,78,Fallow,1863,1561.0,273.0,18.3,58.6,5.62,sweet_potato,C,75,2025-06-19,Moderate potential,Acid clays needing lime. Banana-coffee systems; rice in Huye/Gisagara marshlands.,RAB; CIP; FAO ECOCROP
Rwanda,Southern,Nyaruguru,Clayey,clayey,71,Fallow,2000,1413.0,493.0,18.4,73.3,4.94,cassava,A,98,2023-11-11,High potential,Acid clays needing lime. Banana-coffee systems; rice in Huye/Gisagara marshlands.,RAB; IITA; IFAD crop suitability
Rwanda,Southern,Nyaruguru,Alluvial,alluvial,52,Agricultural,1582,1621.0,716.0,21.0,81.9,6.02,rice,B,99,2024-12-12,High potential,Acid clays needing lime. Banana-coffee systems; rice in Huye/Gisagara marshlands.,RAB; RwaSIS; OFRA Rwanda
Rwanda,Southern,Nyaruguru,Alluvial,alluvial,45,Fallow,1598,1586.0,289.0,17.7,65.5,6.41,beans,C,99,2024-11-25,High potential,Acid clays needing lime. Banana-coffee systems; rice in Huye/Gisagara marshlands.,RAB; OFRA Rwanda; NISR
Rwanda,Southern,Nyaruguru,Alluvial,alluvial,58,Agricultural,2065,1543.0,586.0,18.7,83.1,6.36,banana,A,97,2025-02-13,High potential,Acid clays needing lime. Banana-coffee systems; rice in Huye/Gisagara marshlands.,RAB; FAO ECOCROP; OFRA Rwanda
Rwanda,Southern,Nyaruguru,Clayey,clayey,54,Agricultural,1804,1425.0,560.0,21.8,82.5,6.43,cassava,B,100,2024-08-09,High potential,Acid clays needing lime. Banana-coffee systems; rice in Huye/Gisagara marshlands.,RAB; IITA; IFAD crop suitability
Rwanda,Southern,Nyaruguru,Clayey,clayey,55,Agricultural,1975,1365.0,260.0,17.9,62.5,6.11,rice,C,87,2024-11-30,High potential,Acid clays needing lime. Banana-coffee systems; rice in Huye/Gisagara marshlands.,RAB; RwaSIS; OFRA Rwanda
Rwanda,Southern,Nyaruguru,Loamy,loamy,70,Agricultural,2098,1678.0,684.0,19.5,78.1,6.1,sweet_potato,A,100,2024-06-23,High potential,Acid clays needing lime. Banana-coffee systems; rice in Huye/Gisagara marshlands.,RAB; CIP; FAO ECOCROP
Rwanda,Southern,Nyaruguru,Clayey,clayey,56,Agricultural,1625,1484.0,601.0,18.2,85.1,6.21,rice,B,93,2024-09-27,High potential,Acid clays needing lime. Banana-coffee systems; rice in Huye/Gisagara marshlands.,RAB; RwaSIS; OFRA Rwanda
Rwanda,Southern,Nyaruguru,Alluvial,alluvial,60,Agricultural,1637,1484.0,220.0,15.5,69.8,5.39,rice,C,81,2023-11-11,High potential,Acid clays needing lime. Banana-coffee systems; rice in Huye/Gisagara marshlands.,RAB; RwaSIS; OFRA Rwanda
Rwanda,Southern,Nyaruguru,Clayey,clayey,57,Agricultural,1650,1661.0,680.0,19.5,72.3,5.71,sweet_potato,A,78,2023-12-12,Moderate potential,Acid clays needing lime. Banana-coffee systems; rice in Huye/Gisagara marshlands.,RAB; CIP; FAO ECOCROP
Rwanda,Southern,Nyaruguru,Clayey,clayey,55,Agricultural,1405,1320.0,674.0,19.5,74.5,5.32,coffee,B,96,2024-06-02,High potential,Acid clays needing lime. Banana-coffee systems; rice in Huye/Gisagara marshlands.,NAEB; RAB; FAO ECOCROP
Rwanda,Southern,Nyaruguru,Loamy,loamy,57,Agricultural,1603,1365.0,223.0,18.2,55.0,5.84,tomato,C,98,2023-11-27,High potential,Acid clays needing lime. Banana-coffee systems; rice in Huye/Gisagara marshlands.,RAB; FAO ECOCROP
Rwanda,Southern,Nyaruguru,Loamy,loamy,76,Agricultural,1650,1495.0,617.0,19.5,78.7,6.37,coffee,A,95,2023-09-17,High potential,Acid clays needing lime. Banana-coffee systems; rice in Huye/Gisagara marshlands.,NAEB; RAB; FAO ECOCROP
Rwanda,Southern,Nyaruguru,Clayey,clayey,75,Agricultural,1550,1660.0,848.0,17.7,78.3,4.85,beans,B,95,2025-03-13,High potential,Acid clays needing lime. Banana-coffee systems; rice in Huye/Gisagara marshlands.,RAB; OFRA Rwanda; NISR
Rwanda,Southern,Nyaruguru,Alluvial,alluvial,76,Agricultural,1942,1316.0,248.0,16.4,61.3,5.37,soybean,C,92,2024-01-18,High potential,Acid clays needing lime. Banana-coffee systems; rice in Huye/Gisagara marshlands.,RAB; OFRA Rwanda
Rwanda,Southern,Nyaruguru,Alluvial,alluvial,58,Agricultural,1692,1316.0,567.0,20.5,82.8,5.74,sweet_potato,A,100,2025-02-12,High potential,Acid clays needing lime. Banana-coffee systems; rice in Huye/Gisagara marshlands.,RAB; CIP; FAO ECOCROP
Rwanda,Southern,Nyaruguru,Alluvial,alluvial,70,Agricultural,1819,1349.0,536.0,18.1,81.8,5.19,sorghum,B,72,2023-11-21,Moderate potential,Acid clays needing lime. Banana-coffee systems; rice in Huye/Gisagara marshlands.,RAB; OFRA Rwanda; IFAD
Rwanda,Southern,Nyaruguru,Loamy,loamy,68,Agricultural,1544,1342.0,256.0,17.7,58.4,6.43,soybean,C,96,2024-07-04,High potential,Acid clays needing lime. Banana-coffee systems; rice in Huye/Gisagara marshlands.,RAB; OFRA Rwanda
Rwanda,Southern,Nyaruguru,Alluvial,alluvial,50,Marshland,2131,1533.0,636.0,18.4,71.6,5.24,banana,A,96,2025-06-15,High potential,Acid clays needing lime. Banana-coffee systems; rice in Huye/Gisagara marshlands.,RAB; FAO ECOCROP; OFRA Rwanda
Rwanda,Southern,Nyaruguru,Clayey,clayey,46,Homestead,1628,1763.0,838.0,20.1,84.1,5.96,rice,B,100,2024-10-03,High potential,Acid clays needing lime. Banana-coffee systems; rice in Huye/Gisagara marshlands.,RAB; RwaSIS; OFRA Rwanda
Rwanda,Southern,Nyaruguru,Clayey,clayey,71,Agricultural,2001,1137.0,199.0,15.7,59.3,6.16,sweet_potato,C,73,2025-06-25,Moderate potential,Acid clays needing lime. Banana-coffee systems; rice in Huye/Gisagara marshlands.,RAB; CIP; FAO ECOCROP
Rwanda,Southern,Nyaruguru,Clayey,clayey,56,Agricultural,1850,1620.0,612.0,18.5,67.6,5.78,beans,A,100,2025-07-13,High potential,Acid clays needing lime. Banana-coffee systems; rice in Huye/Gisagara marshlands.,RAB; OFRA Rwanda; NISR
Rwanda,Southern,Nyaruguru,Loamy,loamy,55,Agricultural,1830,1445.0,664.0,18.4,78.7,5.7,cassava,B,100,2025-06-27,High potential,Acid clays needing lime. Banana-coffee systems; rice in Huye/Gisagara marshlands.,RAB; IITA; IFAD crop suitability
Rwanda,Southern,Nyamagabe,Loamy,loamy,63,Agricultural,1966,1501.0,520.0,19.0,67.7,4.8,coffee,A,92,2025-03-17,High potential,Acid clays needing lime. Banana-coffee systems; rice in Huye/Gisagara marshlands.,NAEB; RAB; FAO ECOCROP
Rwanda,Southern,Nyamagabe,Alluvial,alluvial,60,Agricultural,1837,1412.0,638.0,19.4,82.3,6.2,coffee,B,73,2024-06-30,Moderate potential,Acid clays needing lime. Banana-coffee systems; rice in Huye/Gisagara marshlands.,NAEB; RAB; FAO ECOCROP
Rwanda,Southern,Nyamagabe,Alluvial,alluvial,66,Fallow,1740,1558.0,293.0,16.8,67.9,5.11,rice,C,83,2024-10-27,High potential,Acid clays needing lime. Banana-coffee systems; rice in Huye/Gisagara marshlands.,RAB; RwaSIS; OFRA Rwanda
Rwanda,Southern,Nyamagabe,Loamy,loamy,75,Agricultural,1848,1726.0,666.0,17.6,63.5,6.3,beans,A,100,2025-05-01,High potential,Acid clays needing lime. Banana-coffee systems; rice in Huye/Gisagara marshlands.,RAB; OFRA Rwanda; NISR
Rwanda,Southern,Nyamagabe,Clayey,clayey,72,Agricultural,1961,1316.0,648.0,20.2,81.1,5.09,banana,B,95,2024-04-12,High potential,Acid clays needing lime. Banana-coffee systems; rice in Huye/Gisagara marshlands.,RAB; FAO ECOCROP; OFRA Rwanda
Rwanda,Southern,Nyamagabe,Clayey,clayey,51,Fallow,1920,1271.0,236.0,17.0,68.6,4.94,rice,C,81,2025-05-14,High potential,Acid clays needing lime. Banana-coffee systems; rice in Huye/Gisagara marshlands.,RAB; RwaSIS; OFRA Rwanda
Rwanda,Southern,Nyamagabe,Clayey,clayey,47,Fallow,2074,1582.0,543.0,20.1,74.2,6.19,beans,A,100,2024-01-25,High potential,Acid clays needing lime. Banana-coffee systems; rice in Huye/Gisagara marshlands.,RAB; OFRA Rwanda; NISR
Rwanda,Southern,Nyamagabe,Clayey,clayey,47,Fallow,1509,1325.0,674.0,19.9,78.3,5.96,sorghum,B,98,2023-10-06,High potential,Acid clays needing lime. Banana-coffee systems; rice in Huye/Gisagara marshlands.,RAB; OFRA Rwanda; IFAD
Rwanda,Southern,Nyamagabe,Alluvial,alluvial,56,Agricultural,1434,1561.0,262.0,16.3,58.2,5.67,tomato,C,98,2024-08-30,High potential,Acid clays needing lime. Banana-coffee systems; rice in Huye/Gisagara marshlands.,RAB; FAO ECOCROP
Rwanda,Southern,Nyamagabe,Alluvial,alluvial,55,Agricultural,2056,1465.0,544.0,19.3,74.5,5.07,cassava,A,77,2025-07-05,Moderate potential,Acid clays needing lime. Banana-coffee systems; rice in Huye/Gisagara marshlands.,RAB; IITA; IFAD crop suitability
Rwanda,Southern,Nyamagabe,Loamy,loamy,50,Agricultural,1816,1505.0,753.0,20.5,84.9,6.09,sorghum,B,95,2025-06-08,High potential,Acid clays needing lime. Banana-coffee systems; rice in Huye/Gisagara marshlands.,RAB; OFRA Rwanda; IFAD
Rwanda,Southern,Nyamagabe,Clayey,clayey,79,Agricultural,1924,1693.0,252.0,17.6,61.5,6.5,sweet_potato,C,75,2025-01-05,Moderate potential,Acid clays needing lime. Banana-coffee systems; rice in Huye/Gisagara marshlands.,RAB; CIP; FAO ECOCROP
Rwanda,Southern,Nyamagabe,Loamy,loamy,52,Agricultural,1513,1577.0,545.0,18.0,76.3,5.84,beans,A,100,2023-11-10,High potential,Acid clays needing lime. Banana-coffee systems; rice in Huye/Gisagara marshlands.,RAB; OFRA Rwanda; NISR
Rwanda,Southern,Nyamagabe,Loamy,loamy,67,Agricultural,2119,1430.0,727.0,19.1,85.2,6.12,coffee,B,97,2025-02-03,High potential,Acid clays needing lime. Banana-coffee systems; rice in Huye/Gisagara marshlands.,NAEB; RAB; FAO ECOCROP
Rwanda,Southern,Nyamagabe,Clayey,clayey,48,Agricultural,1407,1240.0,222.0,16.4,62.0,5.34,sweet_potato,C,75,2024-05-17,Moderate potential,Acid clays needing lime. Banana-coffee systems; rice in Huye/Gisagara marshlands.,RAB; CIP; FAO ECOCROP
Rwanda,Southern,Nyamagabe,Clayey,clayey,60,Homestead,1928,1435.0,467.0,18.5,70.5,5.64,beans,A,100,2024-03-12,High potential,Acid clays needing lime. Banana-coffee systems; rice in Huye/Gisagara marshlands.,RAB; OFRA Rwanda; NISR
Rwanda,Southern,Nyamagabe,Alluvial,alluvial,78,Homestead,1650,1465.0,743.0,19.7,80.4,5.14,coffee,B,75,2024-03-03,Moderate potential,Acid clays needing lime. Banana-coffee systems; rice in Huye/Gisagara marshlands.,NAEB; RAB; FAO ECOCROP
Rwanda,Southern,Nyamagabe,Alluvial,alluvial,56,Homestead,1619,1411.0,224.0,17.0,61.2,5.43,tomato,C,97,2024-11-23,High potential,Acid clays needing lime. Banana-coffee systems; rice in Huye/Gisagara marshlands.,RAB; FAO ECOCROP
Rwanda,Southern,Nyamagabe,Loamy,loamy,45,Fallow,1680,1333.0,476.0,19.2,77.6,4.89,sweet_potato,A,97,2024-03-02,High potential,Acid clays needing lime. Banana-coffee systems; rice in Huye/Gisagara marshlands.,RAB; CIP; FAO ECOCROP
Rwanda,Southern,Nyamagabe,Alluvial,alluvial,75,Marshland,1891,1443.0,625.0,16.9,84.8,5.91,cassava,B,75,2024-08-09,Moderate potential,Acid clays needing lime. Banana-coffee systems; rice in Huye/Gisagara marshlands.,RAB; IITA; IFAD crop suitability
Rwanda,Southern,Nyamagabe,Alluvial,alluvial,75,Agricultural,1837,1193.0,198.0,14.6,56.7,5.79,rice,C,75,2024-11-08,Moderate potential,Acid clays needing lime. Banana-coffee systems; rice in Huye/Gisagara marshlands.,RAB; RwaSIS; OFRA Rwanda
Rwanda,Southern,Nyamagabe,Alluvial,alluvial,54,Agricultural,1408,1495.0,534.0,19.3,72.7,5.32,sweet_potato,A,100,2024-05-29,High potential,Acid clays needing lime. Banana-coffee systems; rice in Huye/Gisagara marshlands.,RAB; CIP; FAO ECOCROP
Rwanda,Southern,Nyamagabe,Loamy,loamy,62,Agricultural,1783,1672.0,759.0,19.1,80.2,5.91,beans,B,100,2024-12-14,High potential,Acid clays needing lime. Banana-coffee systems; rice in Huye/Gisagara marshlands.,RAB; OFRA Rwanda; NISR
Rwanda,Southern,Nyamagabe,Alluvial,alluvial,49,Agricultural,2045,1474.0,266.0,19.3,65.2,5.02,tomato,C,94,2024-04-16,High potential,Acid clays needing lime. Banana-coffee systems; rice in Huye/Gisagara marshlands.,RAB; FAO ECOCROP
Rwanda,Southern,Nyamagabe,Clayey,clayey,60,Agricultural,1535,1364.0,570.0,18.7,75.1,6.34,maize,A,100,2023-09-19,High potential,Acid clays needing lime. Banana-coffee systems; rice in Huye/Gisagara marshlands.,RAB CIP; OFRA Rwanda; FAO ECOCROP
Rwanda,Southern,Nyamagabe,Loamy,loamy,78,Agricultural,1913,1473.0,608.0,20.1,79.9,6.21,banana,B,98,2024-01-14,High potential,Acid clays needing lime. Banana-coffee systems; rice in Huye/Gisagara marshlands.,RAB; FAO ECOCROP; OFRA Rwanda
Rwanda,Southern,Nyamagabe,Loamy,loamy,79,Agricultural,1781,1358.0,247.0,18.5,62.0,5.15,sweet_potato,C,96,2025-04-17,High potential,Acid clays needing lime. Banana-coffee systems; rice in Huye/Gisagara marshlands.,RAB; CIP; FAO ECOCROP
Rwanda,Southern,Nyamagabe,Clayey,clayey,73,Agricultural,2070,1419.0,500.0,19.3,75.6,6.32,coffee,A,94,2023-12-12,High potential,Acid clays needing lime. Banana-coffee systems; rice in Huye/Gisagara marshlands.,NAEB; RAB; FAO ECOCROP
Rwanda,Southern,Nyamagabe,Clayey,clayey,78,Agricultural,2026,1781.0,748.0,19.4,84.6,5.44,coffee,B,97,2024-01-10,High potential,Acid clays needing lime. Banana-coffee systems; rice in Huye/Gisagara marshlands.,NAEB; RAB; FAO ECOCROP
Rwanda,Southern,Nyamagabe,Alluvial,alluvial,63,Agricultural,1470,1451.0,237.0,16.6,67.6,6.18,sweet_potato,C,97,2025-03-30,High potential,Acid clays needing lime. Banana-coffee systems; rice in Huye/Gisagara marshlands.,RAB; CIP; FAO ECOCROP
Rwanda,Southern,Nyamagabe,Clayey,clayey,61,Agricultural,1700,1560.0,679.0,18.5,79.1,5.65,sweet_potato,A,78,2025-02-16,Moderate potential,Acid clays needing lime. Banana-coffee systems; rice in Huye/Gisagara marshlands.,RAB; CIP; FAO ECOCROP
Rwanda,Southern,Nyamagabe,Loamy,loamy,64,Marshland,1779,1437.0,704.0,18.8,82.9,6.48,beans,B,100,2024-02-25,High potential,Acid clays needing lime. Banana-coffee systems; rice in Huye/Gisagara marshlands.,RAB; OFRA Rwanda; NISR
Rwanda,Southern,Nyamagabe,Clayey,clayey,74,Agricultural,1839,1443.0,229.0,16.6,71.0,5.16,soybean,C,90,2025-05-08,High potential,Acid clays needing lime. Banana-coffee systems; rice in Huye/Gisagara marshlands.,RAB; OFRA Rwanda
Rwanda,Southern,Nyamagabe,Loamy,loamy,50,Agricultural,1599,1310.0,515.0,18.5,74.2,5.79,maize,A,100,2024-09-11,High potential,Acid clays needing lime. Banana-coffee systems; rice in Huye/Gisagara marshlands.,RAB CIP; OFRA Rwanda; FAO ECOCROP
Rwanda,Southern,Nyamagabe,Loamy,loamy,78,Agricultural,1558,1663.0,744.0,20.3,78.9,5.67,beans,B,100,2025-01-17,High potential,Acid clays needing lime. Banana-coffee systems; rice in Huye/Gisagara marshlands.,RAB; OFRA Rwanda; NISR
Rwanda,Southern,Nyamagabe,Clayey,clayey,46,Homestead,2074,1638.0,261.0,16.0,63.1,5.08,rice,C,79,2024-06-13,Moderate potential,Acid clays needing lime. Banana-coffee systems; rice in Huye/Gisagara marshlands.,RAB; RwaSIS; OFRA Rwanda
Rwanda,Southern,Nyamagabe,Loamy,loamy,58,Agricultural,2142,1500.0,543.0,21.1,65.7,6.32,coffee,A,94,2024-08-08,High potential,Acid clays needing lime. Banana-coffee systems; rice in Huye/Gisagara marshlands.,NAEB; RAB; FAO ECOCROP
Rwanda,Southern,Nyamagabe,Alluvial,alluvial,62,Agricultural,1590,1416.0,687.0,20.3,84.8,6.45,cassava,B,78,2025-04-12,Moderate potential,Acid clays needing lime. Banana-coffee systems; rice in Huye/Gisagara marshlands.,RAB; IITA; IFAD crop suitability
Rwanda,Southern,Nyamagabe,Clayey,clayey,80,Fallow,1807,1226.0,200.0,17.2,62.3,4.91,soybean,C,90,2024-09-25,High potential,Acid clays needing lime. Banana-coffee systems; rice in Huye/Gisagara marshlands.,RAB; OFRA Rwanda
Rwanda,Southern,Nyamagabe,Clayey,clayey,50,Agricultural,1846,1277.0,505.0,19.3,74.5,6.03,coffee,A,94,2025-01-05,High potential,Acid clays needing lime. Banana-coffee systems; rice in Huye/Gisagara marshlands.,NAEB; RAB; FAO ECOCROP
Rwanda,Southern,Nyamagabe,Alluvial,alluvial,54,Agricultural,2093,1327.0,515.0,20.4,77.5,6.13,beans,B,100,2023-11-16,High potential,Acid clays needing lime. Banana-coffee systems; rice in Huye/Gisagara marshlands.,RAB; OFRA Rwanda; NISR
Rwanda,Southern,Nyamagabe,Loamy,loamy,80,Agricultural,1988,1714.0,292.0,16.3,58.6,6.3,sweet_potato,C,97,2025-01-08,High potential,Acid clays needing lime. Banana-coffee systems; rice in Huye/Gisagara marshlands.,RAB; CIP; FAO ECOCROP
Rwanda,Southern,Nyamagabe,Clayey,clayey,62,Agricultural,1964,1415.0,486.0,19.1,65.8,6.24,sweet_potato,A,78,2025-02-02,Moderate potential,Acid clays needing lime. Banana-coffee systems; rice in Huye/Gisagara marshlands.,RAB; CIP; FAO ECOCROP
Rwanda,Southern,Nyamagabe,Alluvial,alluvial,49,Agricultural,1562,1380.0,580.0,21.1,80.0,4.84,cassava,B,76,2025-04-21,Moderate potential,Acid clays needing lime. Banana-coffee systems; rice in Huye/Gisagara marshlands.,RAB; IITA; IFAD crop suitability
Rwanda,Southern,Nyamagabe,Loamy,loamy,56,Agricultural,1898,1404.0,248.0,18.4,60.3,6.3,rice,C,65,2023-10-02,Moderate potential,Acid clays needing lime. Banana-coffee systems; rice in Huye/Gisagara marshlands.,RAB; RwaSIS; OFRA Rwanda
Rwanda,Southern,Nyamagabe,Clayey,clayey,61,Agricultural,1973,1253.0,505.0,18.4,73.3,5.25,coffee,A,94,2024-09-14,High potential,Acid clays needing lime. Banana-coffee systems; rice in Huye/Gisagara marshlands.,NAEB; RAB; FAO ECOCROP
Rwanda,Southern,Nyamagabe,Clayey,clayey,50,Marshland,2185,1270.0,582.0,19.1,78.6,5.48,cassava,B,100,2024-05-20,High potential,Acid clays needing lime. Banana-coffee systems; rice in Huye/Gisagara marshlands.,RAB; IITA; IFAD crop suitability
Rwanda,Southern,Nyamagabe,Clayey,clayey,60,Agricultural,1889,1448.0,257.0,17.9,57.6,5.41,rice,C,84,2025-01-06,High potential,Acid clays needing lime. Banana-coffee systems; rice in Huye/Gisagara marshlands.,RAB; RwaSIS; OFRA Rwanda
Rwanda,Southern,Nyamagabe,Alluvial,alluvial,76,Marshland,1470,1642.0,683.0,18.4,76.4,5.63,coffee,A,74,2023-09-29,Moderate potential,Acid clays needing lime. Banana-coffee systems; rice in Huye/Gisagara marshlands.,NAEB; RAB; FAO ECOCROP
Rwanda,Southern,Nyamagabe,Loamy,loamy,52,Agricultural,1511,1370.0,569.0,19.3,75.6,5.67,banana,B,97,2024-12-11,High potential,Acid clays needing lime. Banana-coffee systems; rice in Huye/Gisagara marshlands.,RAB; FAO ECOCROP; OFRA Rwanda
Rwanda,Southern,Nyamagabe,Alluvial,alluvial,54,Agricultural,1695,1507.0,288.0,16.2,70.1,4.99,tomato,C,95,2024-02-28,High potential,Acid clays needing lime. Banana-coffee systems; rice in Huye/Gisagara marshlands.,RAB; FAO ECOCROP
Rwanda,Southern,Nyamagabe,Clayey,clayey,74,Agricultural,1815,1439.0,509.0,19.1,74.5,5.84,sweet_potato,A,78,2024-05-07,Moderate potential,Acid clays needing lime. Banana-coffee systems; rice in Huye/Gisagara marshlands.,RAB; CIP; FAO ECOCROP
Rwanda,Southern,Nyamagabe,Loamy,loamy,69,Agricultural,2037,1428.0,686.0,18.5,83.4,5.07,beans,B,97,2023-11-01,High potential,Acid clays needing lime. Banana-coffee systems; rice in Huye/Gisagara marshlands.,RAB; OFRA Rwanda; NISR
Rwanda,Southern,Nyamagabe,Alluvial,alluvial,76,Agricultural,1761,1319.0,254.0,16.0,60.1,5.44,rice,C,80,2023-10-26,High potential,Acid clays needing lime. Banana-coffee systems; rice in Huye/Gisagara marshlands.,RAB; RwaSIS; OFRA Rwanda
Rwanda,Southern,Nyamagabe,Loamy,loamy,65,Agricultural,1833,1419.0,534.0,16.9,73.3,5.89,sweet_potato,A,100,2025-07-28,High potential,Acid clays needing lime. Banana-coffee systems; rice in Huye/Gisagara marshlands.,RAB; CIP; FAO ECOCROP
Rwanda,Southern,Nyamagabe,Alluvial,alluvial,61,Agricultural,1516,1369.0,575.0,19.6,87.2,5.87,banana,B,97,2024-05-18,High potential,Acid clays needing lime. Banana-coffee systems; rice in Huye/Gisagara marshlands.,RAB; FAO ECOCROP; OFRA Rwanda
Rwanda,Southern,Nyamagabe,Loamy,loamy,62,Marshland,2101,1560.0,298.0,16.8,63.2,5.13,rice,C,60,2025-07-29,Moderate potential,Acid clays needing lime. Banana-coffee systems; rice in Huye/Gisagara marshlands.,RAB; RwaSIS; OFRA Rwanda
Rwanda,Southern,Nyamagabe,Loamy,loamy,64,Marshland,1665,1445.0,622.0,19.4,87.8,5.99,beans,A,99,2025-07-08,High potential,Acid clays needing lime. Banana-coffee systems; rice in Huye/Gisagara marshlands.,RAB; OFRA Rwanda; NISR
Rwanda,Southern,Nyamagabe,Alluvial,alluvial,78,Homestead,1482,1756.0,690.0,20.5,78.9,5.79,sorghum,B,76,2024-12-28,Moderate potential,Acid clays needing lime. Banana-coffee systems; rice in Huye/Gisagara marshlands.,RAB; OFRA Rwanda; IFAD
Rwanda,Southern,Nyamagabe,Loamy,loamy,65,Agricultural,1849,1375.0,241.0,15.4,60.9,5.65,soybean,C,90,2024-02-24,High potential,Acid clays needing lime. Banana-coffee systems; rice in Huye/Gisagara marshlands.,RAB; OFRA Rwanda
Rwanda,Southern,Nyamagabe,Loamy,loamy,72,Fallow,2141,1630.0,586.0,21.3,75.9,4.86,sweet_potato,A,97,2023-11-01,High potential,Acid clays needing lime. Banana-coffee systems; rice in Huye/Gisagara marshlands.,RAB; CIP; FAO ECOCROP
Rwanda,Southern,Nyamagabe,Alluvial,alluvial,69,Homestead,1690,1847.0,951.0,19.9,81.4,5.04,beans,B,96,2024-08-10,High potential,Acid clays needing lime. Banana-coffee systems; rice in Huye/Gisagara marshlands.,RAB; OFRA Rwanda; NISR
Rwanda,Southern,Nyamagabe,Alluvial,alluvial,45,Agricultural,1528,1220.0,230.0,17.5,63.4,4.8,beans,C,92,2024-08-03,High potential,Acid clays needing lime. Banana-coffee systems; rice in Huye/Gisagara marshlands.,RAB; OFRA Rwanda; NISR
Rwanda,Southern,Nyamagabe,Loamy,loamy,57,Agricultural,1429,1371.0,544.0,19.4,77.6,5.75,banana,A,97,2024-06-28,High potential,Acid clays needing lime. Banana-coffee systems; rice in Huye/Gisagara marshlands.,RAB; FAO ECOCROP; OFRA Rwanda
Rwanda,Southern,Nyamagabe,Alluvial,alluvial,71,Agricultural,1751,1506.0,676.0,18.2,72.8,5.57,rice,B,94,2025-04-07,High potential,Acid clays needing lime. Banana-coffee systems; rice in Huye/Gisagara marshlands.,RAB; RwaSIS; OFRA Rwanda
Rwanda,Southern,Nyamagabe,Alluvial,alluvial,49,Agricultural,2053,1479.0,284.0,17.4,68.7,6.39,soybean,C,96,2025-04-15,High potential,Acid clays needing lime. Banana-coffee systems; rice in Huye/Gisagara marshlands.,RAB; OFRA Rwanda
Rwanda,Southern,Nyamagabe,Alluvial,alluvial,66,Fallow,1642,1330.0,567.0,18.7,75.0,5.92,cassava,A,78,2025-06-15,Moderate potential,Acid clays needing lime. Banana-coffee systems; rice in Huye/Gisagara marshlands.,RAB; IITA; IFAD crop suitability
Rwanda,Southern,Nyamagabe,Loamy,loamy,77,Agricultural,1753,1608.0,781.0,19.4,76.7,5.91,rice,B,76,2024-03-11,Moderate potential,Acid clays needing lime. Banana-coffee systems; rice in Huye/Gisagara marshlands.,RAB; RwaSIS; OFRA Rwanda
Rwanda,Southern,Nyamagabe,Clayey,clayey,59,Agricultural,2099,1419.0,234.0,17.9,57.0,5.39,tomato,C,75,2023-11-15,Moderate potential,Acid clays needing lime. Banana-coffee systems; rice in Huye/Gisagara marshlands.,RAB; FAO ECOCROP
Rwanda,Southern,Nyamagabe,Alluvial,alluvial,55,Agricultural,2020,1332.0,469.0,18.7,76.7,4.98,cassava,A,76,2023-12-22,Moderate potential,Acid clays needing lime. Banana-coffee systems; rice in Huye/Gisagara marshlands.,RAB; IITA; IFAD crop suitability
Rwanda,Southern,Nyamagabe,Alluvial,alluvial,73,Agricultural,2011,1637.0,713.0,20.0,83.2,5.22,beans,B,98,2025-02-25,High potential,Acid clays needing lime. Banana-coffee systems; rice in Huye/Gisagara marshlands.,RAB; OFRA Rwanda; NISR
Rwanda,Southern,Nyamagabe,Clayey,clayey,73,Agricultural,1593,1287.0,217.0,16.8,57.5,5.47,sweet_potato,C,74,2024-10-06,Moderate potential,Acid clays needing lime. Banana-coffee systems; rice in Huye/Gisagara marshlands.,RAB; CIP; FAO ECOCROP
Rwanda,Southern,Nyamagabe,Loamy,loamy,64,Agricultural,1445,1482.0,641.0,17.9,77.3,5.97,banana,A,98,2024-02-09,High potential,Acid clays needing lime. Banana-coffee systems; rice in Huye/Gisagara marshlands.,RAB; FAO ECOCROP; OFRA Rwanda
Rwanda,Southern,Nyamagabe,Alluvial,alluvial,56,Agricultural,2113,1316.0,554.0,21.2,84.3,5.71,beans,B,100,2024-03-01,High potential,Acid clays needing lime. Banana-coffee systems; rice in Huye/Gisagara marshlands.,RAB; OFRA Rwanda; NISR
Rwanda,Southern,Nyamagabe,Alluvial,alluvial,64,Agricultural,1460,1239.0,202.0,14.8,59.9,5.15,rice,C,74,2024-05-26,Moderate potential,Acid clays needing lime. Banana-coffee systems; rice in Huye/Gisagara marshlands.,RAB; RwaSIS; OFRA Rwanda
Rwanda,Southern,Nyamagabe,Alluvial,alluvial,80,Agricultural,1851,1317.0,427.0,18.3,79.2,5.7,coffee,A,71,2025-04-25,Moderate potential,Acid clays needing lime. Banana-coffee systems; rice in Huye/Gisagara marshlands.,NAEB; RAB; FAO ECOCROP
Rwanda,Southern,Nyamagabe,Clayey,clayey,62,Agricultural,1753,1540.0,685.0,20.5,79.5,5.43,cassava,B,100,2025-05-23,High potential,Acid clays needing lime. Banana-coffee systems; rice in Huye/Gisagara marshlands.,RAB; IITA; IFAD crop suitability
Rwanda,Southern,Nyamagabe,Alluvial,alluvial,60,Agricultural,1630,1140.0,174.0,17.0,62.8,5.97,soybean,C,93,2025-03-26,High potential,Acid clays needing lime. Banana-coffee systems; rice in Huye/Gisagara marshlands.,RAB; OFRA Rwanda
Rwanda,Southern,Nyamagabe,Alluvial,alluvial,73,Agricultural,2117,1384.0,470.0,21.1,77.6,5.06,banana,A,92,2024-03-08,High potential,Acid clays needing lime. Banana-coffee systems; rice in Huye/Gisagara marshlands.,RAB; FAO ECOCROP; OFRA Rwanda
Rwanda,Southern,Nyamagabe,Clayey,clayey,64,Agricultural,1748,1700.0,846.0,20.2,76.6,4.94,banana,B,96,2025-04-24,High potential,Acid clays needing lime. Banana-coffee systems; rice in Huye/Gisagara marshlands.,RAB; FAO ECOCROP; OFRA Rwanda
Rwanda,Southern,Nyamagabe,Clayey,clayey,49,Marshland,1546,1658.0,272.0,15.1,58.1,5.19,tomato,C,72,2024-05-22,Moderate potential,Acid clays needing lime. Banana-coffee systems; rice in Huye/Gisagara marshlands.,RAB; FAO ECOCROP
Rwanda,Southern,Nyamagabe,Alluvial,alluvial,80,Agricultural,1624,1321.0,452.0,19.4,75.1,5.61,coffee,A,71,2025-02-19,Moderate potential,Acid clays needing lime. Banana-coffee systems; rice in Huye/Gisagara marshlands.,NAEB; RAB; FAO ECOCROP
Rwanda,Southern,Nyamagabe,Alluvial,alluvial,69,Agricultural,1715,1754.0,845.0,20.2,76.2,5.46,banana,B,100,2024-01-08,High potential,Acid clays needing lime. Banana-coffee systems; rice in Huye/Gisagara marshlands.,RAB; FAO ECOCROP; OFRA Rwanda
Rwanda,Southern,Nyamagabe,Alluvial,alluvial,72,Homestead,1668,1291.0,196.0,16.4,62.9,4.87,tomato,C,92,2025-02-06,High potential,Acid clays needing lime. Banana-coffee systems; rice in Huye/Gisagara marshlands.,RAB; FAO ECOCROP
Rwanda,Southern,Nyamagabe,Alluvial,alluvial,64,Agricultural,1790,1327.0,438.0,20.0,77.9,5.79,coffee,A,71,2025-07-23,Moderate potential,Acid clays needing lime. Banana-coffee systems; rice in Huye/Gisagara marshlands.,NAEB; RAB; FAO ECOCROP
Rwanda,Southern,Nyamagabe,Loamy,loamy,65,Homestead,2132,1465.0,696.0,20.4,77.3,5.26,banana,B,97,2023-09-14,High potential,Acid clays needing lime. Banana-coffee systems; rice in Huye/Gisagara marshlands.,RAB; FAO ECOCROP; OFRA Rwanda
Rwanda,Southern,Nyamagabe,Alluvial,alluvial,73,Agricultural,1806,1412.0,218.0,15.4,64.6,6.43,sweet_potato,C,95,2025-06-26,High potential,Acid clays needing lime. Banana-coffee systems; rice in Huye/Gisagara marshlands.,RAB; CIP; FAO ECOCROP
Rwanda,Southern,Nyamagabe,Alluvial,alluvial,61,Marshland,1436,1279.0,437.0,18.8,72.6,6.45,coffee,A,71,2024-11-10,Moderate potential,Acid clays needing lime. Banana-coffee systems; rice in Huye/Gisagara marshlands.,NAEB; RAB; FAO ECOCROP
Rwanda,Southern,Nyamagabe,Clayey,clayey,59,Marshland,1436,1617.0,754.0,19.0,70.6,4.86,coffee,B,96,2024-12-27,High potential,Acid clays needing lime. Banana-coffee systems; rice in Huye/Gisagara marshlands.,NAEB; RAB; FAO ECOCROP
Rwanda,Southern,Nyamagabe,Alluvial,alluvial,45,Agricultural,2138,1516.0,277.0,17.2,61.0,4.88,rice,C,80,2024-09-27,High potential,Acid clays needing lime. Banana-coffee systems; rice in Huye/Gisagara marshlands.,RAB; RwaSIS; OFRA Rwanda
Rwanda,Southern,Nyamagabe,Loamy,loamy,60,Marshland,1763,1324.0,450.0,19.0,70.8,6.05,cassava,A,98,2024-11-16,High potential,Acid clays needing lime. Banana-coffee systems; rice in Huye/Gisagara marshlands.,RAB; IITA; IFAD crop suitability
Rwanda,Southern,Nyamagabe,Loamy,loamy,46,Agricultural,1446,1365.0,593.0,19.0,77.2,4.83,beans,B,95,2024-08-23,High potential,Acid clays needing lime. Banana-coffee systems; rice in Huye/Gisagara marshlands.,RAB; OFRA Rwanda; NISR
Rwanda,Southern,Nyamagabe,Alluvial,alluvial,70,Fallow,1759,1327.0,254.0,16.0,55.7,5.49,soybean,C,92,2025-03-05,High potential,Acid clays needing lime. Banana-coffee systems; rice in Huye/Gisagara marshlands.,RAB; OFRA Rwanda
Rwanda,Southern,Nyamagabe,Clayey,clayey,74,Agricultural,1940,1396.0,498.0,17.7,74.9,5.35,beans,A,99,2023-09-12,High potential,Acid clays needing lime. Banana-coffee systems; rice in Huye/Gisagara marshlands.,RAB; OFRA Rwanda; NISR
Rwanda,Southern,Nyamagabe,Alluvial,alluvial,79,Marshland,2033,1423.0,650.0,21.1,82.1,4.92,coffee,B,73,2023-10-06,Moderate potential,Acid clays needing lime. Banana-coffee systems; rice in Huye/Gisagara marshlands.,NAEB; RAB; FAO ECOCROP
Rwanda,Southern,Nyamagabe,Clayey,clayey,73,Agricultural,1502,1700.0,278.0,13.1,60.6,5.63,beans,C,94,2024-03-19,High potential,Acid clays needing lime. Banana-coffee systems; rice in Huye/Gisagara marshlands.,RAB; OFRA Rwanda; NISR
Rwanda,Southern,Nyamagabe,Alluvial,alluvial,48,Agricultural,1995,1609.0,537.0,20.0,76.8,6.28,banana,A,97,2024-03-23,High potential,Acid clays needing lime. Banana-coffee systems; rice in Huye/Gisagara marshlands.,RAB; FAO ECOCROP; OFRA Rwanda
Rwanda,Southern,Nyamagabe,Loamy,loamy,75,Marshland,1998,1657.0,855.0,20.6,77.2,4.92,coffee,B,98,2024-08-18,High potential,Acid clays needing lime. Banana-coffee systems; rice in Huye/Gisagara marshlands.,NAEB; RAB; FAO ECOCROP
Rwanda,Southern,Nyamagabe,Clayey,clayey,76,Marshland,1626,1473.0,218.0,16.2,66.5,6.14,tomato,C,76,2024-10-13,Moderate potential,Acid clays needing lime. Banana-coffee systems; rice in Huye/Gisagara marshlands.,RAB; FAO ECOCROP
Rwanda,Southern,Nyamagabe,Clayey,clayey,46,Agricultural,1917,1424.0,504.0,19.3,77.6,5.8,cassava,A,99,2025-07-23,High potential,Acid clays needing lime. Banana-coffee systems; rice in Huye/Gisagara marshlands.,RAB; IITA; IFAD crop suitability
Rwanda,Southern,Nyamagabe,Alluvial,alluvial,75,Agricultural,2156,1448.0,737.0,20.9,82.9,5.08,beans,B,97,2025-04-10,High potential,Acid clays needing lime. Banana-coffee systems; rice in Huye/Gisagara marshlands.,RAB; OFRA Rwanda; NISR
Rwanda,Southern,Nyamagabe,Clayey,clayey,78,Agricultural,1483,1419.0,268.0,17.0,66.6,4.88,beans,C,93,2024-09-05,High potential,Acid clays needing lime. Banana-coffee systems; rice in Huye/Gisagara marshlands.,RAB; OFRA Rwanda; NISR
Rwanda,Southern,Nyamagabe,Alluvial,alluvial,74,Agricultural,2099,1436.0,503.0,20.0,79.5,5.01,coffee,A,72,2024-10-22,Moderate potential,Acid clays needing lime. Banana-coffee systems; rice in Huye/Gisagara marshlands.,NAEB; RAB; FAO ECOCROP
Rwanda,Southern,Nyamagabe,Loamy,loamy,58,Agricultural,1944,1608.0,826.0,22.0,80.3,5.79,coffee,B,98,2025-03-11,High potential,Acid clays needing lime. Banana-coffee systems; rice in Huye/Gisagara marshlands.,NAEB; RAB; FAO ECOCROP
Rwanda,Southern,Nyamagabe,Loamy,loamy,66,Agricultural,1519,1459.0,228.0,17.9,57.6,6.04,rice,C,62,2024-08-15,Moderate potential,Acid clays needing lime. Banana-coffee systems; rice in Huye/Gisagara marshlands.,RAB; RwaSIS; OFRA Rwanda
Rwanda,Southern,Nyamagabe,Loamy,loamy,57,Agricultural,2140,1430.0,561.0,19.0,68.5,6.06,coffee,A,95,2025-04-26,High potential,Acid clays needing lime. Banana-coffee systems; rice in Huye/Gisagara marshlands.,NAEB; RAB; FAO ECOCROP
Rwanda,Southern,Nyamagabe,Alluvial,alluvial,71,Agricultural,2177,1330.0,607.0,20.0,73.7,5.36,rice,B,96,2024-03-27,High potential,Acid clays needing lime. Banana-coffee systems; rice in Huye/Gisagara marshlands.,RAB; RwaSIS; OFRA Rwanda
Rwanda,Southern,Nyamagabe,Loamy,loamy,68,Agricultural,1809,1284.0,242.0,16.4,63.1,5.77,rice,C,61,2024-02-19,Moderate potential,Acid clays needing lime. Banana-coffee systems; rice in Huye/Gisagara marshlands.,RAB; RwaSIS; OFRA Rwanda
Rwanda,Southern,Nyamagabe,Alluvial,alluvial,68,Homestead,2092,1577.0,537.0,18.9,69.0,5.16,beans,A,97,2024-06-12,High potential,Acid clays needing lime. Banana-coffee systems; rice in Huye/Gisagara marshlands.,RAB; OFRA Rwanda; NISR
Rwanda,Southern,Nyamagabe,Clayey,clayey,76,Agricultural,1727,1696.0,866.0,17.6,81.7,5.14,beans,B,97,2024-08-19,High potential,Acid clays needing lime. Banana-coffee systems; rice in Huye/Gisagara marshlands.,RAB; OFRA Rwanda; NISR
Rwanda,Southern,Ruhango,Alluvial,alluvial,60,Agricultural,1610,1377.0,494.0,21.8,81.5,5.21,beans,A,98,2025-03-05,High potential,Acid clays needing lime. Banana-coffee systems; rice in Huye/Gisagara marshlands.,RAB; OFRA Rwanda; NISR
Rwanda,Southern,Ruhango,Loamy,loamy,59,Agricultural,1933,1403.0,704.0,21.6,76.5,6.24,cassava,B,100,2025-02-03,High potential,Acid clays needing lime. Banana-coffee systems; rice in Huye/Gisagara marshlands.,RAB; IITA; IFAD crop suitability
Rwanda,Southern,Ruhango,Clayey,clayey,60,Agricultural,1489,1032.0,161.0,16.7,61.5,5.83,soybean,C,93,2025-06-16,High potential,Acid clays needing lime. Banana-coffee systems; rice in Huye/Gisagara marshlands.,RAB; OFRA Rwanda
Rwanda,Southern,Ruhango,Alluvial,alluvial,56,Fallow,1540,1169.0,486.0,21.2,73.7,5.88,coffee,A,72,2025-04-30,Moderate potential,Acid clays needing lime. Banana-coffee systems; rice in Huye/Gisagara marshlands.,NAEB; RAB; FAO ECOCROP
Rwanda,Southern,Ruhango,Clayey,clayey,67,Agricultural,1897,1261.0,541.0,21.9,76.7,5.95,rice,B,97,2024-02-28,High potential,Acid clays needing lime. Banana-coffee systems; rice in Huye/Gisagara marshlands.,RAB; RwaSIS; OFRA Rwanda
Rwanda,Southern,Ruhango,Clayey,clayey,65,Agricultural,1567,921.0,170.0,19.9,64.7,6.06,rice,C,92,2023-09-08,High potential,Acid clays needing lime. Banana-coffee systems; rice in Huye/Gisagara marshlands.,RAB; RwaSIS; OFRA Rwanda
Rwanda,Southern,Ruhango,Loamy,loamy,50,Homestead,1445,1176.0,425.0,20.7,72.6,4.85,cassava,A,97,2023-10-20,High potential,Acid clays needing lime. Banana-coffee systems; rice in Huye/Gisagara marshlands.,RAB; IITA; IFAD crop suitability
Rwanda,Southern,Ruhango,Alluvial,alluvial,45,Agricultural,2190,1322.0,570.0,20.2,83.9,5.7,sorghum,B,74,2024-11-13,Moderate potential,Acid clays needing lime. Banana-coffee systems; rice in Huye/Gisagara marshlands.,RAB; OFRA Rwanda; IFAD
Rwanda,Southern,Ruhango,Alluvial,alluvial,72,Agricultural,1420,1379.0,227.0,17.1,61.7,5.27,tomato,C,96,2025-04-01,High potential,Acid clays needing lime. Banana-coffee systems; rice in Huye/Gisagara marshlands.,RAB; FAO ECOCROP
Rwanda,Southern,Ruhango,Clayey,clayey,63,Homestead,1760,1446.0,519.0,21.7,75.4,6.43,cassava,A,99,2025-04-28,High potential,Acid clays needing lime. Banana-coffee systems; rice in Huye/Gisagara marshlands.,RAB; IITA; IFAD crop suitability
Rwanda,Southern,Ruhango,Alluvial,alluvial,49,Agricultural,1570,1488.0,748.0,21.6,83.9,6.02,beans,B,100,2025-02-18,High potential,Acid clays needing lime. Banana-coffee systems; rice in Huye/Gisagara marshlands.,RAB; OFRA Rwanda; NISR
Rwanda,Southern,Ruhango,Alluvial,alluvial,45,Agricultural,2192,966.0,167.0,16.7,55.1,6.23,sweet_potato,C,96,2024-08-20,High potential,Acid clays needing lime. Banana-coffee systems; rice in Huye/Gisagara marshlands.,RAB; CIP; FAO ECOCROP
Rwanda,Southern,Ruhango,Clayey,clayey,56,Homestead,2064,1100.0,461.0,20.5,72.7,4.85,maize,A,94,2024-03-26,High potential,Acid clays needing lime. Banana-coffee systems; rice in Huye/Gisagara marshlands.,RAB CIP; OFRA Rwanda; FAO ECOCROP
Rwanda,Southern,Ruhango,Loamy,loamy,67,Agricultural,2096,1194.0,551.0,20.5,85.6,4.8,coffee,B,93,2024-03-12,High potential,Acid clays needing lime. Banana-coffee systems; rice in Huye/Gisagara marshlands.,NAEB; RAB; FAO ECOCROP
Rwanda,Southern,Ruhango,Loamy,loamy,77,Fallow,1891,1074.0,184.0,18.4,62.0,5.02,tomato,C,93,2025-05-25,High potential,Acid clays needing lime. Banana-coffee systems; rice in Huye/Gisagara marshlands.,RAB; FAO ECOCROP
Rwanda,Southern,Ruhango,Alluvial,alluvial,63,Agricultural,2167,1463.0,479.0,23.4,75.2,5.15,banana,A,93,2023-11-21,High potential,Acid clays needing lime. Banana-coffee systems; rice in Huye/Gisagara marshlands.,RAB; FAO ECOCROP; OFRA Rwanda
Rwanda,Southern,Ruhango,Clayey,clayey,79,Agricultural,1999,1313.0,586.0,21.3,79.1,5.55,beans,B,100,2025-03-05,High potential,Acid clays needing lime. Banana-coffee systems; rice in Huye/Gisagara marshlands.,RAB; OFRA Rwanda; NISR
Rwanda,Southern,Ruhango,Loamy,loamy,71,Marshland,2091,1289.0,245.0,18.8,64.5,5.63,tomato,C,98,2025-06-13,High potential,Acid clays needing lime. Banana-coffee systems; rice in Huye/Gisagara marshlands.,RAB; FAO ECOCROP
Rwanda,Southern,Ruhango,Clayey,clayey,56,Agricultural,1836,1333.0,522.0,20.9,69.4,6.46,sweet_potato,A,78,2024-11-21,Moderate potential,Acid clays needing lime. Banana-coffee systems; rice in Huye/Gisagara marshlands.,RAB; CIP; FAO ECOCROP
Rwanda,Southern,Ruhango,Alluvial,alluvial,46,Agricultural,1570,1042.0,511.0,19.9,81.0,4.98,coffee,B,72,2025-04-15,Moderate potential,Acid clays needing lime. Banana-coffee systems; rice in Huye/Gisagara marshlands.,NAEB; RAB; FAO ECOCROP
Rwanda,Southern,Ruhango,Loamy,loamy,78,Agricultural,1984,1198.0,193.0,17.3,62.8,6.38,rice,C,63,2023-10-18,Moderate potential,Acid clays needing lime. Banana-coffee systems; rice in Huye/Gisagara marshlands.,RAB; RwaSIS; OFRA Rwanda
Rwanda,Southern,Ruhango,Loamy,loamy,45,Agricultural,1730,1209.0,406.0,21.6,74.5,6.13,sweet_potato,A,99,2023-10-03,High potential,Acid clays needing lime. Banana-coffee systems; rice in Huye/Gisagara marshlands.,RAB; CIP; FAO ECOCROP
Rwanda,Southern,Ruhango,Loamy,loamy,51,Agricultural,1416,1055.0,536.0,20.9,84.0,5.62,beans,B,100,2025-01-18,High potential,Acid clays needing lime. Banana-coffee systems; rice in Huye/Gisagara marshlands.,RAB; OFRA Rwanda; NISR
Rwanda,Southern,Ruhango,Loamy,loamy,51,Agricultural,1683,1072.0,201.0,18.8,66.0,5.64,beans,C,98,2024-06-26,High potential,Acid clays needing lime. Banana-coffee systems; rice in Huye/Gisagara marshlands.,RAB; OFRA Rwanda; NISR
Rwanda,Southern,Ruhango,Alluvial,alluvial,68,Agricultural,1728,1301.0,524.0,21.3,82.7,6.16,maize,A,100,2024-05-09,High potential,Acid clays needing lime. Banana-coffee systems; rice in Huye/Gisagara marshlands.,RAB CIP; OFRA Rwanda; FAO ECOCROP
Rwanda,Southern,Ruhango,Clayey,clayey,65,Agricultural,1656,1055.0,412.0,22.1,82.7,5.26,cassava,B,98,2025-06-06,High potential,Acid clays needing lime. Banana-coffee systems; rice in Huye/Gisagara marshlands.,RAB; IITA; IFAD crop suitability
Rwanda,Southern,Ruhango,Loamy,loamy,73,Agricultural,1900,1290.0,249.0,18.0,54.3,5.19,tomato,C,96,2024-09-21,High potential,Acid clays needing lime. Banana-coffee systems; rice in Huye/Gisagara marshlands.,RAB; FAO ECOCROP
Rwanda,Southern,Ruhango,Loamy,loamy,58,Agricultural,1889,1471.0,525.0,20.7,77.1,5.87,beans,A,100,2024-11-07,High potential,Acid clays needing lime. Banana-coffee systems; rice in Huye/Gisagara marshlands.,RAB; OFRA Rwanda; NISR
Rwanda,Southern,Ruhango,Loamy,loamy,74,Agricultural,1527,1316.0,575.0,19.9,69.0,4.92,rice,B,70,2024-11-20,Moderate potential,Acid clays needing lime. Banana-coffee systems; rice in Huye/Gisagara marshlands.,RAB; RwaSIS; OFRA Rwanda
Rwanda,Southern,Ruhango,Clayey,clayey,45,Agricultural,1637,1239.0,226.0,18.5,62.0,6.03,sweet_potato,C,75,2025-02-27,Moderate potential,Acid clays needing lime. Banana-coffee systems; rice in Huye/Gisagara marshlands.,RAB; CIP; FAO ECOCROP
Rwanda,Southern,Ruhango,Loamy,loamy,75,Fallow,1764,1381.0,463.0,20.1,71.5,5.21,cassava,A,98,2023-10-04,High potential,Acid clays needing lime. Banana-coffee systems; rice in Huye/Gisagara marshlands.,RAB; IITA; IFAD crop suitability
Rwanda,Southern,Ruhango,Alluvial,alluvial,65,Agricultural,2126,1333.0,651.0,21.8,80.5,4.96,beans,B,96,2025-03-26,High potential,Acid clays needing lime. Banana-coffee systems; rice in Huye/Gisagara marshlands.,RAB; OFRA Rwanda; NISR
Rwanda,Southern,Ruhango,Loamy,loamy,75,Agricultural,2061,1075.0,156.0,17.5,69.1,5.44,tomato,C,96,2024-04-16,High potential,Acid clays needing lime. Banana-coffee systems; rice in Huye/Gisagara marshlands.,RAB; FAO ECOCROP
Rwanda,Southern,Ruhango,Alluvial,alluvial,67,Agricultural,1612,1192.0,513.0,21.5,79.4,6.29,cassava,A,77,2024-06-21,Moderate potential,Acid clays needing lime. Banana-coffee systems; rice in Huye/Gisagara marshlands.,RAB; IITA; IFAD crop suitability
Rwanda,Southern,Ruhango,Alluvial,alluvial,69,Agricultural,1551,1120.0,543.0,20.7,76.3,6.01,rice,B,97,2023-11-06,High potential,Acid clays needing lime. Banana-coffee systems; rice in Huye/Gisagara marshlands.,RAB; RwaSIS; OFRA Rwanda
Rwanda,Southern,Ruhango,Alluvial,alluvial,79,Agricultural,1553,1121.0,170.0,18.5,59.0,5.13,soybean,C,93,2025-02-28,High potential,Acid clays needing lime. Banana-coffee systems; rice in Huye/Gisagara marshlands.,RAB; OFRA Rwanda
Rwanda,Southern,Ruhango,Clayey,clayey,69,Homestead,1447,1171.0,432.0,20.3,75.2,4.99,beans,A,96,2024-05-11,High potential,Acid clays needing lime. Banana-coffee systems; rice in Huye/Gisagara marshlands.,RAB; OFRA Rwanda; NISR
Rwanda,Southern,Ruhango,Alluvial,alluvial,45,Agricultural,1764,1469.0,684.0,21.0,77.7,5.84,sorghum,B,77,2024-05-18,Moderate potential,Acid clays needing lime. Banana-coffee systems; rice in Huye/Gisagara marshlands.,RAB; OFRA Rwanda; IFAD
Rwanda,Southern,Ruhango,Loamy,loamy,72,Agricultural,1871,1124.0,196.0,18.4,64.7,6.15,rice,C,66,2025-03-27,Moderate potential,Acid clays needing lime. Banana-coffee systems; rice in Huye/Gisagara marshlands.,RAB; RwaSIS; OFRA Rwanda
Rwanda,Southern,Ruhango,Alluvial,alluvial,45,Agricultural,1403,1087.0,472.0,22.9,73.0,5.49,sweet_potato,A,100,2024-04-22,High potential,Acid clays needing lime. Banana-coffee systems; rice in Huye/Gisagara marshlands.,RAB; CIP; FAO ECOCROP
Rwanda,Southern,Ruhango,Alluvial,alluvial,47,Agricultural,1488,1284.0,615.0,22.0,78.0,5.62,coffee,B,73,2025-02-07,Moderate potential,Acid clays needing lime. Banana-coffee systems; rice in Huye/Gisagara marshlands.,NAEB; RAB; FAO ECOCROP
Rwanda,Southern,Ruhango,Clayey,clayey,57,Agricultural,1659,1005.0,173.0,18.9,64.4,5.2,sweet_potato,C,74,2024-01-03,Moderate potential,Acid clays needing lime. Banana-coffee systems; rice in Huye/Gisagara marshlands.,RAB; CIP; FAO ECOCROP
Rwanda,Southern,Ruhango,Clayey,clayey,59,Agricultural,1428,1053.0,424.0,20.6,77.1,5.5,sweet_potato,A,77,2024-05-12,Moderate potential,Acid clays needing lime. Banana-coffee systems; rice in Huye/Gisagara marshlands.,RAB; CIP; FAO ECOCROP
Rwanda,Southern,Ruhango,Loamy,loamy,66,Agricultural,1515,1471.0,749.0,21.6,77.7,5.15,cassava,B,100,2023-10-20,High potential,Acid clays needing lime. Banana-coffee systems; rice in Huye/Gisagara marshlands.,RAB; IITA; IFAD crop suitability
Rwanda,Southern,Ruhango,Alluvial,alluvial,53,Agricultural,2034,1266.0,241.0,18.8,69.4,6.43,beans,C,98,2025-04-27,High potential,Acid clays needing lime. Banana-coffee systems; rice in Huye/Gisagara marshlands.,RAB; OFRA Rwanda; NISR
Rwanda,Southern,Ruhango,Loamy,loamy,51,Agricultural,1443,1088.0,369.0,20.9,81.8,6.43,coffee,A,92,2025-05-02,High potential,Acid clays needing lime. Banana-coffee systems; rice in Huye/Gisagara marshlands.,NAEB; RAB; FAO ECOCROP
Rwanda,Southern,Ruhango,Alluvial,alluvial,45,Marshland,1746,1083.0,489.0,20.8,79.6,5.37,cassava,B,77,2023-10-12,Moderate potential,Acid clays needing lime. Banana-coffee systems; rice in Huye/Gisagara marshlands.,RAB; IITA; IFAD crop suitability
Rwanda,Southern,Ruhango,Alluvial,alluvial,70,Agricultural,1435,1062.0,186.0,17.0,67.0,5.46,rice,C,85,2024-03-06,High potential,Acid clays needing lime. Banana-coffee systems; rice in Huye/Gisagara marshlands.,RAB; RwaSIS; OFRA Rwanda
Rwanda,Southern,Ruhango,Loamy,loamy,51,Agricultural,1672,1359.0,472.0,21.6,76.0,5.18,coffee,A,93,2024-03-02,High potential,Acid clays needing lime. Banana-coffee systems; rice in Huye/Gisagara marshlands.,NAEB; RAB; FAO ECOCROP
Rwanda,Southern,Ruhango,Loamy,loamy,68,Agricultural,1787,1206.0,577.0,20.2,84.3,5.34,coffee,B,95,2025-04-17,High potential,Acid clays needing lime. Banana-coffee systems; rice in Huye/Gisagara marshlands.,NAEB; RAB; FAO ECOCROP
Rwanda,Southern,Ruhango,Loamy,loamy,47,Agricultural,1759,1132.0,215.0,18.4,65.4,5.83,soybean,C,96,2024-09-30,High potential,Acid clays needing lime. Banana-coffee systems; rice in Huye/Gisagara marshlands.,RAB; OFRA Rwanda
Rwanda,Southern,Ruhango,Loamy,loamy,73,Homestead,2020,1000.0,435.0,21.0,74.7,5.75,maize,A,99,2024-08-08,High potential,Acid clays needing lime. Banana-coffee systems; rice in Huye/Gisagara marshlands.,RAB CIP; OFRA Rwanda; FAO ECOCROP
Rwanda,Southern,Ruhango,Loamy,loamy,68,Marshland,1414,1286.0,660.0,21.2,85.4,5.14,beans,B,97,2025-07-01,High potential,Acid clays needing lime. Banana-coffee systems; rice in Huye/Gisagara marshlands.,RAB; OFRA Rwanda; NISR
Rwanda,Southern,Ruhango,Loamy,loamy,64,Agricultural,2047,1344.0,227.0,20.1,65.0,6.46,tomato,C,98,2024-08-23,High potential,Acid clays needing lime. Banana-coffee systems; rice in Huye/Gisagara marshlands.,RAB; FAO ECOCROP
Rwanda,Southern,Ruhango,Alluvial,alluvial,51,Agricultural,1431,1102.0,401.0,23.0,71.2,5.99,cassava,A,76,2024-11-15,Moderate potential,Acid clays needing lime. Banana-coffee systems; rice in Huye/Gisagara marshlands.,RAB; IITA; IFAD crop suitability
Rwanda,Southern,Ruhango,Clayey,clayey,54,Agricultural,1713,1558.0,692.0,19.4,70.1,5.48,cassava,B,100,2023-10-26,High potential,Acid clays needing lime. Banana-coffee systems; rice in Huye/Gisagara marshlands.,RAB; IITA; IFAD crop suitability
Rwanda,Southern,Ruhango,Clayey,clayey,56,Agricultural,1543,1018.0,171.0,18.9,51.9,5.72,tomato,C,75,2024-11-23,Moderate potential,Acid clays needing lime. Banana-coffee systems; rice in Huye/Gisagara marshlands.,RAB; FAO ECOCROP
Rwanda,Southern,Ruhango,Loamy,loamy,76,Agricultural,1654,1451.0,591.0,21.0,74.5,5.72,beans,A,100,2024-06-08,High potential,Acid clays needing lime. Banana-coffee systems; rice in Huye/Gisagara marshlands.,RAB; OFRA Rwanda; NISR
Rwanda,Southern,Ruhango,Loamy,loamy,80,Agricultural,1594,1250.0,540.0,19.9,80.1,6.31,sorghum,B,97,2024-07-08,High potential,Acid clays needing lime. Banana-coffee systems; rice in Huye/Gisagara marshlands.,RAB; OFRA Rwanda; IFAD
Rwanda,Southern,Ruhango,Clayey,clayey,63,Agricultural,2172,987.0,162.0,18.8,63.9,5.79,soybean,C,96,2024-03-11,High potential,Acid clays needing lime. Banana-coffee systems; rice in Huye/Gisagara marshlands.,RAB; OFRA Rwanda
Rwanda,Southern,Ruhango,Alluvial,alluvial,53,Agricultural,1864,1104.0,457.0,21.4,73.5,5.26,sweet_potato,A,99,2024-01-11,High potential,Acid clays needing lime. Banana-coffee systems; rice in Huye/Gisagara marshlands.,RAB; CIP; FAO ECOCROP
Rwanda,Southern,Ruhango,Loamy,loamy,56,Agricultural,1742,1189.0,534.0,21.6,80.3,5.18,beans,B,97,2024-05-31,High potential,Acid clays needing lime. Banana-coffee systems; rice in Huye/Gisagara marshlands.,RAB; OFRA Rwanda; NISR
Rwanda,Southern,Ruhango,Alluvial,alluvial,68,Homestead,1810,942.0,143.0,19.6,65.5,5.96,tomato,C,97,2024-03-05,High potential,Acid clays needing lime. Banana-coffee systems; rice in Huye/Gisagara marshlands.,RAB; FAO ECOCROP
Rwanda,Southern,Ruhango,Alluvial,alluvial,46,Fallow,1703,1404.0,522.0,20.3,77.5,6.05,cassava,A,77,2023-12-29,Moderate potential,Acid clays needing lime. Banana-coffee systems; rice in Huye/Gisagara marshlands.,RAB; IITA; IFAD crop suitability
Rwanda,Southern,Ruhango,Clayey,clayey,67,Marshland,1743,1453.0,728.0,21.4,74.9,5.61,beans,B,100,2025-07-02,High potential,Acid clays needing lime. Banana-coffee systems; rice in Huye/Gisagara marshlands.,RAB; OFRA Rwanda; NISR
Rwanda,Southern,Ruhango,Clayey,clayey,67,Agricultural,1771,1135.0,175.0,21.3,63.9,5.49,tomato,C,75,2025-04-17,Moderate potential,Acid clays needing lime. Banana-coffee systems; rice in Huye/Gisagara marshlands.,RAB; FAO ECOCROP
Rwanda,Southern,Ruhango,Alluvial,alluvial,47,Agricultural,1519,1240.0,457.0,17.8,71.2,5.96,cassava,A,76,2025-05-11,Moderate potential,Acid clays needing lime. Banana-coffee systems; rice in Huye/Gisagara marshlands.,RAB; IITA; IFAD crop suitability
Rwanda,Southern,Ruhango,Clayey,clayey,67,Marshland,1441,1254.0,602.0,21.6,78.6,4.93,beans,B,95,2024-06-11,High potential,Acid clays needing lime. Banana-coffee systems; rice in Huye/Gisagara marshlands.,RAB; OFRA Rwanda; NISR
Rwanda,Southern,Ruhango,Loamy,loamy,68,Agricultural,1583,987.0,166.0,18.9,66.4,5.89,tomato,C,97,2024-12-28,High potential,Acid clays needing lime. Banana-coffee systems; rice in Huye/Gisagara marshlands.,RAB; FAO ECOCROP
Rwanda,Southern,Ruhango,Clayey,clayey,55,Agricultural,1967,1032.0,417.0,22.0,76.3,6.3,coffee,A,93,2025-03-25,High potential,Acid clays needing lime. Banana-coffee systems; rice in Huye/Gisagara marshlands.,NAEB; RAB; FAO ECOCROP
Rwanda,Southern,Ruhango,Loamy,loamy,50,Homestead,2130,1148.0,545.0,20.3,87.3,6.11,beans,B,99,2024-11-27,High potential,Acid clays needing lime. Banana-coffee systems; rice in Huye/Gisagara marshlands.,RAB; OFRA Rwanda; NISR
Rwanda,Southern,Ruhango,Loamy,loamy,66,Agricultural,1875,1018.0,155.0,20.1,59.0,5.62,beans,C,97,2024-06-30,High potential,Acid clays needing lime. Banana-coffee systems; rice in Huye/Gisagara marshlands.,RAB; OFRA Rwanda; NISR
Rwanda,Southern,Ruhango,Loamy,loamy,68,Agricultural,2080,1230.0,510.0,20.5,74.6,5.99,sweet_potato,A,100,2025-01-13,High potential,Acid clays needing lime. Banana-coffee systems; rice in Huye/Gisagara marshlands.,RAB; CIP; FAO ECOCROP
Rwanda,Southern,Ruhango,Loamy,loamy,59,Agricultural,1540,1138.0,581.0,20.2,76.3,5.05,beans,B,96,2025-02-20,High potential,Acid clays needing lime. Banana-coffee systems; rice in Huye/Gisagara marshlands.,RAB; OFRA Rwanda; NISR
Rwanda,Southern,Ruhango,Loamy,loamy,65,Agricultural,2141,956.0,170.0,17.2,63.1,6.08,sweet_potato,C,96,2023-12-10,High potential,Acid clays needing lime. Banana-coffee systems; rice in Huye/Gisagara marshlands.,RAB; CIP; FAO ECOCROP
Rwanda,Southern,Ruhango,Alluvial,alluvial,54,Agricultural,1473,1199.0,456.0,18.6,77.6,5.47,coffee,A,71,2024-10-20,Moderate potential,Acid clays needing lime. Banana-coffee systems; rice in Huye/Gisagara marshlands.,NAEB; RAB; FAO ECOCROP
Rwanda,Southern,Ruhango,Clayey,clayey,59,Agricultural,2134,1310.0,575.0,20.2,83.9,5.46,beans,B,100,2025-02-19,High potential,Acid clays needing lime. Banana-coffee systems; rice in Huye/Gisagara marshlands.,RAB; OFRA Rwanda; NISR
Rwanda,Southern,Ruhango,Clayey,clayey,59,Agricultural,1709,1360.0,231.0,17.5,57.2,4.99,soybean,C,91,2024-11-26,High potential,Acid clays needing lime. Banana-coffee systems; rice in Huye/Gisagara marshlands.,RAB; OFRA Rwanda
Rwanda,Southern,Ruhango,Alluvial,alluvial,56,Agricultural,2063,995.0,345.0,21.0,74.8,6.03,banana,A,94,2023-10-07,High potential,Acid clays needing lime. Banana-coffee systems; rice in Huye/Gisagara marshlands.,RAB; FAO ECOCROP; OFRA Rwanda
Rwanda,Southern,Ruhango,Clayey,clayey,53,Agricultural,1479,1374.0,607.0,20.8,77.9,6.48,coffee,B,95,2024-02-08,High potential,Acid clays needing lime. Banana-coffee systems; rice in Huye/Gisagara marshlands.,NAEB; RAB; FAO ECOCROP
Rwanda,Southern,Ruhango,Alluvial,alluvial,78,Agricultural,1745,1235.0,203.0,18.6,69.0,6.33,sweet_potato,C,96,2025-04-15,High potential,Acid clays needing lime. Banana-coffee systems; rice in Huye/Gisagara marshlands.,RAB; CIP; FAO ECOCROP
Rwanda,Southern,Ruhango,Clayey,clayey,64,Homestead,1767,1395.0,550.0,20.9,77.2,5.25,sweet_potato,A,78,2025-05-07,Moderate potential,Acid clays needing lime. Banana-coffee systems; rice in Huye/Gisagara marshlands.,RAB; CIP; FAO ECOCROP
Rwanda,Southern,Ruhango,Alluvial,alluvial,78,Agricultural,2136,1436.0,739.0,21.8,84.8,5.73,coffee,B,75,2024-11-15,Moderate potential,Acid clays needing lime. Banana-coffee systems; rice in Huye/Gisagara marshlands.,NAEB; RAB; FAO ECOCROP
Rwanda,Southern,Ruhango,Alluvial,alluvial,56,Agricultural,1916,1315.0,190.0,17.9,63.9,5.15,soybean,C,93,2024-12-15,High potential,Acid clays needing lime. Banana-coffee systems; rice in Huye/Gisagara marshlands.,RAB; OFRA Rwanda
Rwanda,Southern,Ruhango,Clayey,clayey,63,Marshland,1509,1287.0,542.0,21.4,74.2,5.34,sweet_potato,A,78,2024-10-30,Moderate potential,Acid clays needing lime. Banana-coffee systems; rice in Huye/Gisagara marshlands.,RAB; CIP; FAO ECOCROP
Rwanda,Southern,Ruhango,Alluvial,alluvial,57,Marshland,1581,1483.0,588.0,18.5,80.7,5.0,sorghum,B,71,2025-02-16,Moderate potential,Acid clays needing lime. Banana-coffee systems; rice in Huye/Gisagara marshlands.,RAB; OFRA Rwanda; IFAD
Rwanda,Southern,Ruhango,Loamy,loamy,75,Homestead,1834,1279.0,211.0,17.8,59.8,5.91,rice,C,63,2024-10-24,Moderate potential,Acid clays needing lime. Banana-coffee systems; rice in Huye/Gisagara marshlands.,RAB; RwaSIS; OFRA Rwanda
Rwanda,Southern,Ruhango,Loamy,loamy,52,Agricultural,1977,1455.0,568.0,20.1,83.1,5.1,coffee,A,95,2024-09-25,High potential,Acid clays needing lime. Banana-coffee systems; rice in Huye/Gisagara marshlands.,NAEB; RAB; FAO ECOCROP
Rwanda,Southern,Ruhango,Clayey,clayey,68,Marshland,1903,1483.0,567.0,22.0,89.9,5.72,rice,B,97,2024-11-28,High potential,Acid clays needing lime. Banana-coffee systems; rice in Huye/Gisagara marshlands.,RAB; RwaSIS; OFRA Rwanda
Rwanda,Southern,Ruhango,Alluvial,alluvial,48,Agricultural,2149,1114.0,168.0,17.4,65.7,4.97,tomato,C,93,2024-09-09,High potential,Acid clays needing lime. Banana-coffee systems; rice in Huye/Gisagara marshlands.,RAB; FAO ECOCROP
Rwanda,Southern,Ruhango,Loamy,loamy,46,Agricultural,1548,1485.0,483.0,21.6,75.8,5.0,banana,A,92,2025-04-07,High potential,Acid clays needing lime. Banana-coffee systems; rice in Huye/Gisagara marshlands.,RAB; FAO ECOCROP; OFRA Rwanda
Rwanda,Southern,Ruhango,Loamy,loamy,76,Agricultural,1899,1045.0,456.0,21.9,73.7,6.04,banana,B,96,2025-01-21,High potential,Acid clays needing lime. Banana-coffee systems; rice in Huye/Gisagara marshlands.,RAB; FAO ECOCROP; OFRA Rwanda
Rwanda,Southern,Ruhango,Loamy,loamy,61,Marshland,1762,1342.0,219.0,17.1,62.7,5.46,sweet_potato,C,96,2024-08-08,High potential,Acid clays needing lime. Banana-coffee systems; rice in Huye/Gisagara marshlands.,RAB; CIP; FAO ECOCROP
Rwanda,Southern,Ruhango,Alluvial,alluvial,62,Fallow,1884,1436.0,562.0,21.4,77.2,6.43,cassava,A,78,2024-12-24,Moderate potential,Acid clays needing lime. Banana-coffee systems; rice in Huye/Gisagara marshlands.,RAB; IITA; IFAD crop suitability
Rwanda,Southern,Ruhango,Clayey,clayey,62,Agricultural,1675,1227.0,594.0,22.2,81.1,5.87,rice,B,97,2023-11-21,High potential,Acid clays needing lime. Banana-coffee systems; rice in Huye/Gisagara marshlands.,RAB; RwaSIS; OFRA Rwanda
Rwanda,Southern,Ruhango,Loamy,loamy,49,Agricultural,1828,1301.0,213.0,16.6,60.9,5.91,tomato,C,98,2023-12-20,High potential,Acid clays needing lime. Banana-coffee systems; rice in Huye/Gisagara marshlands.,RAB; FAO ECOCROP
Rwanda,Southern,Ruhango,Clayey,clayey,63,Homestead,1980,1214.0,475.0,20.8,80.7,6.22,banana,A,96,2024-06-12,High potential,Acid clays needing lime. Banana-coffee systems; rice in Huye/Gisagara marshlands.,RAB; FAO ECOCROP; OFRA Rwanda
Rwanda,Southern,Ruhango,Alluvial,alluvial,57,Agricultural,1972,1138.0,492.0,22.3,76.9,5.99,rice,B,96,2024-12-28,High potential,Acid clays needing lime. Banana-coffee systems; rice in Huye/Gisagara marshlands.,RAB; RwaSIS; OFRA Rwanda
Rwanda,Southern,Ruhango,Loamy,loamy,47,Agricultural,1830,1158.0,183.0,20.7,61.8,6.47,rice,C,69,2024-02-11,Moderate potential,Acid clays needing lime. Banana-coffee systems; rice in Huye/Gisagara marshlands.,RAB; RwaSIS; OFRA Rwanda
Rwanda,Southern,Ruhango,Clayey,clayey,51,Agricultural,1925,1078.0,385.0,21.5,80.2,6.48,beans,A,100,2024-08-02,High potential,Acid clays needing lime. Banana-coffee systems; rice in Huye/Gisagara marshlands.,RAB; OFRA Rwanda; NISR
Rwanda,Southern,Ruhango,Loamy,loamy,79,Marshland,2079,1081.0,454.0,19.4,81.6,6.17,banana,B,96,2024-04-04,High potential,Acid clays needing lime. Banana-coffee systems; rice in Huye/Gisagara marshlands.,RAB; FAO ECOCROP; OFRA Rwanda
Rwanda,Southern,Ruhango,Alluvial,alluvial,70,Fallow,1577,1102.0,176.0,18.4,63.1,6.06,sweet_potato,C,96,2025-01-18,High potential,Acid clays needing lime. Banana-coffee systems; rice in Huye/Gisagara marshlands.,RAB; CIP; FAO ECOCROP
Rwanda,Southern,Ruhango,Loamy,loamy,73,Fallow,1412,1484.0,610.0,19.9,79.5,5.28,cassava,A,100,2025-07-25,High potential,Acid clays needing lime. Banana-coffee systems; rice in Huye/Gisagara marshlands.,RAB; IITA; IFAD crop suitability
Rwanda,Southern,Ruhango,Loamy,loamy,74,Agricultural,1750,1442.0,730.0,20.1,78.4,5.44,rice,B,77,2023-09-22,Moderate potential,Acid clays needing lime. Banana-coffee systems; rice in Huye/Gisagara marshlands.,RAB; RwaSIS; OFRA Rwanda
Rwanda,Southern,Ruhango,Loamy,loamy,46,Agricultural,1909,1109.0,189.0,19.4,58.7,6.22,soybean,C,96,2024-08-26,High potential,Acid clays needing lime. Banana-coffee systems; rice in Huye/Gisagara marshlands.,RAB; OFRA Rwanda
Rwanda,Southern,Ruhango,Clayey,clayey,64,Agricultural,1477,1456.0,487.0,20.8,77.8,5.18,cassava,A,99,2024-06-01,High potential,Acid clays needing lime. Banana-coffee systems; rice in Huye/Gisagara marshlands.,RAB; IITA; IFAD crop suitability
Rwanda,Southern,Ruhango,Loamy,loamy,74,Agricultural,1647,1418.0,700.0,20.3,76.9,5.32,beans,B,99,2025-01-07,High potential,Acid clays needing lime. Banana-coffee systems; rice in Huye/Gisagara marshlands.,RAB; OFRA Rwanda; NISR
Rwanda,Southern,Ruhango,Alluvial,alluvial,57,Agricultural,1868,922.0,141.0,17.0,64.6,6.1,rice,C,84,2024-01-22,High potential,Acid clays needing lime. Banana-coffee systems; rice in Huye/Gisagara marshlands.,RAB; RwaSIS; OFRA Rwanda
Rwanda,Southern,Ruhango,Alluvial,alluvial,71,Homestead,1513,1108.0,443.0,21.1,75.3,6.13,cassava,A,76,2023-11-07,Moderate potential,Acid clays needing lime. Banana-coffee systems; rice in Huye/Gisagara marshlands.,RAB; IITA; IFAD crop suitability
Rwanda,Southern,Ruhango,Clayey,clayey,73,Agricultural,1427,1040.0,409.0,21.1,71.5,5.38,banana,B,94,2025-03-01,High potential,Acid clays needing lime. Banana-coffee systems; rice in Huye/Gisagara marshlands.,RAB; FAO ECOCROP; OFRA Rwanda
Rwanda,Southern,Muhanga,Loamy,loamy,62,Agricultural,1753,1351.0,490.0,17.8,76.1,4.85,cassava,A,97,2024-01-30,High potential,Acid clays needing lime. Banana-coffee systems; rice in Huye/Gisagara marshlands.,RAB; IITA; IFAD crop suitability
Rwanda,Southern,Muhanga,Alluvial,alluvial,61,Agricultural,1952,1429.0,725.0,19.8,79.4,5.29,banana,B,97,2024-03-02,High potential,Acid clays needing lime. Banana-coffee systems; rice in Huye/Gisagara marshlands.,RAB; FAO ECOCROP; OFRA Rwanda
Rwanda,Southern,Muhanga,Loamy,loamy,52,Agricultural,1991,1122.0,192.0,16.7,59.9,5.32,rice,C,58,2024-11-26,Requires attention,Acid clays needing lime. Banana-coffee systems; rice in Huye/Gisagara marshlands.,RAB; RwaSIS; OFRA Rwanda
Rwanda,Southern,Muhanga,Alluvial,alluvial,66,Agricultural,1687,1388.0,508.0,19.0,71.1,5.54,coffee,A,72,2023-12-24,Moderate potential,Acid clays needing lime. Banana-coffee systems; rice in Huye/Gisagara marshlands.,NAEB; RAB; FAO ECOCROP
Rwanda,Southern,Muhanga,Clayey,clayey,54,Agricultural,1975,1239.0,523.0,19.5,81.3,5.35,cassava,B,99,2024-08-13,High potential,Acid clays needing lime. Banana-coffee systems; rice in Huye/Gisagara marshlands.,RAB; IITA; IFAD crop suitability
Rwanda,Southern,Muhanga,Alluvial,alluvial,48,Agricultural,1679,1193.0,200.0,17.0,57.8,5.56,beans,C,98,2025-03-30,High potential,Acid clays needing lime. Banana-coffee systems; rice in Huye/Gisagara marshlands.,RAB; OFRA Rwanda; NISR
Rwanda,Southern,Muhanga,Alluvial,alluvial,74,Agricultural,2150,1483.0,536.0,17.4,68.1,6.46,sweet_potato,A,100,2024-10-04,High potential,Acid clays needing lime. Banana-coffee systems; rice in Huye/Gisagara marshlands.,RAB; CIP; FAO ECOCROP
Rwanda,Southern,Muhanga,Clayey,clayey,74,Agricultural,2023,1108.0,499.0,22.2,85.0,6.07,banana,B,96,2025-01-30,High potential,Acid clays needing lime. Banana-coffee systems; rice in Huye/Gisagara marshlands.,RAB; FAO ECOCROP; OFRA Rwanda
Rwanda,Southern,Muhanga,Clayey,clayey,70,Agricultural,1434,1089.0,191.0,17.6,54.7,5.15,beans,C,94,2024-07-08,High potential,Acid clays needing lime. Banana-coffee systems; rice in Huye/Gisagara marshlands.,RAB; OFRA Rwanda; NISR
Rwanda,Southern,Muhanga,Clayey,clayey,79,Agricultural,1887,1472.0,576.0,19.0,75.4,6.19,beans,A,100,2024-07-01,High potential,Acid clays needing lime. Banana-coffee systems; rice in Huye/Gisagara marshlands.,RAB; OFRA Rwanda; NISR
Rwanda,Southern,Muhanga,Loamy,loamy,46,Fallow,1679,1192.0,469.0,21.0,81.4,6.13,coffee,B,93,2024-07-03,High potential,Acid clays needing lime. Banana-coffee systems; rice in Huye/Gisagara marshlands.,NAEB; RAB; FAO ECOCROP
Rwanda,Southern,Muhanga,Loamy,loamy,62,Agricultural,2128,1361.0,222.0,19.2,64.6,6.07,beans,C,98,2024-01-13,High potential,Acid clays needing lime. Banana-coffee systems; rice in Huye/Gisagara marshlands.,RAB; OFRA Rwanda; NISR
Rwanda,Southern,Muhanga,Alluvial,alluvial,46,Agricultural,1725,1398.0,470.0,20.4,76.7,5.35,cassava,A,76,2023-12-30,Moderate potential,Acid clays needing lime. Banana-coffee systems; rice in Huye/Gisagara marshlands.,RAB; IITA; IFAD crop suitability
Rwanda,Southern,Muhanga,Loamy,loamy,61,Agricultural,1695,1055.0,420.0,21.5,80.3,5.0,coffee,B,93,2024-10-26,High potential,Acid clays needing lime. Banana-coffee systems; rice in Huye/Gisagara marshlands.,NAEB; RAB; FAO ECOCROP
Rwanda,Southern,Muhanga,Clayey,clayey,59,Agricultural,1678,1217.0,208.0,17.2,61.0,4.86,sweet_potato,C,72,2024-02-28,Moderate potential,Acid clays needing lime. Banana-coffee systems; rice in Huye/Gisagara marshlands.,RAB; CIP; FAO ECOCROP
Rwanda,Southern,Muhanga,Loamy,loamy,79,Homestead,2144,1300.0,520.0,21.2,74.4,5.58,maize,A,100,2025-06-11,High potential,Acid clays needing lime. Banana-coffee systems; rice in Huye/Gisagara marshlands.,RAB CIP; OFRA Rwanda; FAO ECOCROP
Rwanda,Southern,Muhanga,Clayey,clayey,56,Marshland,1646,1382.0,579.0,21.0,82.0,6.42,coffee,B,95,2024-09-07,High potential,Acid clays needing lime. Banana-coffee systems; rice in Huye/Gisagara marshlands.,NAEB; RAB; FAO ECOCROP
Rwanda,Southern,Muhanga,Clayey,clayey,48,Agricultural,1697,1186.0,200.0,18.2,65.9,5.58,sweet_potato,C,74,2025-05-25,Moderate potential,Acid clays needing lime. Banana-coffee systems; rice in Huye/Gisagara marshlands.,RAB; CIP; FAO ECOCROP
Rwanda,Southern,Muhanga,Alluvial,alluvial,80,Agricultural,1699,1057.0,367.0,19.5,82.5,6.03,sweet_potato,A,98,2025-04-29,High potential,Acid clays needing lime. Banana-coffee systems; rice in Huye/Gisagara marshlands.,RAB; CIP; FAO ECOCROP
Rwanda,Southern,Muhanga,Clayey,clayey,67,Agricultural,1693,1069.0,447.0,20.9,80.9,5.97,beans,B,100,2025-03-09,High potential,Acid clays needing lime. Banana-coffee systems; rice in Huye/Gisagara marshlands.,RAB; OFRA Rwanda; NISR
Rwanda,Southern,Muhanga,Alluvial,alluvial,66,Agricultural,2150,1182.0,177.0,17.1,59.6,6.39,rice,C,82,2024-05-08,High potential,Acid clays needing lime. Banana-coffee systems; rice in Huye/Gisagara marshlands.,RAB; RwaSIS; OFRA Rwanda
Rwanda,Southern,Muhanga,Alluvial,alluvial,67,Homestead,1628,1325.0,558.0,18.8,76.4,5.84,banana,A,97,2024-01-16,High potential,Acid clays needing lime. Banana-coffee systems; rice in Huye/Gisagara marshlands.,RAB; FAO ECOCROP; OFRA Rwanda
Rwanda,Southern,Muhanga,Clayey,clayey,45,Agricultural,1448,1144.0,524.0,20.7,76.9,6.21,beans,B,100,2025-07-05,High potential,Acid clays needing lime. Banana-coffee systems; rice in Huye/Gisagara marshlands.,RAB; OFRA Rwanda; NISR
Rwanda,Southern,Muhanga,Loamy,loamy,60,Agricultural,2052,1441.0,270.0,16.6,61.7,6.34,rice,C,61,2025-06-13,Moderate potential,Acid clays needing lime. Banana-coffee systems; rice in Huye/Gisagara marshlands.,RAB; RwaSIS; OFRA Rwanda
Rwanda,Southern,Muhanga,Clayey,clayey,47,Marshland,1773,1166.0,428.0,19.6,74.2,5.31,cassava,A,98,2023-11-18,High potential,Acid clays needing lime. Banana-coffee systems; rice in Huye/Gisagara marshlands.,RAB; IITA; IFAD crop suitability
Rwanda,Southern,Muhanga,Alluvial,alluvial,54,Agricultural,1614,1272.0,618.0,22.4,74.4,6.24,banana,B,98,2024-08-23,High potential,Acid clays needing lime. Banana-coffee systems; rice in Huye/Gisagara marshlands.,RAB; FAO ECOCROP; OFRA Rwanda
Rwanda,Southern,Muhanga,Clayey,clayey,64,Agricultural,1760,1267.0,224.0,18.3,65.3,5.43,tomato,C,75,2025-07-21,Moderate potential,Acid clays needing lime. Banana-coffee systems; rice in Huye/Gisagara marshlands.,RAB; FAO ECOCROP
Rwanda,Southern,Muhanga,Clayey,clayey,57,Agricultural,1820,1311.0,446.0,18.7,70.7,5.29,coffee,A,93,2025-05-19,High potential,Acid clays needing lime. Banana-coffee systems; rice in Huye/Gisagara marshlands.,NAEB; RAB; FAO ECOCROP
Rwanda,Southern,Muhanga,Alluvial,alluvial,56,Marshland,1690,1117.0,564.0,20.7,82.6,5.74,beans,B,100,2025-01-05,High potential,Acid clays needing lime. Banana-coffee systems; rice in Huye/Gisagara marshlands.,RAB; OFRA Rwanda; NISR
Rwanda,Southern,Muhanga,Clayey,clayey,49,Agricultural,1724,1310.0,216.0,17.0,62.9,6.43,soybean,C,94,2024-10-06,High potential,Acid clays needing lime. Banana-coffee systems; rice in Huye/Gisagara marshlands.,RAB; OFRA Rwanda
Rwanda,Southern,Muhanga,Alluvial,alluvial,63,Agricultural,1924,1410.0,570.0,18.4,74.7,6.44,beans,A,100,2024-12-26,High potential,Acid clays needing lime. Banana-coffee systems; rice in Huye/Gisagara marshlands.,RAB; OFRA Rwanda; NISR
Rwanda,Southern,Muhanga,Alluvial,alluvial,48,Agricultural,1453,1334.0,534.0,21.3,79.8,5.3,banana,B,95,2024-11-17,High potential,Acid clays needing lime. Banana-coffee systems; rice in Huye/Gisagara marshlands.,RAB; FAO ECOCROP; OFRA Rwanda
Rwanda,Southern,Muhanga,Alluvial,alluvial,74,Agricultural,2047,1366.0,202.0,18.7,66.9,5.32,rice,C,88,2023-09-19,High potential,Acid clays needing lime. Banana-coffee systems; rice in Huye/Gisagara marshlands.,RAB; RwaSIS; OFRA Rwanda
Rwanda,Southern,Muhanga,Alluvial,alluvial,70,Marshland,2037,1300.0,541.0,21.9,82.4,5.89,maize,A,100,2023-11-27,High potential,Acid clays needing lime. Banana-coffee systems; rice in Huye/Gisagara marshlands.,RAB CIP; OFRA Rwanda; FAO ECOCROP
Rwanda,Southern,Muhanga,Clayey,clayey,70,Agricultural,2071,1210.0,576.0,21.3,82.5,6.24,coffee,B,95,2024-05-26,High potential,Acid clays needing lime. Banana-coffee systems; rice in Huye/Gisagara marshlands.,NAEB; RAB; FAO ECOCROP
Rwanda,Southern,Muhanga,Clayey,clayey,56,Agricultural,2048,1300.0,188.0,17.9,59.4,5.83,beans,C,97,2024-10-25,High potential,Acid clays needing lime. Banana-coffee systems; rice in Huye/Gisagara marshlands.,RAB; OFRA Rwanda; NISR
Rwanda,Southern,Muhanga,Clayey,clayey,73,Agricultural,1944,1411.0,554.0,21.0,71.6,5.51,sweet_potato,A,78,2024-11-26,Moderate potential,Acid clays needing lime. Banana-coffee systems; rice in Huye/Gisagara marshlands.,RAB; CIP; FAO ECOCROP
Rwanda,Southern,Muhanga,Clayey,clayey,68,Agricultural,2200,1214.0,591.0,22.4,82.2,5.19,coffee,B,95,2025-07-29,High potential,Acid clays needing lime. Banana-coffee systems; rice in Huye/Gisagara marshlands.,NAEB; RAB; FAO ECOCROP
Rwanda,Southern,Muhanga,Clayey,clayey,78,Agricultural,1744,970.0,156.0,17.1,63.6,5.33,tomato,C,74,2024-08-04,Moderate potential,Acid clays needing lime. Banana-coffee systems; rice in Huye/Gisagara marshlands.,RAB; FAO ECOCROP
Rwanda,Southern,Muhanga,Clayey,clayey,47,Agricultural,1772,1104.0,403.0,20.6,70.7,6.37,beans,A,100,2024-03-02,High potential,Acid clays needing lime. Banana-coffee systems; rice in Huye/Gisagara marshlands.,RAB; OFRA Rwanda; NISR
Rwanda,Southern,Muhanga,Loamy,loamy,76,Agricultural,1867,1485.0,764.0,23.3,77.0,6.4,rice,B,78,2024-08-24,Moderate potential,Acid clays needing lime. Banana-coffee systems; rice in Huye/Gisagara marshlands.,RAB; RwaSIS; OFRA Rwanda
Rwanda,Southern,Muhanga,Alluvial,alluvial,76,Marshland,1550,992.0,170.0,18.9,58.8,6.18,tomato,C,97,2024-01-09,High potential,Acid clays needing lime. Banana-coffee systems; rice in Huye/Gisagara marshlands.,RAB; FAO ECOCROP
Rwanda,Southern,Muhanga,Clayey,clayey,56,Marshland,1546,1196.0,445.0,18.8,74.0,5.18,maize,A,97,2025-05-11,High potential,Acid clays needing lime. Banana-coffee systems; rice in Huye/Gisagara marshlands.,RAB CIP; OFRA Rwanda; FAO ECOCROP
Rwanda,Southern,Muhanga,Loamy,loamy,71,Fallow,1445,1540.0,755.0,18.9,81.2,6.18,cassava,B,100,2024-10-12,High potential,Acid clays needing lime. Banana-coffee systems; rice in Huye/Gisagara marshlands.,RAB; IITA; IFAD crop suitability
Rwanda,Southern,Muhanga,Clayey,clayey,74,Agricultural,2115,1131.0,186.0,17.3,64.8,5.37,beans,C,96,2023-09-24,High potential,Acid clays needing lime. Banana-coffee systems; rice in Huye/Gisagara marshlands.,RAB; OFRA Rwanda; NISR
Rwanda,Southern,Muhanga,Clayey,clayey,69,Agricultural,1961,1146.0,485.0,21.0,71.9,5.84,maize,A,100,2025-03-30,High potential,Acid clays needing lime. Banana-coffee systems; rice in Huye/Gisagara marshlands.,RAB CIP; OFRA Rwanda; FAO ECOCROP
Rwanda,Southern,Muhanga,Loamy,loamy,45,Agricultural,1801,1114.0,526.0,20.1,77.6,5.41,cassava,B,99,2025-04-17,High potential,Acid clays needing lime. Banana-coffee systems; rice in Huye/Gisagara marshlands.,RAB; IITA; IFAD crop suitability
Rwanda,Southern,Muhanga,Clayey,clayey,66,Agricultural,2007,1264.0,224.0,18.2,65.4,6.43,sweet_potato,C,75,2023-09-17,Moderate potential,Acid clays needing lime. Banana-coffee systems; rice in Huye/Gisagara marshlands.,RAB; CIP; FAO ECOCROP
Rwanda,Southern,Muhanga,Clayey,clayey,48,Homestead,1808,1498.0,598.0,19.6,76.0,4.83,sweet_potato,A,75,2024-12-18,Moderate potential,Acid clays needing lime. Banana-coffee systems; rice in Huye/Gisagara marshlands.,RAB; CIP; FAO ECOCROP
Rwanda,Southern,Muhanga,Alluvial,alluvial,47,Agricultural,1992,1071.0,457.0,19.0,80.1,5.94,cassava,B,76,2024-07-27,Moderate potential,Acid clays needing lime. Banana-coffee systems; rice in Huye/Gisagara marshlands.,RAB; IITA; IFAD crop suitability
Rwanda,Southern,Muhanga,Alluvial,alluvial,77,Agricultural,2157,1143.0,198.0,18.1,60.8,5.98,tomato,C,97,2024-08-01,High potential,Acid clays needing lime. Banana-coffee systems; rice in Huye/Gisagara marshlands.,RAB; FAO ECOCROP
Rwanda,Southern,Muhanga,Alluvial,alluvial,60,Agricultural,1798,1475.0,611.0,19.5,79.2,5.64,beans,A,100,2024-07-12,High potential,Acid clays needing lime. Banana-coffee systems; rice in Huye/Gisagara marshlands.,RAB; OFRA Rwanda; NISR
Rwanda,Southern,Muhanga,Loamy,loamy,53,Marshland,2151,1293.0,526.0,22.0,80.8,5.07,rice,B,71,2024-06-02,Moderate potential,Acid clays needing lime. Banana-coffee systems; rice in Huye/Gisagara marshlands.,RAB; RwaSIS; OFRA Rwanda
Rwanda,Southern,Muhanga,Alluvial,alluvial,75,Agricultural,1439,1275.0,216.0,19.9,57.1,5.93,sweet_potato,C,96,2025-05-21,High potential,Acid clays needing lime. Banana-coffee systems; rice in Huye/Gisagara marshlands.,RAB; CIP; FAO ECOCROP
Rwanda,Southern,Muhanga,Alluvial,alluvial,51,Agricultural,1657,1032.0,359.0,20.6,71.2,5.98,maize,A,98,2025-01-03,High potential,Acid clays needing lime. Banana-coffee systems; rice in Huye/Gisagara marshlands.,RAB CIP; OFRA Rwanda; FAO ECOCROP
Rwanda,Southern,Muhanga,Loamy,loamy,46,Agricultural,1652,1319.0,577.0,21.6,76.8,5.39,rice,B,74,2023-11-15,Moderate potential,Acid clays needing lime. Banana-coffee systems; rice in Huye/Gisagara marshlands.,RAB; RwaSIS; OFRA Rwanda
Rwanda,Southern,Muhanga,Loamy,loamy,59,Agricultural,1637,947.0,168.0,19.4,59.5,5.62,sweet_potato,C,96,2024-02-05,High potential,Acid clays needing lime. Banana-coffee systems; rice in Huye/Gisagara marshlands.,RAB; CIP; FAO ECOCROP
Rwanda,Southern,Muhanga,Clayey,clayey,63,Homestead,1729,1180.0,439.0,20.4,71.0,5.7,maize,A,99,2024-01-26,High potential,Acid clays needing lime. Banana-coffee systems; rice in Huye/Gisagara marshlands.,RAB CIP; OFRA Rwanda; FAO ECOCROP
Rwanda,Southern,Muhanga,Alluvial,alluvial,52,Agricultural,1736,1264.0,576.0,22.7,75.6,5.81,rice,B,97,2025-06-27,High potential,Acid clays needing lime. Banana-coffee systems; rice in Huye/Gisagara marshlands.,RAB; RwaSIS; OFRA Rwanda
Rwanda,Southern,Muhanga,Clayey,clayey,45,Agricultural,1978,1384.0,204.0,18.8,54.4,5.3,beans,C,96,2023-12-19,High potential,Acid clays needing lime. Banana-coffee systems; rice in Huye/Gisagara marshlands.,RAB; OFRA Rwanda; NISR
Rwanda,Southern,Muhanga,Clayey,clayey,55,Agricultural,2196,1275.0,546.0,19.1,78.5,5.87,banana,A,97,2025-01-19,High potential,Acid clays needing lime. Banana-coffee systems; rice in Huye/Gisagara marshlands.,RAB; FAO ECOCROP; OFRA Rwanda
Rwanda,Southern,Muhanga,Alluvial,alluvial,51,Agricultural,2162,1231.0,481.0,19.4,74.9,5.05,sorghum,B,74,2024-05-06,Moderate potential,Acid clays needing lime. Banana-coffee systems; rice in Huye/Gisagara marshlands.,RAB; OFRA Rwanda; IFAD
Rwanda,Southern,Muhanga,Loamy,loamy,55,Agricultural,2123,1389.0,254.0,18.3,62.6,6.09,rice,C,66,2024-12-02,Moderate potential,Acid clays needing lime. Banana-coffee systems; rice in Huye/Gisagara marshlands.,RAB; RwaSIS; OFRA Rwanda
Rwanda,Southern,Muhanga,Loamy,loamy,77,Marshland,1670,1337.0,554.0,17.8,71.9,5.27,banana,A,95,2024-11-16,High potential,Acid clays needing lime. Banana-coffee systems; rice in Huye/Gisagara marshlands.,RAB; FAO ECOCROP; OFRA Rwanda
Rwanda,Southern,Muhanga,Loamy,loamy,74,Marshland,2102,1356.0,643.0,22.6,82.9,5.54,beans,B,100,2024-09-29,High potential,Acid clays needing lime. Banana-coffee systems; rice in Huye/Gisagara marshlands.,RAB; OFRA Rwanda; NISR
Rwanda,Southern,Muhanga,Loamy,loamy,63,Agricultural,1408,1013.0,149.0,16.8,55.9,5.7,sweet_potato,C,96,2024-12-24,High potential,Acid clays needing lime. Banana-coffee systems; rice in Huye/Gisagara marshlands.,RAB; CIP; FAO ECOCROP
Rwanda,Southern,Muhanga,Loamy,loamy,53,Agricultural,2163,1252.0,528.0,18.8,72.7,6.33,sweet_potato,A,100,2023-11-25,High potential,Acid clays needing lime. Banana-coffee systems; rice in Huye/Gisagara marshlands.,RAB; CIP; FAO ECOCROP
Rwanda,Southern,Muhanga,Alluvial,alluvial,61,Marshland,2050,1465.0,670.0,20.2,84.1,6.43,cassava,B,78,2024-02-16,Moderate potential,Acid clays needing lime. Banana-coffee systems; rice in Huye/Gisagara marshlands.,RAB; IITA; IFAD crop suitability
Rwanda,Southern,Muhanga,Alluvial,alluvial,68,Agricultural,1947,1426.0,215.0,17.6,65.4,5.04,beans,C,94,2024-08-01,High potential,Acid clays needing lime. Banana-coffee systems; rice in Huye/Gisagara marshlands.,RAB; OFRA Rwanda; NISR
Rwanda,Southern,Muhanga,Alluvial,alluvial,59,Agricultural,1493,1300.0,431.0,20.1,68.6,5.72,beans,A,100,2023-10-08,High potential,Acid clays needing lime. Banana-coffee systems; rice in Huye/Gisagara marshlands.,RAB; OFRA Rwanda; NISR
Rwanda,Southern,Muhanga,Loamy,loamy,67,Agricultural,1528,1351.0,647.0,22.8,79.7,5.78,beans,B,100,2024-07-05,High potential,Acid clays needing lime. Banana-coffee systems; rice in Huye/Gisagara marshlands.,RAB; OFRA Rwanda; NISR
Rwanda,Southern,Muhanga,Loamy,loamy,47,Fallow,1885,1077.0,178.0,18.7,62.7,6.05,soybean,C,96,2025-05-22,High potential,Acid clays needing lime. Banana-coffee systems; rice in Huye/Gisagara marshlands.,RAB; OFRA Rwanda
Rwanda,Southern,Muhanga,Loamy,loamy,58,Agricultural,2058,1175.0,493.0,19.3,74.9,5.48,maize,A,100,2025-04-11,High potential,Acid clays needing lime. Banana-coffee systems; rice in Huye/Gisagara marshlands.,RAB CIP; OFRA Rwanda; FAO ECOCROP
Rwanda,Southern,Muhanga,Loamy,loamy,51,Agricultural,1645,1273.0,623.0,20.3,84.2,6.09,cassava,B,100,2023-12-04,High potential,Acid clays needing lime. Banana-coffee systems; rice in Huye/Gisagara marshlands.,RAB; IITA; IFAD crop suitability
Rwanda,Southern,Muhanga,Alluvial,alluvial,70,Agricultural,1551,1357.0,259.0,18.1,63.6,5.13,soybean,C,94,2024-12-29,High potential,Acid clays needing lime. Banana-coffee systems; rice in Huye/Gisagara marshlands.,RAB; OFRA Rwanda
Rwanda,Southern,Muhanga,Clayey,clayey,66,Agricultural,2015,1467.0,571.0,20.2,71.2,5.82,sweet_potato,A,78,2025-02-08,Moderate potential,Acid clays needing lime. Banana-coffee systems; rice in Huye/Gisagara marshlands.,RAB; CIP; FAO ECOCROP
Rwanda,Southern,Muhanga,Alluvial,alluvial,56,Agricultural,1653,1230.0,534.0,18.7,71.2,5.0,cassava,B,77,2024-02-03,Moderate potential,Acid clays needing lime. Banana-coffee systems; rice in Huye/Gisagara marshlands.,RAB; IITA; IFAD crop suitability
Rwanda,Southern,Muhanga,Alluvial,alluvial,74,Agricultural,1685,1272.0,242.0,16.6,65.7,5.47,beans,C,98,2025-06-09,High potential,Acid clays needing lime. Banana-coffee systems; rice in Huye/Gisagara marshlands.,RAB; OFRA Rwanda; NISR
Rwanda,Southern,Muhanga,Alluvial,alluvial,63,Agricultural,1521,1035.0,415.0,19.5,71.2,5.38,sweet_potato,A,99,2023-10-08,High potential,Acid clays needing lime. Banana-coffee systems; rice in Huye/Gisagara marshlands.,RAB; CIP; FAO ECOCROP
Rwanda,Southern,Muhanga,Loamy,loamy,51,Agricultural,2084,1456.0,661.0,18.7,77.6,5.08,rice,B,70,2024-07-09,Moderate potential,Acid clays needing lime. Banana-coffee systems; rice in Huye/Gisagara marshlands.,RAB; RwaSIS; OFRA Rwanda
Rwanda,Southern,Muhanga,Clayey,clayey,50,Agricultural,1965,1031.0,195.0,15.8,60.2,5.01,tomato,C,71,2024-07-30,Moderate potential,Acid clays needing lime. Banana-coffee systems; rice in Huye/Gisagara marshlands.,RAB; FAO ECOCROP
Rwanda,Southern,Muhanga,Loamy,loamy,45,Agricultural,2106,1268.0,420.0,20.2,78.0,5.38,banana,A,94,2024-08-20,High potential,Acid clays needing lime. Banana-coffee systems; rice in Huye/Gisagara marshlands.,RAB; FAO ECOCROP; OFRA Rwanda
Rwanda,Southern,Muhanga,Loamy,loamy,70,Agricultural,1766,1471.0,739.0,21.0,70.9,5.61,sorghum,B,100,2024-06-11,High potential,Acid clays needing lime. Banana-coffee systems; rice in Huye/Gisagara marshlands.,RAB; OFRA Rwanda; IFAD
Rwanda,Southern,Muhanga,Clayey,clayey,45,Agricultural,2076,1119.0,206.0,16.1,67.4,6.36,soybean,C,92,2024-10-15,High potential,Acid clays needing lime. Banana-coffee systems; rice in Huye/Gisagara marshlands.,RAB; OFRA Rwanda
Rwanda,Southern,Muhanga,Alluvial,alluvial,72,Agricultural,1795,1324.0,524.0,20.9,77.1,5.12,coffee,A,72,2025-02-03,Moderate potential,Acid clays needing lime. Banana-coffee systems; rice in Huye/Gisagara marshlands.,NAEB; RAB; FAO ECOCROP
Rwanda,Southern,Muhanga,Clayey,clayey,51,Agricultural,1865,1312.0,593.0,22.4,85.4,6.22,cassava,B,100,2024-08-21,High potential,Acid clays needing lime. Banana-coffee systems; rice in Huye/Gisagara marshlands.,RAB; IITA; IFAD crop suitability
Rwanda,Southern,Muhanga,Clayey,clayey,46,Agricultural,2190,1329.0,241.0,18.2,66.7,6.2,sweet_potato,C,75,2024-11-08,Moderate potential,Acid clays needing lime. Banana-coffee systems; rice in Huye/Gisagara marshlands.,RAB; CIP; FAO ECOCROP
Rwanda,Southern,Muhanga,Loamy,loamy,48,Agricultural,1590,1390.0,520.0,19.6,73.0,5.29,maize,A,98,2025-04-11,High potential,Acid clays needing lime. Banana-coffee systems; rice in Huye/Gisagara marshlands.,RAB CIP; OFRA Rwanda; FAO ECOCROP
Rwanda,Southern,Muhanga,Clayey,clayey,62,Agricultural,1400,1253.0,583.0,19.3,75.9,5.97,beans,B,100,2024-10-29,High potential,Acid clays needing lime. Banana-coffee systems; rice in Huye/Gisagara marshlands.,RAB; OFRA Rwanda; NISR
Rwanda,Southern,Muhanga,Clayey,clayey,56,Agricultural,1584,1229.0,207.0,19.2,59.5,6.49,tomato,C,76,2024-05-21,Moderate potential,Acid clays needing lime. Banana-coffee systems; rice in Huye/Gisagara marshlands.,RAB; FAO ECOCROP
Rwanda,Southern,Muhanga,Loamy,loamy,46,Fallow,2147,1286.0,488.0,20.4,75.8,6.4,maize,A,100,2025-02-22,High potential,Acid clays needing lime. Banana-coffee systems; rice in Huye/Gisagara marshlands.,RAB CIP; OFRA Rwanda; FAO ECOCROP
Rwanda,Southern,Muhanga,Clayey,clayey,45,Agricultural,1551,1090.0,502.0,21.3,85.0,5.16,beans,B,97,2025-01-24,High potential,Acid clays needing lime. Banana-coffee systems; rice in Huye/Gisagara marshlands.,RAB; OFRA Rwanda; NISR
Rwanda,Southern,Muhanga,Alluvial,alluvial,70,Agricultural,1839,1210.0,202.0,18.4,54.0,6.24,rice,C,83,2024-08-15,High potential,Acid clays needing lime. Banana-coffee systems; rice in Huye/Gisagara marshlands.,RAB; RwaSIS; OFRA Rwanda
Rwanda,Southern,Muhanga,Clayey,clayey,51,Agricultural,1459,1273.0,416.0,19.3,80.9,5.26,coffee,A,93,2023-10-06,High potential,Acid clays needing lime. Banana-coffee systems; rice in Huye/Gisagara marshlands.,NAEB; RAB; FAO ECOCROP
Rwanda,Southern,Muhanga,Loamy,loamy,52,Agricultural,1564,1133.0,515.0,19.9,77.9,6.22,banana,B,96,2023-09-16,High potential,Acid clays needing lime. Banana-coffee systems; rice in Huye/Gisagara marshlands.,RAB; FAO ECOCROP; OFRA Rwanda
Rwanda,Southern,Muhanga,Clayey,clayey,67,Agricultural,2135,1031.0,165.0,14.8,59.1,5.94,beans,C,97,2024-03-25,High potential,Acid clays needing lime. Banana-coffee systems; rice in Huye/Gisagara marshlands.,RAB; OFRA Rwanda; NISR
Rwanda,Southern,Muhanga,Clayey,clayey,80,Agricultural,1624,1094.0,458.0,21.5,74.0,5.03,banana,A,92,2024-10-11,High potential,Acid clays needing lime. Banana-coffee systems; rice in Huye/Gisagara marshlands.,RAB; FAO ECOCROP; OFRA Rwanda
Rwanda,Southern,Muhanga,Alluvial,alluvial,59,Agricultural,1743,1315.0,644.0,19.3,84.8,6.27,rice,B,96,2025-04-08,High potential,Acid clays needing lime. Banana-coffee systems; rice in Huye/Gisagara marshlands.,RAB; RwaSIS; OFRA Rwanda
Rwanda,Southern,Muhanga,Alluvial,alluvial,54,Marshland,1955,1137.0,204.0,17.1,64.1,6.29,sweet_potato,C,96,2025-07-12,High potential,Acid clays needing lime. Banana-coffee systems; rice in Huye/Gisagara marshlands.,RAB; CIP; FAO ECOCROP
Rwanda,Southern,Muhanga,Clayey,clayey,50,Agricultural,2181,1096.0,434.0,21.5,78.9,6.48,cassava,A,98,2025-05-19,High potential,Acid clays needing lime. Banana-coffee systems; rice in Huye/Gisagara marshlands.,RAB; IITA; IFAD crop suitability
Rwanda,Southern,Muhanga,Alluvial,alluvial,73,Agricultural,1959,1357.0,571.0,18.5,75.1,4.98,coffee,B,72,2023-11-14,Moderate potential,Acid clays needing lime. Banana-coffee systems; rice in Huye/Gisagara marshlands.,NAEB; RAB; FAO ECOCROP
Rwanda,Southern,Muhanga,Clayey,clayey,62,Agricultural,2144,1382.0,218.0,18.6,62.7,5.33,sweet_potato,C,74,2025-05-22,Moderate potential,Acid clays needing lime. Banana-coffee systems; rice in Huye/Gisagara marshlands.,RAB; CIP; FAO ECOCROP
Rwanda,Southern,Muhanga,Alluvial,alluvial,46,Agricultural,1563,1142.0,446.0,20.4,75.2,5.76,beans,A,100,2024-05-02,High potential,Acid clays needing lime. Banana-coffee systems; rice in Huye/Gisagara marshlands.,RAB; OFRA Rwanda; NISR
Rwanda,Southern,Muhanga,Clayey,clayey,69,Marshland,2097,1397.0,711.0,21.3,78.2,5.7,sorghum,B,98,2024-06-08,High potential,Acid clays needing lime. Banana-coffee systems; rice in Huye/Gisagara marshlands.,RAB; OFRA Rwanda; IFAD
Rwanda,Southern,Muhanga,Alluvial,alluvial,50,Agricultural,1825,1300.0,213.0,19.1,62.3,6.07,tomato,C,98,2024-03-28,High potential,Acid clays needing lime. Banana-coffee systems; rice in Huye/Gisagara marshlands.,RAB; FAO ECOCROP
Rwanda,Southern,Muhanga,Alluvial,alluvial,59,Agricultural,1975,1439.0,515.0,19.5,74.8,6.43,banana,A,96,2025-02-13,High potential,Acid clays needing lime. Banana-coffee systems; rice in Huye/Gisagara marshlands.,RAB; FAO ECOCROP; OFRA Rwanda
Rwanda,Southern,Muhanga,Alluvial,alluvial,69,Agricultural,1586,1551.0,798.0,19.2,77.8,5.36,beans,B,99,2025-05-21,High potential,Acid clays needing lime. Banana-coffee systems; rice in Huye/Gisagara marshlands.,RAB; OFRA Rwanda; NISR
Rwanda,Southern,Muhanga,Clayey,clayey,66,Agricultural,2198,986.0,180.0,19.0,65.7,4.98,beans,C,93,2025-01-13,High potential,Acid clays needing lime. Banana-coffee systems; rice in Huye/Gisagara marshlands.,RAB; OFRA Rwanda; NISR
Rwanda,Southern,Muhanga,Loamy,loamy,79,Agricultural,1726,1047.0,419.0,20.4,69.8,5.2,sweet_potato,A,99,2025-05-19,High potential,Acid clays needing lime. Banana-coffee systems; rice in Huye/Gisagara marshlands.,RAB; CIP; FAO ECOCROP
Rwanda,Southern,Muhanga,Loamy,loamy,75,Agricultural,2119,1339.0,516.0,19.8,82.1,5.7,rice,B,74,2025-01-13,Moderate potential,Acid clays needing lime. Banana-coffee systems; rice in Huye/Gisagara marshlands.,RAB; RwaSIS; OFRA Rwanda
Rwanda,Southern,Kamonyi,Loamy,loamy,63,Agricultural,1657,1175.0,407.0,20.8,79.0,4.81,cassava,A,96,2024-11-26,High potential,Acid clays needing lime. Banana-coffee systems; rice in Huye/Gisagara marshlands.,RAB; IITA; IFAD crop suitability
Rwanda,Southern,Kamonyi,Loamy,loamy,53,Agricultural,1410,1330.0,527.0,20.8,76.3,6.37,sorghum,B,99,2025-06-28,High potential,Acid clays needing lime. Banana-coffee systems; rice in Huye/Gisagara marshlands.,RAB; OFRA Rwanda; IFAD
Rwanda,Southern,Kamonyi,Loamy,loamy,66,Agricultural,1406,992.0,155.0,17.9,67.0,5.11,beans,C,94,2024-10-30,High potential,Acid clays needing lime. Banana-coffee systems; rice in Huye/Gisagara marshlands.,RAB; OFRA Rwanda; NISR
Rwanda,Southern,Kamonyi,Clayey,clayey,64,Marshland,1419,1210.0,495.0,20.3,72.7,5.29,cassava,A,99,2024-02-14,High potential,Acid clays needing lime. Banana-coffee systems; rice in Huye/Gisagara marshlands.,RAB; IITA; IFAD crop suitability
Rwanda,Southern,Kamonyi,Alluvial,alluvial,53,Agricultural,1436,1051.0,523.0,23.3,81.6,5.81,banana,B,97,2025-04-16,High potential,Acid clays needing lime. Banana-coffee systems; rice in Huye/Gisagara marshlands.,RAB; FAO ECOCROP; OFRA Rwanda
Rwanda,Southern,Kamonyi,Alluvial,alluvial,54,Fallow,2119,1381.0,264.0,18.1,62.8,6.27,beans,C,98,2025-06-06,High potential,Acid clays needing lime. Banana-coffee systems; rice in Huye/Gisagara marshlands.,RAB; OFRA Rwanda; NISR
Rwanda,Southern,Kamonyi,Clayey,clayey,68,Marshland,2057,1294.0,518.0,21.6,78.3,4.95,coffee,A,94,2024-08-21,High potential,Acid clays needing lime. Banana-coffee systems; rice in Huye/Gisagara marshlands.,NAEB; RAB; FAO ECOCROP
Rwanda,Southern,Kamonyi,Clayey,clayey,60,Agricultural,2010,1098.0,466.0,21.9,79.7,5.22,coffee,B,93,2024-07-05,High potential,Acid clays needing lime. Banana-coffee systems; rice in Huye/Gisagara marshlands.,NAEB; RAB; FAO ECOCROP
Rwanda,Southern,Kamonyi,Loamy,loamy,47,Agricultural,1983,1293.0,201.0,19.8,61.7,6.49,rice,C,68,2023-12-02,Moderate potential,Acid clays needing lime. Banana-coffee systems; rice in Huye/Gisagara marshlands.,RAB; RwaSIS; OFRA Rwanda
Rwanda,Southern,Kamonyi,Clayey,clayey,59,Agricultural,1853,1377.0,592.0,19.9,75.4,6.26,coffee,A,95,2025-01-30,High potential,Acid clays needing lime. Banana-coffee systems; rice in Huye/Gisagara marshlands.,NAEB; RAB; FAO ECOCROP
Rwanda,Southern,Kamonyi,Loamy,loamy,63,Marshland,2051,1338.0,654.0,20.5,73.8,4.89,cassava,B,99,2024-06-02,High potential,Acid clays needing lime. Banana-coffee systems; rice in Huye/Gisagara marshlands.,RAB; IITA; IFAD crop suitability
Rwanda,Southern,Kamonyi,Loamy,loamy,46,Agricultural,2029,1332.0,208.0,19.6,64.0,4.87,beans,C,93,2025-03-01,High potential,Acid clays needing lime. Banana-coffee systems; rice in Huye/Gisagara marshlands.,RAB; OFRA Rwanda; NISR
Rwanda,Southern,Kamonyi,Alluvial,alluvial,49,Homestead,1596,1096.0,366.0,22.0,81.5,6.27,coffee,A,70,2025-03-31,Moderate potential,Acid clays needing lime. Banana-coffee systems; rice in Huye/Gisagara marshlands.,NAEB; RAB; FAO ECOCROP
Rwanda,Southern,Kamonyi,Alluvial,alluvial,67,Homestead,1447,1414.0,624.0,18.9,76.9,5.62,sorghum,B,77,2024-05-30,Moderate potential,Acid clays needing lime. Banana-coffee systems; rice in Huye/Gisagara marshlands.,RAB; OFRA Rwanda; IFAD
Rwanda,Southern,Kamonyi,Loamy,loamy,80,Agricultural,2115,1324.0,241.0,19.0,60.1,4.87,soybean,C,92,2024-12-24,High potential,Acid clays needing lime. Banana-coffee systems; rice in Huye/Gisagara marshlands.,RAB; OFRA Rwanda
Rwanda,Southern,Kamonyi,Alluvial,alluvial,55,Agricultural,1940,1046.0,393.0,21.3,76.4,5.57,cassava,A,75,2024-06-15,Moderate potential,Acid clays needing lime. Banana-coffee systems; rice in Huye/Gisagara marshlands.,RAB; IITA; IFAD crop suitability
Rwanda,Southern,Kamonyi,Loamy,loamy,74,Agricultural,1831,1239.0,629.0,21.7,84.7,6.1,coffee,B,95,2024-02-19,High potential,Acid clays needing lime. Banana-coffee systems; rice in Huye/Gisagara marshlands.,NAEB; RAB; FAO ECOCROP
Rwanda,Southern,Kamonyi,Alluvial,alluvial,74,Agricultural,1401,1385.0,209.0,19.3,62.1,5.54,sweet_potato,C,96,2024-08-28,High potential,Acid clays needing lime. Banana-coffee systems; rice in Huye/Gisagara marshlands.,RAB; CIP; FAO ECOCROP
Rwanda,Southern,Kamonyi,Alluvial,alluvial,68,Homestead,2050,1148.0,483.0,19.5,77.5,6.27,banana,A,96,2024-09-23,High potential,Acid clays needing lime. Banana-coffee systems; rice in Huye/Gisagara marshlands.,RAB; FAO ECOCROP; OFRA Rwanda
Rwanda,Southern,Kamonyi,Clayey,clayey,62,Agricultural,1487,1326.0,682.0,20.7,82.4,5.38,sorghum,B,95,2025-05-28,High potential,Acid clays needing lime. Banana-coffee systems; rice in Huye/Gisagara marshlands.,RAB; OFRA Rwanda; IFAD
Rwanda,Southern,Kamonyi,Clayey,clayey,77,Agricultural,1423,1251.0,195.0,18.8,63.0,5.16,beans,C,95,2025-05-02,High potential,Acid clays needing lime. Banana-coffee systems; rice in Huye/Gisagara marshlands.,RAB; OFRA Rwanda; NISR
Rwanda,Southern,Kamonyi,Alluvial,alluvial,64,Marshland,1520,1112.0,391.0,20.7,72.1,6.41,cassava,A,75,2025-07-26,Moderate potential,Acid clays needing lime. Banana-coffee systems; rice in Huye/Gisagara marshlands.,RAB; IITA; IFAD crop suitability
Rwanda,Southern,Kamonyi,Clayey,clayey,76,Agricultural,1967,1332.0,578.0,20.3,76.4,6.38,banana,B,97,2023-09-11,High potential,Acid clays needing lime. Banana-coffee systems; rice in Huye/Gisagara marshlands.,RAB; FAO ECOCROP; OFRA Rwanda
Rwanda,Southern,Kamonyi,Alluvial,alluvial,74,Agricultural,1527,1028.0,161.0,16.7,66.0,6.44,rice,C,84,2024-12-20,High potential,Acid clays needing lime. Banana-coffee systems; rice in Huye/Gisagara marshlands.,RAB; RwaSIS; OFRA Rwanda
Rwanda,Southern,Kamonyi,Loamy,loamy,68,Agricultural,1957,1017.0,355.0,21.0,72.1,6.26,cassava,A,97,2023-09-10,High potential,Acid clays needing lime. Banana-coffee systems; rice in Huye/Gisagara marshlands.,RAB; IITA; IFAD crop suitability
Rwanda,Southern,Kamonyi,Alluvial,alluvial,62,Agricultural,1514,1554.0,661.0,21.6,76.0,6.28,cassava,B,78,2024-12-21,Moderate potential,Acid clays needing lime. Banana-coffee systems; rice in Huye/Gisagara marshlands.,RAB; IITA; IFAD crop suitability
Rwanda,Southern,Kamonyi,Clayey,clayey,68,Agricultural,1797,1285.0,206.0,18.1,65.2,6.44,tomato,C,76,2023-10-07,Moderate potential,Acid clays needing lime. Banana-coffee systems; rice in Huye/Gisagara marshlands.,RAB; FAO ECOCROP
Rwanda,Southern,Kamonyi,Loamy,loamy,53,Agricultural,1487,1016.0,396.0,20.8,76.6,6.47,sweet_potato,A,99,2025-06-13,High potential,Acid clays needing lime. Banana-coffee systems; rice in Huye/Gisagara marshlands.,RAB; CIP; FAO ECOCROP
Rwanda,Southern,Kamonyi,Alluvial,alluvial,57,Agricultural,2082,1333.0,571.0,24.0,85.0,5.51,rice,B,97,2025-02-28,High potential,Acid clays needing lime. Banana-coffee systems; rice in Huye/Gisagara marshlands.,RAB; RwaSIS; OFRA Rwanda
Rwanda,Southern,Kamonyi,Alluvial,alluvial,45,Marshland,1753,1101.0,213.0,18.8,60.2,4.85,beans,C,92,2024-08-04,High potential,Acid clays needing lime. Banana-coffee systems; rice in Huye/Gisagara marshlands.,RAB; OFRA Rwanda; NISR
Rwanda,Southern,Kamonyi,Alluvial,alluvial,57,Agricultural,2049,1291.0,516.0,20.0,68.2,5.25,cassava,A,77,2023-10-29,Moderate potential,Acid clays needing lime. Banana-coffee systems; rice in Huye/Gisagara marshlands.,RAB; IITA; IFAD crop suitability
Rwanda,Southern,Kamonyi,Clayey,clayey,78,Agricultural,1726,1128.0,519.0,19.6,78.2,4.86,rice,B,90,2025-01-12,High potential,Acid clays needing lime. Banana-coffee systems; rice in Huye/Gisagara marshlands.,RAB; RwaSIS; OFRA Rwanda
Rwanda,Southern,Kamonyi,Loamy,loamy,75,Agricultural,1993,1216.0,211.0,18.9,62.0,4.94,tomato,C,93,2024-02-01,High potential,Acid clays needing lime. Banana-coffee systems; rice in Huye/Gisagara marshlands.,RAB; FAO ECOCROP
Rwanda,Southern,Kamonyi,Loamy,loamy,51,Agricultural,1828,987.0,419.0,22.0,70.5,6.17,banana,A,95,2023-09-22,High potential,Acid clays needing lime. Banana-coffee systems; rice in Huye/Gisagara marshlands.,RAB; FAO ECOCROP; OFRA Rwanda
Rwanda,Southern,Kamonyi,Alluvial,alluvial,45,Marshland,2166,1070.0,553.0,20.9,74.0,5.09,rice,B,94,2025-02-25,High potential,Acid clays needing lime. Banana-coffee systems; rice in Huye/Gisagara marshlands.,RAB; RwaSIS; OFRA Rwanda
Rwanda,Southern,Kamonyi,Alluvial,alluvial,72,Agricultural,1511,1288.0,235.0,21.0,65.8,5.87,sweet_potato,C,97,2023-10-12,High potential,Acid clays needing lime. Banana-coffee systems; rice in Huye/Gisagara marshlands.,RAB; CIP; FAO ECOCROP
Rwanda,Southern,Kamonyi,Clayey,clayey,66,Agricultural,1508,1117.0,398.0,20.2,77.8,5.82,beans,A,100,2025-05-22,High potential,Acid clays needing lime. Banana-coffee systems; rice in Huye/Gisagara marshlands.,RAB; OFRA Rwanda; NISR
Rwanda,Southern,Kamonyi,Loamy,loamy,61,Agricultural,1662,1150.0,526.0,20.7,88.7,6.25,cassava,B,97,2024-07-16,High potential,Acid clays needing lime. Banana-coffee systems; rice in Huye/Gisagara marshlands.,RAB; IITA; IFAD crop suitability
Rwanda,Southern,Kamonyi,Loamy,loamy,70,Fallow,1854,1471.0,255.0,14.7,61.0,4.92,sweet_potato,C,91,2024-08-05,High potential,Acid clays needing lime. Banana-coffee systems; rice in Huye/Gisagara marshlands.,RAB; CIP; FAO ECOCROP
Rwanda,Southern,Kamonyi,Loamy,loamy,52,Agricultural,1938,1390.0,527.0,21.0,77.0,5.37,sweet_potato,A,100,2024-04-15,High potential,Acid clays needing lime. Banana-coffee systems; rice in Huye/Gisagara marshlands.,RAB; CIP; FAO ECOCROP
Rwanda,Southern,Kamonyi,Alluvial,alluvial,56,Agricultural,1481,1386.0,664.0,21.7,85.8,6.2,coffee,B,74,2023-10-04,Moderate potential,Acid clays needing lime. Banana-coffee systems; rice in Huye/Gisagara marshlands.,NAEB; RAB; FAO ECOCROP
Rwanda,Southern,Kamonyi,Clayey,clayey,70,Agricultural,1597,1333.0,259.0,18.8,70.6,5.6,rice,C,90,2023-12-26,High potential,Acid clays needing lime. Banana-coffee systems; rice in Huye/Gisagara marshlands.,RAB; RwaSIS; OFRA Rwanda
Rwanda,Southern,Kamonyi,Alluvial,alluvial,60,Agricultural,1757,1166.0,468.0,22.3,79.9,5.25,maize,A,98,2023-12-18,High potential,Acid clays needing lime. Banana-coffee systems; rice in Huye/Gisagara marshlands.,RAB CIP; OFRA Rwanda; FAO ECOCROP
Rwanda,Southern,Kamonyi,Loamy,loamy,46,Agricultural,2136,1166.0,447.0,20.2,80.0,5.5,beans,B,100,2024-03-15,High potential,Acid clays needing lime. Banana-coffee systems; rice in Huye/Gisagara marshlands.,RAB; OFRA Rwanda; NISR
Rwanda,Southern,Kamonyi,Alluvial,alluvial,48,Homestead,1753,1220.0,198.0,18.3,58.5,4.99,rice,C,81,2025-06-20,High potential,Acid clays needing lime. Banana-coffee systems; rice in Huye/Gisagara marshlands.,RAB; RwaSIS; OFRA Rwanda
Rwanda,Southern,Kamonyi,Alluvial,alluvial,61,Agricultural,1885,1448.0,518.0,19.9,77.9,6.04,cassava,A,77,2023-09-30,Moderate potential,Acid clays needing lime. Banana-coffee systems; rice in Huye/Gisagara marshlands.,RAB; IITA; IFAD crop suitability
Rwanda,Southern,Kamonyi,Clayey,clayey,52,Agricultural,1898,1357.0,631.0,21.3,77.5,5.8,sorghum,B,99,2024-08-12,High potential,Acid clays needing lime. Banana-coffee systems; rice in Huye/Gisagara marshlands.,RAB; OFRA Rwanda; IFAD
Rwanda,Southern,Kamonyi,Alluvial,alluvial,76,Agricultural,2072,1076.0,182.0,17.2,58.4,5.52,rice,C,82,2023-12-02,High potential,Acid clays needing lime. Banana-coffee systems; rice in Huye/Gisagara marshlands.,RAB; RwaSIS; OFRA Rwanda
Rwanda,Southern,Kamonyi,Loamy,loamy,62,Agricultural,1935,1231.0,506.0,20.1,80.6,5.28,maize,A,98,2024-10-02,High potential,Acid clays needing lime. Banana-coffee systems; rice in Huye/Gisagara marshlands.,RAB CIP; OFRA Rwanda; FAO ECOCROP
Rwanda,Southern,Kamonyi,Loamy,loamy,67,Marshland,2158,1303.0,567.0,19.7,73.9,5.84,beans,B,100,2025-01-12,High potential,Acid clays needing lime. Banana-coffee systems; rice in Huye/Gisagara marshlands.,RAB; OFRA Rwanda; NISR
Rwanda,Southern,Kamonyi,Clayey,clayey,67,Marshland,1606,945.0,148.0,17.8,53.2,5.01,sweet_potato,C,71,2024-08-01,Moderate potential,Acid clays needing lime. Banana-coffee systems; rice in Huye/Gisagara marshlands.,RAB; CIP; FAO ECOCROP
Rwanda,Southern,Kamonyi,Clayey,clayey,79,Agricultural,1733,1381.0,496.0,21.2,79.7,5.45,sweet_potato,A,78,2024-02-14,Moderate potential,Acid clays needing lime. Banana-coffee systems; rice in Huye/Gisagara marshlands.,RAB; CIP; FAO ECOCROP
Rwanda,Southern,Kamonyi,Loamy,loamy,61,Agricultural,2166,1398.0,576.0,22.0,78.2,5.33,rice,B,74,2024-01-16,Moderate potential,Acid clays needing lime. Banana-coffee systems; rice in Huye/Gisagara marshlands.,RAB; RwaSIS; OFRA Rwanda
Rwanda,Southern,Kamonyi,Alluvial,alluvial,68,Agricultural,1970,1051.0,195.0,17.4,65.2,5.01,tomato,C,94,2024-01-23,High potential,Acid clays needing lime. Banana-coffee systems; rice in Huye/Gisagara marshlands.,RAB; FAO ECOCROP
Rwanda,Southern,Kamonyi,Loamy,loamy,80,Agricultural,1991,1118.0,457.0,20.4,79.4,4.85,beans,A,95,2023-12-29,High potential,Acid clays needing lime. Banana-coffee systems; rice in Huye/Gisagara marshlands.,RAB; OFRA Rwanda; NISR
Rwanda,Southern,Kamonyi,Alluvial,alluvial,59,Agricultural,2010,1153.0,527.0,21.2,69.5,6.11,sorghum,B,78,2024-09-29,Moderate potential,Acid clays needing lime. Banana-coffee systems; rice in Huye/Gisagara marshlands.,RAB; OFRA Rwanda; IFAD
Rwanda,Southern,Kamonyi,Alluvial,alluvial,57,Agricultural,1537,1088.0,200.0,18.9,60.7,4.82,rice,C,82,2024-10-17,High potential,Acid clays needing lime. Banana-coffee systems; rice in Huye/Gisagara marshlands.,RAB; RwaSIS; OFRA Rwanda
Rwanda,Southern,Kamonyi,Clayey,clayey,67,Marshland,2148,1131.0,403.0,20.6,76.8,4.97,banana,A,91,2023-12-30,High potential,Acid clays needing lime. Banana-coffee systems; rice in Huye/Gisagara marshlands.,RAB; FAO ECOCROP; OFRA Rwanda
Rwanda,Southern,Kamonyi,Alluvial,alluvial,75,Agricultural,1995,1041.0,454.0,22.0,80.4,6.34,banana,B,96,2023-10-27,High potential,Acid clays needing lime. Banana-coffee systems; rice in Huye/Gisagara marshlands.,RAB; FAO ECOCROP; OFRA Rwanda
Rwanda,Southern,Kamonyi,Loamy,loamy,68,Agricultural,1718,1289.0,232.0,18.8,60.6,5.11,rice,C,63,2024-10-25,Moderate potential,Acid clays needing lime. Banana-coffee systems; rice in Huye/Gisagara marshlands.,RAB; RwaSIS; OFRA Rwanda
Rwanda,Southern,Kamonyi,Loamy,loamy,67,Agricultural,1523,1321.0,437.0,18.4,79.1,6.0,maize,A,99,2024-11-10,High potential,Acid clays needing lime. Banana-coffee systems; rice in Huye/Gisagara marshlands.,RAB CIP; OFRA Rwanda; FAO ECOCROP
Rwanda,Southern,Kamonyi,Clayey,clayey,62,Agricultural,1874,1302.0,621.0,21.3,91.6,5.13,beans,B,94,2024-03-19,High potential,Acid clays needing lime. Banana-coffee systems; rice in Huye/Gisagara marshlands.,RAB; OFRA Rwanda; NISR
Rwanda,Southern,Kamonyi,Alluvial,alluvial,51,Fallow,1866,965.0,180.0,16.8,64.6,5.29,tomato,C,96,2024-04-17,High potential,Acid clays needing lime. Banana-coffee systems; rice in Huye/Gisagara marshlands.,RAB; FAO ECOCROP
Rwanda,Southern,Kamonyi,Clayey,clayey,58,Agricultural,1758,1449.0,572.0,23.0,75.6,5.32,maize,A,99,2025-03-17,High potential,Acid clays needing lime. Banana-coffee systems; rice in Huye/Gisagara marshlands.,RAB CIP; OFRA Rwanda; FAO ECOCROP
Rwanda,Southern,Kamonyi,Alluvial,alluvial,46,Fallow,1824,1160.0,600.0,22.5,80.1,6.46,sorghum,B,75,2025-02-15,Moderate potential,Acid clays needing lime. Banana-coffee systems; rice in Huye/Gisagara marshlands.,RAB; OFRA Rwanda; IFAD
Rwanda,Southern,Kamonyi,Alluvial,alluvial,75,Agricultural,1809,1290.0,242.0,18.3,68.9,5.47,beans,C,98,2025-04-17,High potential,Acid clays needing lime. Banana-coffee systems; rice in Huye/Gisagara marshlands.,RAB; OFRA Rwanda; NISR
Rwanda,Southern,Kamonyi,Clayey,clayey,54,Marshland,1806,1431.0,507.0,22.2,75.0,4.9,maize,A,95,2024-10-20,High potential,Acid clays needing lime. Banana-coffee systems; rice in Huye/Gisagara marshlands.,RAB CIP; OFRA Rwanda; FAO ECOCROP
Rwanda,Southern,Kamonyi,Loamy,loamy,75,Marshland,1722,1147.0,527.0,23.6,71.4,5.46,sorghum,B,100,2024-10-12,High potential,Acid clays needing lime. Banana-coffee systems; rice in Huye/Gisagara marshlands.,RAB; OFRA Rwanda; IFAD
Rwanda,Southern,Kamonyi,Clayey,clayey,72,Agricultural,1493,1403.0,213.0,16.9,70.0,5.89,beans,C,98,2024-03-13,High potential,Acid clays needing lime. Banana-coffee systems; rice in Huye/Gisagara marshlands.,RAB; OFRA Rwanda; NISR
Rwanda,Southern,Kamonyi,Clayey,clayey,62,Agricultural,1537,1135.0,450.0,21.7,70.1,5.29,beans,A,98,2023-12-10,High potential,Acid clays needing lime. Banana-coffee systems; rice in Huye/Gisagara marshlands.,RAB; OFRA Rwanda; NISR
Rwanda,Southern,Kamonyi,Alluvial,alluvial,67,Agricultural,1448,1402.0,664.0,21.5,76.5,5.7,coffee,B,74,2025-07-28,Moderate potential,Acid clays needing lime. Banana-coffee systems; rice in Huye/Gisagara marshlands.,NAEB; RAB; FAO ECOCROP
Rwanda,Southern,Kamonyi,Clayey,clayey,59,Agricultural,2123,1250.0,220.0,17.1,57.6,5.16,beans,C,95,2025-07-04,High potential,Acid clays needing lime. Banana-coffee systems; rice in Huye/Gisagara marshlands.,RAB; OFRA Rwanda; NISR
Rwanda,Southern,Kamonyi,Clayey,clayey,47,Homestead,1428,1389.0,483.0,19.7,64.3,6.19,beans,A,100,2024-11-25,High potential,Acid clays needing lime. Banana-coffee systems; rice in Huye/Gisagara marshlands.,RAB; OFRA Rwanda; NISR
Rwanda,Southern,Kamonyi,Alluvial,alluvial,78,Agricultural,1722,1445.0,560.0,19.3,74.6,5.86,beans,B,100,2024-11-06,High potential,Acid clays needing lime. Banana-coffee systems; rice in Huye/Gisagara marshlands.,RAB; OFRA Rwanda; NISR
Rwanda,Southern,Kamonyi,Loamy,loamy,80,Agricultural,2186,1128.0,171.0,19.1,52.5,6.02,sweet_potato,C,95,2024-06-28,High potential,Acid clays needing lime. Banana-coffee systems; rice in Huye/Gisagara marshlands.,RAB; CIP; FAO ECOCROP
Rwanda,Southern,Kamonyi,Clayey,clayey,57,Agricultural,1495,1323.0,445.0,20.8,77.6,5.37,beans,A,99,2023-10-04,High potential,Acid clays needing lime. Banana-coffee systems; rice in Huye/Gisagara marshlands.,RAB; OFRA Rwanda; NISR
Rwanda,Southern,Kamonyi,Alluvial,alluvial,48,Agricultural,2195,1502.0,691.0,20.0,84.2,5.62,coffee,B,74,2023-11-12,Moderate potential,Acid clays needing lime. Banana-coffee systems; rice in Huye/Gisagara marshlands.,NAEB; RAB; FAO ECOCROP
Rwanda,Southern,Kamonyi,Loamy,loamy,47,Agricultural,1990,1371.0,211.0,17.0,64.6,6.46,sweet_potato,C,96,2025-07-01,High potential,Acid clays needing lime. Banana-coffee systems; rice in Huye/Gisagara marshlands.,RAB; CIP; FAO ECOCROP
Rwanda,Southern,Kamonyi,Loamy,loamy,74,Homestead,2071,1324.0,461.0,20.2,74.8,6.33,banana,A,96,2024-02-04,High potential,Acid clays needing lime. Banana-coffee systems; rice in Huye/Gisagara marshlands.,RAB; FAO ECOCROP; OFRA Rwanda
Rwanda,Southern,Kamonyi,Loamy,loamy,50,Agricultural,2163,1190.0,509.0,21.9,75.8,5.1,rice,B,71,2024-08-28,Moderate potential,Acid clays needing lime. Banana-coffee systems; rice in Huye/Gisagara marshlands.,RAB; RwaSIS; OFRA Rwanda
Rwanda,Southern,Kamonyi,Loamy,loamy,51,Agricultural,1829,1321.0,230.0,18.6,64.2,5.54,tomato,C,98,2025-06-30,High potential,Acid clays needing lime. Banana-coffee systems; rice in Huye/Gisagara marshlands.,RAB; FAO ECOCROP
Rwanda,Southern,Kamonyi,Clayey,clayey,52,Agricultural,1431,1244.0,522.0,19.3,73.3,5.94,coffee,A,94,2023-12-08,High potential,Acid clays needing lime. Banana-coffee systems; rice in Huye/Gisagara marshlands.,NAEB; RAB; FAO ECOCROP
Rwanda,Southern,Kamonyi,Alluvial,alluvial,52,Agricultural,2031,1311.0,614.0,21.5,73.0,5.8,cassava,B,78,2024-07-01,Moderate potential,Acid clays needing lime. Banana-coffee systems; rice in Huye/Gisagara marshlands.,RAB; IITA; IFAD crop suitability
Rwanda,Southern,Kamonyi,Loamy,loamy,75,Agricultural,1605,914.0,154.0,19.8,61.7,5.48,tomato,C,97,2025-01-13,High potential,Acid clays needing lime. Banana-coffee systems; rice in Huye/Gisagara marshlands.,RAB; FAO ECOCROP
Rwanda,Southern,Kamonyi,Alluvial,alluvial,56,Agricultural,1678,989.0,416.0,22.8,79.0,5.36,sweet_potato,A,99,2025-07-26,High potential,Acid clays needing lime. Banana-coffee systems; rice in Huye/Gisagara marshlands.,RAB; CIP; FAO ECOCROP
Rwanda,Southern,Kamonyi,Alluvial,alluvial,55,Agricultural,1663,1377.0,661.0,21.9,79.9,5.59,rice,B,98,2024-06-09,High potential,Acid clays needing lime. Banana-coffee systems; rice in Huye/Gisagara marshlands.,RAB; RwaSIS; OFRA Rwanda
Rwanda,Southern,Kamonyi,Clayey,clayey,75,Marshland,1885,1027.0,154.0,19.9,61.7,5.42,sweet_potato,C,74,2025-05-19,Moderate potential,Acid clays needing lime. Banana-coffee systems; rice in Huye/Gisagara marshlands.,RAB; CIP; FAO ECOCROP
Rwanda,Southern,Kamonyi,Alluvial,alluvial,50,Agricultural,1626,1302.0,542.0,20.7,72.7,4.93,beans,A,95,2025-04-14,High potential,Acid clays needing lime. Banana-coffee systems; rice in Huye/Gisagara marshlands.,RAB; OFRA Rwanda; NISR
Rwanda,Southern,Kamonyi,Alluvial,alluvial,76,Agricultural,1416,1545.0,600.0,21.4,81.6,4.81,coffee,B,71,2024-11-25,Moderate potential,Acid clays needing lime. Banana-coffee systems; rice in Huye/Gisagara marshlands.,NAEB; RAB; FAO ECOCROP
Rwanda,Southern,Kamonyi,Loamy,loamy,62,Agricultural,1780,924.0,180.0,17.5,63.8,5.39,soybean,C,94,2024-04-15,High potential,Acid clays needing lime. Banana-coffee systems; rice in Huye/Gisagara marshlands.,RAB; OFRA Rwanda
Rwanda,Southern,Kamonyi,Alluvial,alluvial,76,Agricultural,1908,1001.0,331.0,18.8,73.9,6.02,sweet_potato,A,98,2023-09-26,High potential,Acid clays needing lime. Banana-coffee systems; rice in Huye/Gisagara marshlands.,RAB; CIP; FAO ECOCROP
Rwanda,Southern,Kamonyi,Clayey,clayey,80,Agricultural,1796,1088.0,465.0,21.8,83.0,6.08,cassava,B,98,2025-02-05,High potential,Acid clays needing lime. Banana-coffee systems; rice in Huye/Gisagara marshlands.,RAB; IITA; IFAD crop suitability
Rwanda,Southern,Kamonyi,Clayey,clayey,54,Fallow,1461,1304.0,196.0,17.9,65.2,5.4,rice,C,86,2024-03-08,High potential,Acid clays needing lime. Banana-coffee systems; rice in Huye/Gisagara marshlands.,RAB; RwaSIS; OFRA Rwanda
Rwanda,Southern,Kamonyi,Alluvial,alluvial,78,Homestead,2110,1218.0,489.0,21.5,77.5,5.97,maize,A,100,2023-09-08,High potential,Acid clays needing lime. Banana-coffee systems; rice in Huye/Gisagara marshlands.,RAB CIP; OFRA Rwanda; FAO ECOCROP
Rwanda,Southern,Kamonyi,Loamy,loamy,76,Agricultural,1733,1352.0,585.0,19.6,80.9,4.91,sorghum,B,92,2025-07-29,High potential,Acid clays needing lime. Banana-coffee systems; rice in Huye/Gisagara marshlands.,RAB; OFRA Rwanda; IFAD
Rwanda,Southern,Kamonyi,Loamy,loamy,57,Agricultural,1726,1351.0,212.0,19.1,66.3,5.76,sweet_potato,C,96,2023-09-29,High potential,Acid clays needing lime. Banana-coffee systems; rice in Huye/Gisagara marshlands.,RAB; CIP; FAO ECOCROP
Rwanda,Southern,Kamonyi,Loamy,loamy,53,Agricultural,1404,1108.0,453.0,20.9,80.4,5.18,cassava,A,98,2025-04-11,High potential,Acid clays needing lime. Banana-coffee systems; rice in Huye/Gisagara marshlands.,RAB; IITA; IFAD crop suitability
Rwanda,Southern,Kamonyi,Alluvial,alluvial,62,Agricultural,1683,1326.0,519.0,20.8,79.6,6.05,coffee,B,72,2024-11-18,Moderate potential,Acid clays needing lime. Banana-coffee systems; rice in Huye/Gisagara marshlands.,NAEB; RAB; FAO ECOCROP
Rwanda,Southern,Kamonyi,Clayey,clayey,50,Agricultural,2064,1163.0,218.0,19.6,54.1,6.04,soybean,C,96,2023-11-01,High potential,Acid clays needing lime. Banana-coffee systems; rice in Huye/Gisagara marshlands.,RAB; OFRA Rwanda
Rwanda,Southern,Kamonyi,Loamy,loamy,56,Agricultural,1739,1007.0,373.0,22.7,69.9,6.09,coffee,A,92,2024-08-16,High potential,Acid clays needing lime. Banana-coffee systems; rice in Huye/Gisagara marshlands.,NAEB; RAB; FAO ECOCROP
Rwanda,Southern,Kamonyi,Clayey,clayey,48,Agricultural,1734,1221.0,626.0,22.2,81.9,5.92,banana,B,98,2025-03-19,High potential,Acid clays needing lime. Banana-coffee systems; rice in Huye/Gisagara marshlands.,RAB; FAO ECOCROP; OFRA Rwanda
Rwanda,Southern,Kamonyi,Alluvial,alluvial,69,Agricultural,2034,1236.0,226.0,17.7,58.7,6.3,sweet_potato,C,97,2025-05-23,High potential,Acid clays needing lime. Banana-coffee systems; rice in Huye/Gisagara marshlands.,RAB; CIP; FAO ECOCROP
Rwanda,Southern,Kamonyi,Alluvial,alluvial,72,Agricultural,1947,1321.0,500.0,19.3,80.5,5.38,cassava,A,77,2023-09-11,Moderate potential,Acid clays needing lime. Banana-coffee systems; rice in Huye/Gisagara marshlands.,RAB; IITA; IFAD crop suitability
Rwanda,Southern,Kamonyi,Loamy,loamy,64,Homestead,1535,1047.0,503.0,18.9,78.8,5.31,coffee,B,94,2023-12-08,High potential,Acid clays needing lime. Banana-coffee systems; rice in Huye/Gisagara marshlands.,NAEB; RAB; FAO ECOCROP
Rwanda,Southern,Kamonyi,Alluvial,alluvial,80,Agricultural,2132,1401.0,220.0,17.1,60.2,5.89,rice,C,83,2025-03-28,High potential,Acid clays needing lime. Banana-coffee systems; rice in Huye/Gisagara marshlands.,RAB; RwaSIS; OFRA Rwanda
Rwanda,Southern,Kamonyi,Alluvial,alluvial,78,Agricultural,1927,1474.0,597.0,20.7,77.9,6.2,beans,A,100,2025-06-22,High potential,Acid clays needing lime. Banana-coffee systems; rice in Huye/Gisagara marshlands.,RAB; OFRA Rwanda; NISR
Rwanda,Southern,Kamonyi,Alluvial,alluvial,50,Agricultural,1637,1490.0,727.0,20.8,85.7,6.15,coffee,B,75,2025-03-24,Moderate potential,Acid clays needing lime. Banana-coffee systems; rice in Huye/Gisagara marshlands.,NAEB; RAB; FAO ECOCROP
Rwanda,Southern,Kamonyi,Alluvial,alluvial,74,Agricultural,1898,1061.0,178.0,18.0,65.9,6.49,rice,C,87,2025-04-27,High potential,Acid clays needing lime. Banana-coffee systems; rice in Huye/Gisagara marshlands.,RAB; RwaSIS; OFRA Rwanda
Rwanda,Southern,Kamonyi,Alluvial,alluvial,48,Agricultural,1560,1295.0,526.0,20.0,73.4,4.89,coffee,A,71,2025-05-08,Moderate potential,Acid clays needing lime. Banana-coffee systems; rice in Huye/Gisagara marshlands.,NAEB; RAB; FAO ECOCROP
Rwanda,Southern,Kamonyi,Loamy,loamy,60,Agricultural,1892,1149.0,441.0,21.7,85.5,5.01,beans,B,96,2025-02-07,High potential,Acid clays needing lime. Banana-coffee systems; rice in Huye/Gisagara marshlands.,RAB; OFRA Rwanda; NISR
Rwanda,Eastern,Nyagatare,Sandy,sandy,72,Homestead,1477,710.0,251.0,24.4,58.0,6.76,sorghum,A,98,2025-04-16,High potential,"Drier plateau and Bugesera. Banana, sorghum, cassava, maize; cattle important.",RAB; OFRA Rwanda; IFAD
Rwanda,Eastern,Nyagatare,Loamy,loamy,67,Agricultural,1329,973.0,372.0,22.6,74.7,5.72,sorghum,B,100,2025-02-27,High potential,"Drier plateau and Bugesera. Banana, sorghum, cassava, maize; cattle important.",RAB; OFRA Rwanda; IFAD
Rwanda,Eastern,Nyagatare,Loamy,loamy,64,Agricultural,1223,872.0,150.0,20.7,49.0,6.51,soybean,C,93,2024-12-21,High potential,"Drier plateau and Bugesera. Banana, sorghum, cassava, maize; cattle important.",RAB; OFRA Rwanda
Rwanda,Eastern,Nyagatare,Alluvial,alluvial,70,Agricultural,1401,810.0,338.0,24.2,63.8,6.41,sorghum,A,77,2024-05-23,Moderate potential,"Drier plateau and Bugesera. Banana, sorghum, cassava, maize; cattle important.",RAB; OFRA Rwanda; IFAD
Rwanda,Eastern,Nyagatare,Sandy,sandy,58,Agricultural,1483,1054.0,424.0,23.8,75.8,6.91,maize,B,99,2025-06-14,High potential,"Drier plateau and Bugesera. Banana, sorghum, cassava, maize; cattle important.",RAB CIP; OFRA Rwanda; FAO ECOCROP
Rwanda,Eastern,Nyagatare,Loamy,loamy,65,Agricultural,1489,749.0,116.0,21.7,53.7,5.45,sweet_potato,C,95,2024-03-05,High potential,"Drier plateau and Bugesera. Banana, sorghum, cassava, maize; cattle important.",RAB; CIP; FAO ECOCROP
Rwanda,Eastern,Nyagatare,Loamy,loamy,47,Agricultural,1264,981.0,383.0,22.3,64.6,6.24,cassava,A,97,2024-11-04,High potential,"Drier plateau and Bugesera. Banana, sorghum, cassava, maize; cattle important.",RAB; IITA; IFAD crop suitability
Rwanda,Eastern,Nyagatare,Clayey,clayey,68,Agricultural,1356,963.0,447.0,24.6,72.4,6.68,rice,B,96,2025-03-19,High potential,"Drier plateau and Bugesera. Banana, sorghum, cassava, maize; cattle important.",RAB; RwaSIS; OFRA Rwanda
Rwanda,Eastern,Nyagatare,Sandy,sandy,75,Agricultural,1435,682.0,116.0,21.8,52.0,5.65,tomato,C,96,2024-10-27,High potential,"Drier plateau and Bugesera. Banana, sorghum, cassava, maize; cattle important.",RAB; FAO ECOCROP
Rwanda,Eastern,Nyagatare,Alluvial,alluvial,68,Agricultural,1261,971.0,412.0,23.2,69.8,6.37,sorghum,A,78,2025-07-19,Moderate potential,"Drier plateau and Bugesera. Banana, sorghum, cassava, maize; cattle important.",RAB; OFRA Rwanda; IFAD
Rwanda,Eastern,Nyagatare,Sandy,sandy,73,Fallow,1273,794.0,311.0,26.0,78.0,5.55,sorghum,B,97,2023-11-21,High potential,"Drier plateau and Bugesera. Banana, sorghum, cassava, maize; cattle important.",RAB; OFRA Rwanda; IFAD
Rwanda,Eastern,Nyagatare,Clayey,clayey,69,Agricultural,1327,907.0,144.0,21.4,57.3,6.72,soybean,C,96,2023-11-24,High potential,"Drier plateau and Bugesera. Banana, sorghum, cassava, maize; cattle important.",RAB; OFRA Rwanda
Rwanda,Eastern,Nyagatare,Alluvial,alluvial,63,Agricultural,1470,714.0,249.0,23.9,64.1,6.14,sorghum,A,76,2024-12-02,Moderate potential,"Drier plateau and Bugesera. Banana, sorghum, cassava, maize; cattle important.",RAB; OFRA Rwanda; IFAD
Rwanda,Eastern,Nyagatare,Sandy,sandy,68,Homestead,1352,926.0,371.0,23.1,74.2,6.76,rice,B,73,2024-08-08,Moderate potential,"Drier plateau and Bugesera. Banana, sorghum, cassava, maize; cattle important.",RAB; RwaSIS; OFRA Rwanda
Rwanda,Eastern,Nyagatare,Alluvial,alluvial,60,Homestead,1449,815.0,152.0,21.6,51.7,5.63,soybean,C,94,2024-10-25,High potential,"Drier plateau and Bugesera. Banana, sorghum, cassava, maize; cattle important.",RAB; OFRA Rwanda
Rwanda,Eastern,Nyagatare,Clayey,clayey,40,Homestead,1426,882.0,289.0,24.1,69.4,5.78,groundnut,A,76,2024-03-29,Moderate potential,"Drier plateau and Bugesera. Banana, sorghum, cassava, maize; cattle important.",RAB; FAO ECOCROP; IFAD
Rwanda,Eastern,Nyagatare,Clayey,clayey,44,Agricultural,1577,808.0,321.0,25.4,67.1,6.13,maize,B,98,2025-06-24,High potential,"Drier plateau and Bugesera. Banana, sorghum, cassava, maize; cattle important.",RAB CIP; OFRA Rwanda; FAO ECOCROP
Rwanda,Eastern,Nyagatare,Sandy,sandy,69,Marshland,1412,957.0,163.0,21.9,55.0,6.65,beans,C,75,2024-02-15,Moderate potential,"Drier plateau and Bugesera. Banana, sorghum, cassava, maize; cattle important.",RAB; OFRA Rwanda; NISR
Rwanda,Eastern,Nyagatare,Clayey,clayey,70,Agricultural,1552,886.0,290.0,22.7,72.1,5.88,beans,A,99,2023-10-07,High potential,"Drier plateau and Bugesera. Banana, sorghum, cassava, maize; cattle important.",RAB; OFRA Rwanda; NISR
Rwanda,Eastern,Nyagatare,Clayey,clayey,53,Agricultural,1452,958.0,369.0,23.8,63.9,6.81,rice,B,94,2025-03-04,High potential,"Drier plateau and Bugesera. Banana, sorghum, cassava, maize; cattle important.",RAB; RwaSIS; OFRA Rwanda
Rwanda,Eastern,Nyagatare,Clayey,clayey,49,Agricultural,1526,670.0,126.0,22.7,54.0,5.98,rice,C,86,2025-03-13,High potential,"Drier plateau and Bugesera. Banana, sorghum, cassava, maize; cattle important.",RAB; RwaSIS; OFRA Rwanda
Rwanda,Eastern,Nyagatare,Clayey,clayey,53,Agricultural,1427,989.0,405.0,23.9,63.5,6.65,maize,A,99,2025-04-26,High potential,"Drier plateau and Bugesera. Banana, sorghum, cassava, maize; cattle important.",RAB CIP; OFRA Rwanda; FAO ECOCROP
Rwanda,Eastern,Nyagatare,Clayey,clayey,73,Agricultural,1582,724.0,347.0,22.3,68.5,5.76,banana,B,94,2024-09-19,High potential,"Drier plateau and Bugesera. Banana, sorghum, cassava, maize; cattle important.",RAB; FAO ECOCROP; OFRA Rwanda
Rwanda,Eastern,Nyagatare,Sandy,sandy,74,Agricultural,1333,935.0,181.0,20.7,50.7,6.45,beans,C,73,2024-08-12,Moderate potential,"Drier plateau and Bugesera. Banana, sorghum, cassava, maize; cattle important.",RAB; OFRA Rwanda; NISR
Rwanda,Eastern,Nyagatare,Loamy,loamy,62,Agricultural,1591,802.0,332.0,24.4,68.2,6.91,groundnut,A,99,2024-10-12,High potential,"Drier plateau and Bugesera. Banana, sorghum, cassava, maize; cattle important.",RAB; FAO ECOCROP; IFAD
Rwanda,Eastern,Nyagatare,Alluvial,alluvial,60,Agricultural,1535,842.0,351.0,24.4,74.7,6.74,beans,B,99,2025-05-20,High potential,"Drier plateau and Bugesera. Banana, sorghum, cassava, maize; cattle important.",RAB; OFRA Rwanda; NISR
Rwanda,Eastern,Nyagatare,Sandy,sandy,60,Agricultural,1499,635.0,123.0,21.1,47.4,6.64,beans,C,71,2023-12-15,Moderate potential,"Drier plateau and Bugesera. Banana, sorghum, cassava, maize; cattle important.",RAB; OFRA Rwanda; NISR
Rwanda,Eastern,Nyagatare,Loamy,loamy,70,Agricultural,1561,674.0,266.0,22.1,65.2,5.87,sorghum,A,98,2025-04-27,High potential,"Drier plateau and Bugesera. Banana, sorghum, cassava, maize; cattle important.",RAB; OFRA Rwanda; IFAD
Rwanda,Eastern,Nyagatare,Sandy,sandy,71,Agricultural,1281,960.0,388.0,22.9,74.5,6.14,cassava,B,97,2025-06-14,High potential,"Drier plateau and Bugesera. Banana, sorghum, cassava, maize; cattle important.",RAB; IITA; IFAD crop suitability
Rwanda,Eastern,Nyagatare,Loamy,loamy,70,Agricultural,1467,976.0,156.0,21.1,53.1,6.02,beans,C,96,2024-04-13,High potential,"Drier plateau and Bugesera. Banana, sorghum, cassava, maize; cattle important.",RAB; OFRA Rwanda; NISR
Rwanda,Eastern,Nyagatare,Loamy,loamy,41,Homestead,1348,851.0,278.0,23.5,66.9,5.49,banana,A,93,2025-01-24,High potential,"Drier plateau and Bugesera. Banana, sorghum, cassava, maize; cattle important.",RAB; FAO ECOCROP; OFRA Rwanda
Rwanda,Eastern,Nyagatare,Clayey,clayey,43,Agricultural,1233,874.0,452.0,25.4,68.2,5.55,maize,B,99,2024-08-26,High potential,"Drier plateau and Bugesera. Banana, sorghum, cassava, maize; cattle important.",RAB CIP; OFRA Rwanda; FAO ECOCROP
Rwanda,Eastern,Nyagatare,Clayey,clayey,40,Marshland,1596,668.0,119.0,21.4,53.1,5.93,soybean,C,94,2024-09-13,High potential,"Drier plateau and Bugesera. Banana, sorghum, cassava, maize; cattle important.",RAB; OFRA Rwanda
Rwanda,Eastern,Nyagatare,Sandy,sandy,75,Agricultural,1328,877.0,341.0,22.4,62.6,6.44,cassava,A,97,2025-06-20,High potential,"Drier plateau and Bugesera. Banana, sorghum, cassava, maize; cattle important.",RAB; IITA; IFAD crop suitability
Rwanda,Eastern,Nyagatare,Sandy,sandy,67,Agricultural,1234,797.0,337.0,21.7,71.9,6.49,rice,B,72,2024-06-19,Moderate potential,"Drier plateau and Bugesera. Banana, sorghum, cassava, maize; cattle important.",RAB; RwaSIS; OFRA Rwanda
Rwanda,Eastern,Nyagatare,Clayey,clayey,57,Agricultural,1594,837.0,128.0,21.4,58.5,6.35,rice,C,88,2023-10-01,High potential,"Drier plateau and Bugesera. Banana, sorghum, cassava, maize; cattle important.",RAB; RwaSIS; OFRA Rwanda
Rwanda,Eastern,Nyagatare,Loamy,loamy,57,Agricultural,1568,1018.0,379.0,26.8,59.7,6.32,maize,A,98,2024-10-01,High potential,"Drier plateau and Bugesera. Banana, sorghum, cassava, maize; cattle important.",RAB CIP; OFRA Rwanda; FAO ECOCROP
Rwanda,Eastern,Nyagatare,Clayey,clayey,59,Agricultural,1554,706.0,317.0,23.6,71.7,6.37,maize,B,98,2024-07-12,High potential,"Drier plateau and Bugesera. Banana, sorghum, cassava, maize; cattle important.",RAB CIP; OFRA Rwanda; FAO ECOCROP
Rwanda,Eastern,Nyagatare,Sandy,sandy,55,Agricultural,1292,907.0,144.0,22.4,46.2,5.94,sweet_potato,C,91,2024-01-28,High potential,"Drier plateau and Bugesera. Banana, sorghum, cassava, maize; cattle important.",RAB; CIP; FAO ECOCROP
Rwanda,Eastern,Nyagatare,Alluvial,alluvial,71,Agricultural,1473,884.0,347.0,25.9,66.1,6.49,groundnut,A,77,2024-09-09,Moderate potential,"Drier plateau and Bugesera. Banana, sorghum, cassava, maize; cattle important.",RAB; FAO ECOCROP; IFAD
Rwanda,Eastern,Nyagatare,Sandy,sandy,44,Agricultural,1564,1022.0,465.0,22.0,72.8,5.92,rice,B,74,2025-01-19,Moderate potential,"Drier plateau and Bugesera. Banana, sorghum, cassava, maize; cattle important.",RAB; RwaSIS; OFRA Rwanda
Rwanda,Eastern,Nyagatare,Sandy,sandy,46,Agricultural,1536,966.0,170.0,20.9,50.0,6.25,beans,C,73,2025-03-04,Moderate potential,"Drier plateau and Bugesera. Banana, sorghum, cassava, maize; cattle important.",RAB; OFRA Rwanda; NISR
Rwanda,Eastern,Nyagatare,Alluvial,alluvial,62,Agricultural,1577,678.0,235.0,23.7,60.2,5.99,beans,A,98,2025-04-07,High potential,"Drier plateau and Bugesera. Banana, sorghum, cassava, maize; cattle important.",RAB; OFRA Rwanda; NISR
Rwanda,Eastern,Nyagatare,Sandy,sandy,57,Agricultural,1206,732.0,313.0,23.4,74.0,5.92,beans,B,77,2024-07-15,Moderate potential,"Drier plateau and Bugesera. Banana, sorghum, cassava, maize; cattle important.",RAB; OFRA Rwanda; NISR
Rwanda,Eastern,Nyagatare,Alluvial,alluvial,48,Fallow,1206,939.0,154.0,22.6,62.4,6.52,rice,C,91,2025-04-26,High potential,"Drier plateau and Bugesera. Banana, sorghum, cassava, maize; cattle important.",RAB; RwaSIS; OFRA Rwanda
Rwanda,Eastern,Nyagatare,Clayey,clayey,59,Agricultural,1548,895.0,350.0,23.1,62.6,5.88,maize,A,98,2024-10-18,High potential,"Drier plateau and Bugesera. Banana, sorghum, cassava, maize; cattle important.",RAB CIP; OFRA Rwanda; FAO ECOCROP
Rwanda,Eastern,Nyagatare,Clayey,clayey,71,Homestead,1408,833.0,355.0,23.4,66.8,6.39,cassava,B,97,2025-05-03,High potential,"Drier plateau and Bugesera. Banana, sorghum, cassava, maize; cattle important.",RAB; IITA; IFAD crop suitability
Rwanda,Eastern,Nyagatare,Sandy,sandy,50,Homestead,1447,808.0,134.0,22.3,53.9,6.9,rice,C,64,2024-12-13,Moderate potential,"Drier plateau and Bugesera. Banana, sorghum, cassava, maize; cattle important.",RAB; RwaSIS; OFRA Rwanda
Rwanda,Eastern,Nyagatare,Alluvial,alluvial,70,Homestead,1245,900.0,377.0,23.2,54.0,6.45,groundnut,A,77,2024-05-10,Moderate potential,"Drier plateau and Bugesera. Banana, sorghum, cassava, maize; cattle important.",RAB; FAO ECOCROP; IFAD
Rwanda,Eastern,Nyagatare,Clayey,clayey,71,Fallow,1592,954.0,375.0,23.2,65.7,6.05,beans,B,100,2025-02-20,High potential,"Drier plateau and Bugesera. Banana, sorghum, cassava, maize; cattle important.",RAB; OFRA Rwanda; NISR
Rwanda,Eastern,Nyagatare,Sandy,sandy,43,Agricultural,1366,675.0,116.0,21.4,45.4,6.44,rice,C,60,2024-09-29,Moderate potential,"Drier plateau and Bugesera. Banana, sorghum, cassava, maize; cattle important.",RAB; RwaSIS; OFRA Rwanda
Rwanda,Eastern,Nyagatare,Sandy,sandy,57,Agricultural,1347,961.0,401.0,22.7,62.9,5.83,groundnut,A,99,2024-12-03,High potential,"Drier plateau and Bugesera. Banana, sorghum, cassava, maize; cattle important.",RAB; FAO ECOCROP; IFAD
Rwanda,Eastern,Nyagatare,Loamy,loamy,72,Fallow,1257,889.0,361.0,23.4,74.0,5.64,beans,B,100,2023-12-25,High potential,"Drier plateau and Bugesera. Banana, sorghum, cassava, maize; cattle important.",RAB; OFRA Rwanda; NISR
Rwanda,Eastern,Nyagatare,Clayey,clayey,46,Agricultural,1543,853.0,125.0,22.4,51.6,6.39,rice,C,85,2024-10-29,High potential,"Drier plateau and Bugesera. Banana, sorghum, cassava, maize; cattle important.",RAB; RwaSIS; OFRA Rwanda
Rwanda,Eastern,Nyagatare,Alluvial,alluvial,45,Homestead,1300,701.0,235.0,23.1,55.0,6.84,banana,A,90,2025-06-30,High potential,"Drier plateau and Bugesera. Banana, sorghum, cassava, maize; cattle important.",RAB; FAO ECOCROP; OFRA Rwanda
Rwanda,Eastern,Nyagatare,Sandy,sandy,75,Homestead,1491,734.0,288.0,24.9,66.3,5.82,sorghum,B,99,2025-03-14,High potential,"Drier plateau and Bugesera. Banana, sorghum, cassava, maize; cattle important.",RAB; OFRA Rwanda; IFAD
Rwanda,Eastern,Nyagatare,Alluvial,alluvial,46,Fallow,1430,881.0,163.0,21.5,47.6,6.49,sweet_potato,C,92,2024-12-11,High potential,"Drier plateau and Bugesera. Banana, sorghum, cassava, maize; cattle important.",RAB; CIP; FAO ECOCROP
Rwanda,Eastern,Nyagatare,Clayey,clayey,62,Agricultural,1335,786.0,342.0,23.2,62.7,6.03,sorghum,A,99,2024-12-19,High potential,"Drier plateau and Bugesera. Banana, sorghum, cassava, maize; cattle important.",RAB; OFRA Rwanda; IFAD
Rwanda,Eastern,Nyagatare,Alluvial,alluvial,49,Agricultural,1327,828.0,335.0,23.7,67.0,6.21,cassava,B,75,2024-10-25,Moderate potential,"Drier plateau and Bugesera. Banana, sorghum, cassava, maize; cattle important.",RAB; IITA; IFAD crop suitability
Rwanda,Eastern,Nyagatare,Alluvial,alluvial,73,Agricultural,1508,978.0,190.0,20.1,58.7,5.47,sweet_potato,C,96,2023-12-31,High potential,"Drier plateau and Bugesera. Banana, sorghum, cassava, maize; cattle important.",RAB; CIP; FAO ECOCROP
Rwanda,Eastern,Nyagatare,Alluvial,alluvial,59,Agricultural,1570,876.0,383.0,22.9,60.6,6.68,groundnut,A,77,2025-07-06,Moderate potential,"Drier plateau and Bugesera. Banana, sorghum, cassava, maize; cattle important.",RAB; FAO ECOCROP; IFAD
Rwanda,Eastern,Nyagatare,Loamy,loamy,58,Agricultural,1597,906.0,380.0,21.3,73.8,6.65,rice,B,73,2025-03-28,Moderate potential,"Drier plateau and Bugesera. Banana, sorghum, cassava, maize; cattle important.",RAB; RwaSIS; OFRA Rwanda
Rwanda,Eastern,Nyagatare,Alluvial,alluvial,64,Agricultural,1518,691.0,103.0,22.1,59.3,6.55,beans,C,96,2024-08-03,High potential,"Drier plateau and Bugesera. Banana, sorghum, cassava, maize; cattle important.",RAB; OFRA Rwanda; NISR
Rwanda,Eastern,Nyagatare,Clayey,clayey,74,Agricultural,1330,751.0,299.0,23.9,60.8,6.05,groundnut,A,76,2024-12-23,Moderate potential,"Drier plateau and Bugesera. Banana, sorghum, cassava, maize; cattle important.",RAB; FAO ECOCROP; IFAD
Rwanda,Eastern,Nyagatare,Clayey,clayey,74,Agricultural,1469,842.0,400.0,24.4,67.8,6.43,maize,B,99,2025-03-27,High potential,"Drier plateau and Bugesera. Banana, sorghum, cassava, maize; cattle important.",RAB CIP; OFRA Rwanda; FAO ECOCROP
Rwanda,Eastern,Nyagatare,Loamy,loamy,47,Agricultural,1399,765.0,115.0,21.5,45.7,5.58,rice,C,60,2023-11-26,Moderate potential,"Drier plateau and Bugesera. Banana, sorghum, cassava, maize; cattle important.",RAB; RwaSIS; OFRA Rwanda
Rwanda,Eastern,Nyagatare,Sandy,sandy,52,Agricultural,1398,1019.0,368.0,23.3,60.5,5.74,groundnut,A,99,2023-09-26,High potential,"Drier plateau and Bugesera. Banana, sorghum, cassava, maize; cattle important.",RAB; FAO ECOCROP; IFAD
Rwanda,Eastern,Nyagatare,Sandy,sandy,54,Agricultural,1585,931.0,416.0,24.3,71.4,5.89,beans,B,78,2025-03-12,Moderate potential,"Drier plateau and Bugesera. Banana, sorghum, cassava, maize; cattle important.",RAB; OFRA Rwanda; NISR
Rwanda,Eastern,Nyagatare,Clayey,clayey,60,Agricultural,1297,733.0,131.0,22.6,60.4,6.35,rice,C,89,2025-07-19,High potential,"Drier plateau and Bugesera. Banana, sorghum, cassava, maize; cattle important.",RAB; RwaSIS; OFRA Rwanda
Rwanda,Eastern,Nyagatare,Sandy,sandy,57,Agricultural,1235,887.0,350.0,25.1,65.5,5.42,groundnut,A,98,2024-09-08,High potential,"Drier plateau and Bugesera. Banana, sorghum, cassava, maize; cattle important.",RAB; FAO ECOCROP; IFAD
Rwanda,Eastern,Nyagatare,Sandy,sandy,69,Agricultural,1475,722.0,360.0,23.0,73.2,5.79,rice,B,72,2025-02-16,Moderate potential,"Drier plateau and Bugesera. Banana, sorghum, cassava, maize; cattle important.",RAB; RwaSIS; OFRA Rwanda
Rwanda,Eastern,Nyagatare,Sandy,sandy,56,Agricultural,1444,780.0,114.0,21.7,51.3,5.7,beans,C,73,2024-06-15,Moderate potential,"Drier plateau and Bugesera. Banana, sorghum, cassava, maize; cattle important.",RAB; OFRA Rwanda; NISR
Rwanda,Eastern,Nyagatare,Sandy,sandy,41,Agricultural,1422,891.0,380.0,24.7,62.2,6.11,cassava,A,97,2024-11-29,High potential,"Drier plateau and Bugesera. Banana, sorghum, cassava, maize; cattle important.",RAB; IITA; IFAD crop suitability
Rwanda,Eastern,Nyagatare,Loamy,loamy,68,Agricultural,1575,1030.0,485.0,23.9,71.2,5.67,sorghum,B,100,2025-07-15,High potential,"Drier plateau and Bugesera. Banana, sorghum, cassava, maize; cattle important.",RAB; OFRA Rwanda; IFAD
Rwanda,Eastern,Nyagatare,Loamy,loamy,68,Agricultural,1407,979.0,185.0,22.7,57.0,6.27,sweet_potato,C,96,2024-05-20,High potential,"Drier plateau and Bugesera. Banana, sorghum, cassava, maize; cattle important.",RAB; CIP; FAO ECOCROP
Rwanda,Eastern,Nyagatare,Loamy,loamy,41,Agricultural,1439,1004.0,331.0,21.9,60.3,5.83,maize,A,98,2025-05-24,High potential,"Drier plateau and Bugesera. Banana, sorghum, cassava, maize; cattle important.",RAB CIP; OFRA Rwanda; FAO ECOCROP
Rwanda,Eastern,Nyagatare,Loamy,loamy,42,Agricultural,1493,866.0,393.0,25.3,69.7,5.58,maize,B,99,2023-10-24,High potential,"Drier plateau and Bugesera. Banana, sorghum, cassava, maize; cattle important.",RAB CIP; OFRA Rwanda; FAO ECOCROP
Rwanda,Eastern,Nyagatare,Alluvial,alluvial,55,Marshland,1441,943.0,160.0,21.7,50.6,6.0,beans,C,95,2025-07-23,High potential,"Drier plateau and Bugesera. Banana, sorghum, cassava, maize; cattle important.",RAB; OFRA Rwanda; NISR
Rwanda,Eastern,Nyagatare,Sandy,sandy,66,Agricultural,1546,948.0,414.0,25.8,66.4,6.59,banana,A,73,2024-07-13,Moderate potential,"Drier plateau and Bugesera. Banana, sorghum, cassava, maize; cattle important.",RAB; FAO ECOCROP; OFRA Rwanda
Rwanda,Eastern,Nyagatare,Sandy,sandy,63,Marshland,1233,852.0,351.0,25.7,75.3,6.81,banana,B,72,2023-12-11,Moderate potential,"Drier plateau and Bugesera. Banana, sorghum, cassava, maize; cattle important.",RAB; FAO ECOCROP; OFRA Rwanda
Rwanda,Eastern,Nyagatare,Loamy,loamy,75,Agricultural,1493,927.0,146.0,21.5,54.9,5.98,sweet_potato,C,96,2024-07-30,High potential,"Drier plateau and Bugesera. Banana, sorghum, cassava, maize; cattle important.",RAB; CIP; FAO ECOCROP
Rwanda,Eastern,Nyagatare,Clayey,clayey,66,Homestead,1445,1000.0,386.0,24.6,63.1,6.61,banana,A,95,2024-10-24,High potential,"Drier plateau and Bugesera. Banana, sorghum, cassava, maize; cattle important.",RAB; FAO ECOCROP; OFRA Rwanda
Rwanda,Eastern,Nyagatare,Alluvial,alluvial,47,Agricultural,1316,796.0,396.0,23.9,70.4,5.92,sorghum,B,78,2023-12-16,Moderate potential,"Drier plateau and Bugesera. Banana, sorghum, cassava, maize; cattle important.",RAB; OFRA Rwanda; IFAD
Rwanda,Eastern,Nyagatare,Clayey,clayey,44,Fallow,1479,793.0,137.0,22.3,53.4,6.68,sweet_potato,C,73,2025-02-02,Moderate potential,"Drier plateau and Bugesera. Banana, sorghum, cassava, maize; cattle important.",RAB; CIP; FAO ECOCROP
Rwanda,Eastern,Nyagatare,Alluvial,alluvial,45,Agricultural,1501,897.0,299.0,22.7,60.9,6.37,groundnut,A,76,2024-12-31,Moderate potential,"Drier plateau and Bugesera. Banana, sorghum, cassava, maize; cattle important.",RAB; FAO ECOCROP; IFAD
Rwanda,Eastern,Nyagatare,Clayey,clayey,59,Agricultural,1250,763.0,372.0,24.3,70.0,6.12,banana,B,95,2024-09-12,High potential,"Drier plateau and Bugesera. Banana, sorghum, cassava, maize; cattle important.",RAB; FAO ECOCROP; OFRA Rwanda
Rwanda,Eastern,Nyagatare,Sandy,sandy,49,Agricultural,1544,916.0,135.0,21.8,57.1,5.97,sweet_potato,C,95,2024-09-01,High potential,"Drier plateau and Bugesera. Banana, sorghum, cassava, maize; cattle important.",RAB; CIP; FAO ECOCROP
Rwanda,Eastern,Nyagatare,Sandy,sandy,43,Agricultural,1573,842.0,327.0,23.1,59.2,5.98,banana,A,72,2025-01-20,Moderate potential,"Drier plateau and Bugesera. Banana, sorghum, cassava, maize; cattle important.",RAB; FAO ECOCROP; OFRA Rwanda
Rwanda,Eastern,Nyagatare,Sandy,sandy,40,Agricultural,1230,985.0,490.0,24.4,70.5,6.71,maize,B,100,2024-12-25,High potential,"Drier plateau and Bugesera. Banana, sorghum, cassava, maize; cattle important.",RAB CIP; OFRA Rwanda; FAO ECOCROP
Rwanda,Eastern,Nyagatare,Clayey,clayey,44,Agricultural,1322,791.0,126.0,21.0,51.8,6.79,soybean,C,94,2024-12-01,High potential,"Drier plateau and Bugesera. Banana, sorghum, cassava, maize; cattle important.",RAB; OFRA Rwanda
Rwanda,Eastern,Nyagatare,Clayey,clayey,68,Agricultural,1492,984.0,428.0,23.5,61.4,6.26,groundnut,A,78,2023-12-25,Moderate potential,"Drier plateau and Bugesera. Banana, sorghum, cassava, maize; cattle important.",RAB; FAO ECOCROP; IFAD
Rwanda,Eastern,Nyagatare,Sandy,sandy,74,Agricultural,1551,905.0,397.0,22.5,70.9,5.71,sorghum,B,100,2023-12-28,High potential,"Drier plateau and Bugesera. Banana, sorghum, cassava, maize; cattle important.",RAB; OFRA Rwanda; IFAD
Rwanda,Eastern,Nyagatare,Sandy,sandy,48,Agricultural,1338,782.0,116.0,20.6,55.8,6.34,beans,C,74,2024-11-19,Moderate potential,"Drier plateau and Bugesera. Banana, sorghum, cassava, maize; cattle important.",RAB; OFRA Rwanda; NISR
Rwanda,Eastern,Nyagatare,Sandy,sandy,47,Agricultural,1300,754.0,310.0,21.8,64.5,5.42,cassava,A,96,2024-03-07,High potential,"Drier plateau and Bugesera. Banana, sorghum, cassava, maize; cattle important.",RAB; IITA; IFAD crop suitability
Rwanda,Eastern,Nyagatare,Loamy,loamy,52,Agricultural,1529,962.0,424.0,23.2,75.3,5.46,banana,B,95,2024-09-06,High potential,"Drier plateau and Bugesera. Banana, sorghum, cassava, maize; cattle important.",RAB; FAO ECOCROP; OFRA Rwanda
Rwanda,Eastern,Nyagatare,Loamy,loamy,61,Homestead,1208,717.0,108.0,21.3,50.9,6.95,soybean,C,93,2024-07-06,High potential,"Drier plateau and Bugesera. Banana, sorghum, cassava, maize; cattle important.",RAB; OFRA Rwanda
Rwanda,Eastern,Nyagatare,Alluvial,alluvial,65,Agricultural,1444,701.0,233.0,24.1,64.1,5.97,sorghum,A,76,2024-11-14,Moderate potential,"Drier plateau and Bugesera. Banana, sorghum, cassava, maize; cattle important.",RAB; OFRA Rwanda; IFAD
Rwanda,Eastern,Nyagatare,Sandy,sandy,75,Agricultural,1385,864.0,361.0,24.6,61.7,6.88,beans,B,78,2025-07-30,Moderate potential,"Drier plateau and Bugesera. Banana, sorghum, cassava, maize; cattle important.",RAB; OFRA Rwanda; NISR
Rwanda,Eastern,Nyagatare,Sandy,sandy,45,Agricultural,1538,641.0,107.0,21.4,55.3,5.78,rice,C,65,2024-02-02,Moderate potential,"Drier plateau and Bugesera. Banana, sorghum, cassava, maize; cattle important.",RAB; RwaSIS; OFRA Rwanda
Rwanda,Eastern,Nyagatare,Clayey,clayey,55,Marshland,1304,981.0,322.0,22.3,63.4,6.88,cassava,A,97,2023-12-07,High potential,"Drier plateau and Bugesera. Banana, sorghum, cassava, maize; cattle important.",RAB; IITA; IFAD crop suitability
Rwanda,Eastern,Nyagatare,Sandy,sandy,51,Agricultural,1333,708.0,281.0,24.7,65.9,6.26,beans,B,77,2024-10-08,Moderate potential,"Drier plateau and Bugesera. Banana, sorghum, cassava, maize; cattle important.",RAB; OFRA Rwanda; NISR
Rwanda,Eastern,Nyagatare,Sandy,sandy,56,Agricultural,1534,849.0,143.0,21.1,49.7,5.77,sweet_potato,C,93,2024-07-17,High potential,"Drier plateau and Bugesera. Banana, sorghum, cassava, maize; cattle important.",RAB; CIP; FAO ECOCROP
Rwanda,Eastern,Nyagatare,Alluvial,alluvial,74,Homestead,1417,709.0,229.0,22.6,62.3,6.66,groundnut,A,75,2024-10-16,Moderate potential,"Drier plateau and Bugesera. Banana, sorghum, cassava, maize; cattle important.",RAB; FAO ECOCROP; IFAD
Rwanda,Eastern,Nyagatare,Sandy,sandy,47,Agricultural,1212,722.0,297.0,23.3,63.1,5.81,beans,B,77,2023-09-22,Moderate potential,"Drier plateau and Bugesera. Banana, sorghum, cassava, maize; cattle important.",RAB; OFRA Rwanda; NISR
Rwanda,Eastern,Nyagatare,Clayey,clayey,56,Fallow,1266,881.0,130.0,19.0,50.7,5.85,tomato,C,75,2023-12-10,Moderate potential,"Drier plateau and Bugesera. Banana, sorghum, cassava, maize; cattle important.",RAB; FAO ECOCROP
Rwanda,Eastern,Nyagatare,Clayey,clayey,42,Agricultural,1553,681.0,245.0,23.4,63.1,5.6,banana,A,93,2024-02-03,High potential,"Drier plateau and Bugesera. Banana, sorghum, cassava, maize; cattle important.",RAB; FAO ECOCROP; OFRA Rwanda
Rwanda,Eastern,Nyagatare,Loamy,loamy,42,Agricultural,1227,823.0,361.0,21.5,70.6,6.94,sorghum,B,100,2023-09-30,High potential,"Drier plateau and Bugesera. Banana, sorghum, cassava, maize; cattle important.",RAB; OFRA Rwanda; IFAD
Rwanda,Eastern,Nyagatare,Loamy,loamy,53,Agricultural,1516,961.0,151.0,21.9,51.5,6.67,rice,C,63,2024-02-03,Moderate potential,"Drier plateau and Bugesera. Banana, sorghum, cassava, maize; cattle important.",RAB; RwaSIS; OFRA Rwanda
Rwanda,Eastern,Nyagatare,Alluvial,alluvial,75,Agricultural,1271,712.0,235.0,24.2,67.7,6.98,cassava,A,73,2024-01-17,Moderate potential,"Drier plateau and Bugesera. Banana, sorghum, cassava, maize; cattle important.",RAB; IITA; IFAD crop suitability
Rwanda,Eastern,Nyagatare,Loamy,loamy,53,Agricultural,1323,865.0,424.0,25.4,65.7,5.9,beans,B,100,2025-06-20,High potential,"Drier plateau and Bugesera. Banana, sorghum, cassava, maize; cattle important.",RAB; OFRA Rwanda; NISR
Rwanda,Eastern,Gatsibo,Loamy,loamy,57,Agricultural,1234,821.0,302.0,23.7,57.9,6.75,sorghum,A,99,2024-04-04,High potential,"Drier plateau and Bugesera. Banana, sorghum, cassava, maize; cattle important.",RAB; OFRA Rwanda; IFAD
Rwanda,Eastern,Gatsibo,Loamy,loamy,69,Agricultural,1256,1054.0,514.0,24.5,67.3,5.6,beans,B,100,2025-01-25,High potential,"Drier plateau and Bugesera. Banana, sorghum, cassava, maize; cattle important.",RAB; OFRA Rwanda; NISR
Rwanda,Eastern,Gatsibo,Loamy,loamy,53,Agricultural,1471,788.0,116.0,20.3,52.2,6.41,soybean,C,94,2025-05-05,High potential,"Drier plateau and Bugesera. Banana, sorghum, cassava, maize; cattle important.",RAB; OFRA Rwanda
Rwanda,Eastern,Gatsibo,Clayey,clayey,65,Agricultural,1441,853.0,328.0,22.7,69.9,6.95,beans,A,99,2024-10-19,High potential,"Drier plateau and Bugesera. Banana, sorghum, cassava, maize; cattle important.",RAB; OFRA Rwanda; NISR
Rwanda,Eastern,Gatsibo,Alluvial,alluvial,43,Marshland,1215,869.0,436.0,22.9,66.2,6.78,banana,B,95,2024-08-14,High potential,"Drier plateau and Bugesera. Banana, sorghum, cassava, maize; cattle important.",RAB; FAO ECOCROP; OFRA Rwanda
Rwanda,Eastern,Gatsibo,Sandy,sandy,52,Agricultural,1324,1017.0,169.0,18.9,51.4,6.43,beans,C,73,2024-01-09,Moderate potential,"Drier plateau and Bugesera. Banana, sorghum, cassava, maize; cattle important.",RAB; OFRA Rwanda; NISR
Rwanda,Eastern,Gatsibo,Alluvial,alluvial,40,Fallow,1237,888.0,325.0,23.9,62.6,6.59,banana,A,94,2025-01-24,High potential,"Drier plateau and Bugesera. Banana, sorghum, cassava, maize; cattle important.",RAB; FAO ECOCROP; OFRA Rwanda
Rwanda,Eastern,Gatsibo,Sandy,sandy,71,Marshland,1416,928.0,390.0,23.3,69.7,6.76,rice,B,73,2024-01-19,Moderate potential,"Drier plateau and Bugesera. Banana, sorghum, cassava, maize; cattle important.",RAB; RwaSIS; OFRA Rwanda
Rwanda,Eastern,Gatsibo,Clayey,clayey,50,Agricultural,1236,916.0,152.0,21.5,55.4,5.75,soybean,C,96,2025-06-14,High potential,"Drier plateau and Bugesera. Banana, sorghum, cassava, maize; cattle important.",RAB; OFRA Rwanda
Rwanda,Eastern,Gatsibo,Sandy,sandy,62,Agricultural,1279,1023.0,412.0,23.7,60.7,5.58,cassava,A,98,2023-10-23,High potential,"Drier plateau and Bugesera. Banana, sorghum, cassava, maize; cattle important.",RAB; IITA; IFAD crop suitability
Rwanda,Eastern,Gatsibo,Alluvial,alluvial,50,Fallow,1370,982.0,420.0,22.4,69.1,5.92,rice,B,95,2023-10-14,High potential,"Drier plateau and Bugesera. Banana, sorghum, cassava, maize; cattle important.",RAB; RwaSIS; OFRA Rwanda
Rwanda,Eastern,Gatsibo,Sandy,sandy,59,Homestead,1597,821.0,160.0,20.1,48.6,5.65,tomato,C,96,2024-07-13,High potential,"Drier plateau and Bugesera. Banana, sorghum, cassava, maize; cattle important.",RAB; FAO ECOCROP
Rwanda,Eastern,Gatsibo,Clayey,clayey,47,Agricultural,1524,776.0,284.0,25.3,62.2,5.81,groundnut,A,76,2025-05-08,Moderate potential,"Drier plateau and Bugesera. Banana, sorghum, cassava, maize; cattle important.",RAB; FAO ECOCROP; IFAD
Rwanda,Eastern,Gatsibo,Loamy,loamy,46,Agricultural,1539,774.0,336.0,23.7,71.6,5.7,rice,B,72,2023-10-26,Moderate potential,"Drier plateau and Bugesera. Banana, sorghum, cassava, maize; cattle important.",RAB; RwaSIS; OFRA Rwanda
Rwanda,Eastern,Gatsibo,Alluvial,alluvial,54,Agricultural,1219,864.0,147.0,18.9,54.3,5.43,tomato,C,96,2025-01-14,High potential,"Drier plateau and Bugesera. Banana, sorghum, cassava, maize; cattle important.",RAB; FAO ECOCROP
Rwanda,Eastern,Gatsibo,Alluvial,alluvial,54,Agricultural,1260,983.0,404.0,22.1,64.4,6.21,groundnut,A,77,2025-05-21,Moderate potential,"Drier plateau and Bugesera. Banana, sorghum, cassava, maize; cattle important.",RAB; FAO ECOCROP; IFAD
Rwanda,Eastern,Gatsibo,Clayey,clayey,40,Agricultural,1510,1106.0,511.0,24.1,67.2,5.76,sorghum,B,100,2025-01-24,High potential,"Drier plateau and Bugesera. Banana, sorghum, cassava, maize; cattle important.",RAB; OFRA Rwanda; IFAD
Rwanda,Eastern,Gatsibo,Alluvial,alluvial,43,Agricultural,1417,723.0,136.0,20.1,46.0,5.58,tomato,C,95,2024-02-20,High potential,"Drier plateau and Bugesera. Banana, sorghum, cassava, maize; cattle important.",RAB; FAO ECOCROP
Rwanda,Eastern,Gatsibo,Alluvial,alluvial,43,Agricultural,1453,800.0,301.0,21.2,61.8,5.46,beans,A,98,2023-09-25,High potential,"Drier plateau and Bugesera. Banana, sorghum, cassava, maize; cattle important.",RAB; OFRA Rwanda; NISR
Rwanda,Eastern,Gatsibo,Clayey,clayey,66,Agricultural,1346,964.0,436.0,25.8,68.7,5.61,maize,B,99,2023-11-09,High potential,"Drier plateau and Bugesera. Banana, sorghum, cassava, maize; cattle important.",RAB CIP; OFRA Rwanda; FAO ECOCROP
Rwanda,Eastern,Gatsibo,Loamy,loamy,67,Marshland,1231,962.0,173.0,20.2,58.2,5.55,beans,C,97,2023-11-27,High potential,"Drier plateau and Bugesera. Banana, sorghum, cassava, maize; cattle important.",RAB; OFRA Rwanda; NISR
Rwanda,Eastern,Gatsibo,Clayey,clayey,73,Agricultural,1201,981.0,412.0,25.5,56.3,6.79,sorghum,A,100,2023-11-09,High potential,"Drier plateau and Bugesera. Banana, sorghum, cassava, maize; cattle important.",RAB; OFRA Rwanda; IFAD
Rwanda,Eastern,Gatsibo,Clayey,clayey,55,Agricultural,1600,928.0,449.0,22.5,62.0,5.6,sorghum,B,100,2025-06-03,High potential,"Drier plateau and Bugesera. Banana, sorghum, cassava, maize; cattle important.",RAB; OFRA Rwanda; IFAD
Rwanda,Eastern,Gatsibo,Loamy,loamy,67,Homestead,1377,885.0,160.0,20.9,52.2,6.33,beans,C,96,2024-01-01,High potential,"Drier plateau and Bugesera. Banana, sorghum, cassava, maize; cattle important.",RAB; OFRA Rwanda; NISR
Rwanda,Eastern,Gatsibo,Sandy,sandy,59,Agricultural,1441,1030.0,352.0,23.6,59.2,5.78,banana,A,72,2025-02-09,Moderate potential,"Drier plateau and Bugesera. Banana, sorghum, cassava, maize; cattle important.",RAB; FAO ECOCROP; OFRA Rwanda
Rwanda,Eastern,Gatsibo,Clayey,clayey,58,Agricultural,1403,997.0,431.0,23.1,71.6,5.57,maize,B,99,2024-05-05,High potential,"Drier plateau and Bugesera. Banana, sorghum, cassava, maize; cattle important.",RAB CIP; OFRA Rwanda; FAO ECOCROP
Rwanda,Eastern,Gatsibo,Alluvial,alluvial,59,Agricultural,1416,885.0,140.0,20.8,48.7,6.3,soybean,C,92,2024-06-08,High potential,"Drier plateau and Bugesera. Banana, sorghum, cassava, maize; cattle important.",RAB; OFRA Rwanda
Rwanda,Eastern,Gatsibo,Sandy,sandy,50,Agricultural,1557,1042.0,391.0,22.9,61.3,6.98,banana,A,73,2025-03-03,Moderate potential,"Drier plateau and Bugesera. Banana, sorghum, cassava, maize; cattle important.",RAB; FAO ECOCROP; OFRA Rwanda
Rwanda,Eastern,Gatsibo,Loamy,loamy,72,Agricultural,1328,970.0,404.0,24.4,69.4,6.43,rice,B,73,2024-07-06,Moderate potential,"Drier plateau and Bugesera. Banana, sorghum, cassava, maize; cattle important.",RAB; RwaSIS; OFRA Rwanda
Rwanda,Eastern,Gatsibo,Loamy,loamy,52,Agricultural,1495,704.0,113.0,20.8,57.4,5.43,soybean,C,95,2023-10-28,High potential,"Drier plateau and Bugesera. Banana, sorghum, cassava, maize; cattle important.",RAB; OFRA Rwanda
Rwanda,Eastern,Gatsibo,Sandy,sandy,75,Fallow,1481,848.0,325.0,24.8,64.8,5.58,groundnut,A,98,2024-03-30,High potential,"Drier plateau and Bugesera. Banana, sorghum, cassava, maize; cattle important.",RAB; FAO ECOCROP; IFAD
Rwanda,Eastern,Gatsibo,Alluvial,alluvial,45,Agricultural,1587,784.0,365.0,23.4,71.4,5.75,sorghum,B,78,2025-03-30,Moderate potential,"Drier plateau and Bugesera. Banana, sorghum, cassava, maize; cattle important.",RAB; OFRA Rwanda; IFAD
Rwanda,Eastern,Gatsibo,Loamy,loamy,70,Agricultural,1428,891.0,158.0,22.7,49.3,6.8,beans,C,94,2023-11-24,High potential,"Drier plateau and Bugesera. Banana, sorghum, cassava, maize; cattle important.",RAB; OFRA Rwanda; NISR
Rwanda,Eastern,Gatsibo,Clayey,clayey,49,Agricultural,1268,878.0,358.0,22.9,63.4,6.4,banana,A,94,2023-10-30,High potential,"Drier plateau and Bugesera. Banana, sorghum, cassava, maize; cattle important.",RAB; FAO ECOCROP; OFRA Rwanda
Rwanda,Eastern,Gatsibo,Alluvial,alluvial,53,Agricultural,1546,756.0,339.0,25.4,75.4,5.52,sorghum,B,77,2024-05-14,Moderate potential,"Drier plateau and Bugesera. Banana, sorghum, cassava, maize; cattle important.",RAB; OFRA Rwanda; IFAD
Rwanda,Eastern,Gatsibo,Alluvial,alluvial,54,Homestead,1407,819.0,146.0,21.5,51.3,6.06,tomato,C,97,2024-10-05,High potential,"Drier plateau and Bugesera. Banana, sorghum, cassava, maize; cattle important.",RAB; FAO ECOCROP
Rwanda,Eastern,Gatsibo,Loamy,loamy,52,Homestead,1437,835.0,312.0,23.3,67.3,6.68,groundnut,A,98,2024-08-01,High potential,"Drier plateau and Bugesera. Banana, sorghum, cassava, maize; cattle important.",RAB; FAO ECOCROP; IFAD
Rwanda,Eastern,Gatsibo,Alluvial,alluvial,57,Agricultural,1489,909.0,403.0,24.2,72.4,5.85,banana,B,95,2023-09-15,High potential,"Drier plateau and Bugesera. Banana, sorghum, cassava, maize; cattle important.",RAB; FAO ECOCROP; OFRA Rwanda
Rwanda,Eastern,Gatsibo,Clayey,clayey,65,Agricultural,1363,692.0,133.0,19.6,53.0,6.87,rice,C,85,2025-07-05,High potential,"Drier plateau and Bugesera. Banana, sorghum, cassava, maize; cattle important.",RAB; RwaSIS; OFRA Rwanda
Rwanda,Eastern,Gatsibo,Alluvial,alluvial,59,Agricultural,1304,756.0,311.0,21.6,58.1,6.36,groundnut,A,76,2024-03-28,Moderate potential,"Drier plateau and Bugesera. Banana, sorghum, cassava, maize; cattle important.",RAB; FAO ECOCROP; IFAD
Rwanda,Eastern,Gatsibo,Sandy,sandy,71,Agricultural,1375,937.0,394.0,22.5,70.6,6.34,banana,B,73,2024-09-03,Moderate potential,"Drier plateau and Bugesera. Banana, sorghum, cassava, maize; cattle important.",RAB; FAO ECOCROP; OFRA Rwanda
Rwanda,Eastern,Gatsibo,Clayey,clayey,70,Agricultural,1549,994.0,169.0,22.0,44.7,5.67,tomato,C,72,2025-04-16,Moderate potential,"Drier plateau and Bugesera. Banana, sorghum, cassava, maize; cattle important.",RAB; FAO ECOCROP
Rwanda,Eastern,Gatsibo,Loamy,loamy,71,Agricultural,1442,871.0,378.0,23.1,57.2,6.35,maize,A,98,2025-01-09,High potential,"Drier plateau and Bugesera. Banana, sorghum, cassava, maize; cattle important.",RAB CIP; OFRA Rwanda; FAO ECOCROP
Rwanda,Eastern,Gatsibo,Clayey,clayey,60,Agricultural,1528,898.0,397.0,24.6,66.3,5.76,cassava,B,97,2023-12-08,High potential,"Drier plateau and Bugesera. Banana, sorghum, cassava, maize; cattle important.",RAB; IITA; IFAD crop suitability
Rwanda,Eastern,Gatsibo,Alluvial,alluvial,48,Marshland,1394,703.0,112.0,21.6,56.3,6.72,rice,C,87,2024-09-09,High potential,"Drier plateau and Bugesera. Banana, sorghum, cassava, maize; cattle important.",RAB; RwaSIS; OFRA Rwanda
Rwanda,Eastern,Gatsibo,Sandy,sandy,74,Marshland,1498,1039.0,391.0,22.8,64.1,5.64,maize,A,99,2024-08-13,High potential,"Drier plateau and Bugesera. Banana, sorghum, cassava, maize; cattle important.",RAB CIP; OFRA Rwanda; FAO ECOCROP
Rwanda,Eastern,Gatsibo,Alluvial,alluvial,54,Agricultural,1264,807.0,373.0,21.4,75.7,6.07,cassava,B,75,2024-11-17,Moderate potential,"Drier plateau and Bugesera. Banana, sorghum, cassava, maize; cattle important.",RAB; IITA; IFAD crop suitability
Rwanda,Eastern,Gatsibo,Loamy,loamy,58,Marshland,1576,938.0,144.0,21.6,60.7,6.7,tomato,C,97,2025-03-05,High potential,"Drier plateau and Bugesera. Banana, sorghum, cassava, maize; cattle important.",RAB; FAO ECOCROP
Rwanda,Eastern,Gatsibo,Clayey,clayey,44,Agricultural,1383,878.0,306.0,21.6,63.8,6.04,beans,A,99,2024-07-20,High potential,"Drier plateau and Bugesera. Banana, sorghum, cassava, maize; cattle important.",RAB; OFRA Rwanda; NISR
Rwanda,Eastern,Gatsibo,Loamy,loamy,54,Agricultural,1582,795.0,395.0,24.1,73.6,6.93,rice,B,73,2024-12-21,Moderate potential,"Drier plateau and Bugesera. Banana, sorghum, cassava, maize; cattle important.",RAB; RwaSIS; OFRA Rwanda
Rwanda,Eastern,Gatsibo,Clayey,clayey,62,Agricultural,1243,736.0,130.0,21.5,51.5,5.45,sweet_potato,C,72,2024-10-21,Moderate potential,"Drier plateau and Bugesera. Banana, sorghum, cassava, maize; cattle important.",RAB; CIP; FAO ECOCROP
Rwanda,Eastern,Gatsibo,Sandy,sandy,55,Marshland,1404,988.0,373.0,22.3,62.0,6.88,groundnut,A,99,2024-08-30,High potential,"Drier plateau and Bugesera. Banana, sorghum, cassava, maize; cattle important.",RAB; FAO ECOCROP; IFAD
Rwanda,Eastern,Gatsibo,Clayey,clayey,69,Homestead,1565,931.0,361.0,23.7,65.0,6.45,cassava,B,97,2025-04-01,High potential,"Drier plateau and Bugesera. Banana, sorghum, cassava, maize; cattle important.",RAB; IITA; IFAD crop suitability
Rwanda,Eastern,Gatsibo,Loamy,loamy,56,Agricultural,1329,960.0,142.0,20.6,47.9,6.64,tomato,C,96,2024-06-10,High potential,"Drier plateau and Bugesera. Banana, sorghum, cassava, maize; cattle important.",RAB; FAO ECOCROP
Rwanda,Eastern,Gatsibo,Loamy,loamy,72,Agricultural,1284,1057.0,383.0,25.4,59.8,6.06,banana,A,95,2025-06-25,High potential,"Drier plateau and Bugesera. Banana, sorghum, cassava, maize; cattle important.",RAB; FAO ECOCROP; OFRA Rwanda
Rwanda,Eastern,Gatsibo,Alluvial,alluvial,40,Marshland,1492,890.0,394.0,24.6,67.0,6.24,sorghum,B,78,2025-02-24,Moderate potential,"Drier plateau and Bugesera. Banana, sorghum, cassava, maize; cattle important.",RAB; OFRA Rwanda; IFAD
Rwanda,Eastern,Gatsibo,Alluvial,alluvial,67,Fallow,1506,995.0,171.0,20.4,49.9,6.19,sweet_potato,C,93,2024-02-10,High potential,"Drier plateau and Bugesera. Banana, sorghum, cassava, maize; cattle important.",RAB; CIP; FAO ECOCROP
Rwanda,Eastern,Gatsibo,Clayey,clayey,45,Marshland,1502,761.0,274.0,20.7,58.9,6.29,sorghum,A,98,2025-01-25,High potential,"Drier plateau and Bugesera. Banana, sorghum, cassava, maize; cattle important.",RAB; OFRA Rwanda; IFAD
Rwanda,Eastern,Gatsibo,Sandy,sandy,50,Agricultural,1519,773.0,353.0,20.9,73.3,5.94,banana,B,72,2024-09-12,Moderate potential,"Drier plateau and Bugesera. Banana, sorghum, cassava, maize; cattle important.",RAB; FAO ECOCROP; OFRA Rwanda
Rwanda,Eastern,Gatsibo,Sandy,sandy,63,Agricultural,1255,765.0,118.0,20.9,56.1,6.98,beans,C,74,2023-09-23,Moderate potential,"Drier plateau and Bugesera. Banana, sorghum, cassava, maize; cattle important.",RAB; OFRA Rwanda; NISR
Rwanda,Eastern,Gatsibo,Sandy,sandy,63,Agricultural,1488,778.0,257.0,22.7,61.1,5.41,beans,A,75,2024-03-24,Moderate potential,"Drier plateau and Bugesera. Banana, sorghum, cassava, maize; cattle important.",RAB; OFRA Rwanda; NISR
Rwanda,Eastern,Gatsibo,Sandy,sandy,73,Fallow,1297,889.0,408.0,24.3,70.8,6.77,sorghum,B,100,2024-10-17,High potential,"Drier plateau and Bugesera. Banana, sorghum, cassava, maize; cattle important.",RAB; OFRA Rwanda; IFAD
Rwanda,Eastern,Gatsibo,Clayey,clayey,60,Agricultural,1291,945.0,138.0,21.2,51.2,5.6,sweet_potato,C,72,2025-04-26,Moderate potential,"Drier plateau and Bugesera. Banana, sorghum, cassava, maize; cattle important.",RAB; CIP; FAO ECOCROP
Rwanda,Eastern,Gatsibo,Alluvial,alluvial,66,Agricultural,1468,795.0,332.0,23.3,63.7,6.87,groundnut,A,77,2023-12-25,Moderate potential,"Drier plateau and Bugesera. Banana, sorghum, cassava, maize; cattle important.",RAB; FAO ECOCROP; IFAD
Rwanda,Eastern,Gatsibo,Alluvial,alluvial,50,Agricultural,1536,846.0,403.0,24.0,75.7,5.62,sorghum,B,78,2025-02-23,Moderate potential,"Drier plateau and Bugesera. Banana, sorghum, cassava, maize; cattle important.",RAB; OFRA Rwanda; IFAD
Rwanda,Eastern,Gatsibo,Loamy,loamy,57,Agricultural,1476,816.0,126.0,21.2,48.8,6.85,soybean,C,92,2024-12-24,High potential,"Drier plateau and Bugesera. Banana, sorghum, cassava, maize; cattle important.",RAB; OFRA Rwanda
Rwanda,Eastern,Gatsibo,Clayey,clayey,75,Agricultural,1339,831.0,338.0,24.2,55.4,6.72,groundnut,A,77,2024-10-15,Moderate potential,"Drier plateau and Bugesera. Banana, sorghum, cassava, maize; cattle important.",RAB; FAO ECOCROP; IFAD
Rwanda,Eastern,Gatsibo,Alluvial,alluvial,62,Agricultural,1466,794.0,356.0,23.1,69.8,5.47,rice,B,94,2025-07-12,High potential,"Drier plateau and Bugesera. Banana, sorghum, cassava, maize; cattle important.",RAB; RwaSIS; OFRA Rwanda
Rwanda,Eastern,Gatsibo,Sandy,sandy,41,Agricultural,1566,904.0,139.0,20.4,55.4,6.61,rice,C,65,2024-05-18,Moderate potential,"Drier plateau and Bugesera. Banana, sorghum, cassava, maize; cattle important.",RAB; RwaSIS; OFRA Rwanda
Rwanda,Eastern,Gatsibo,Loamy,loamy,45,Homestead,1396,716.0,284.0,20.9,61.2,6.42,sorghum,A,99,2024-07-15,High potential,"Drier plateau and Bugesera. Banana, sorghum, cassava, maize; cattle important.",RAB; OFRA Rwanda; IFAD
Rwanda,Eastern,Gatsibo,Sandy,sandy,41,Marshland,1308,911.0,467.0,22.5,63.0,5.81,sorghum,B,100,2024-12-05,High potential,"Drier plateau and Bugesera. Banana, sorghum, cassava, maize; cattle important.",RAB; OFRA Rwanda; IFAD
Rwanda,Eastern,Gatsibo,Sandy,sandy,59,Agricultural,1359,750.0,134.0,20.6,49.6,6.03,sweet_potato,C,93,2024-09-11,High potential,"Drier plateau and Bugesera. Banana, sorghum, cassava, maize; cattle important.",RAB; CIP; FAO ECOCROP
Rwanda,Eastern,Gatsibo,Sandy,sandy,61,Agricultural,1422,723.0,246.0,23.6,63.0,5.42,sorghum,A,97,2024-08-08,High potential,"Drier plateau and Bugesera. Banana, sorghum, cassava, maize; cattle important.",RAB; OFRA Rwanda; IFAD
Rwanda,Eastern,Gatsibo,Clayey,clayey,54,Agricultural,1264,1058.0,482.0,23.1,74.1,6.0,beans,B,100,2025-03-08,High potential,"Drier plateau and Bugesera. Banana, sorghum, cassava, maize; cattle important.",RAB; OFRA Rwanda; NISR
Rwanda,Eastern,Gatsibo,Loamy,loamy,62,Agricultural,1265,715.0,125.0,21.9,48.3,6.36,sweet_potato,C,92,2025-05-29,High potential,"Drier plateau and Bugesera. Banana, sorghum, cassava, maize; cattle important.",RAB; CIP; FAO ECOCROP
Rwanda,Eastern,Gatsibo,Clayey,clayey,74,Agricultural,1383,909.0,315.0,26.4,61.0,6.41,beans,A,98,2024-02-08,High potential,"Drier plateau and Bugesera. Banana, sorghum, cassava, maize; cattle important.",RAB; OFRA Rwanda; NISR
Rwanda,Eastern,Gatsibo,Sandy,sandy,56,Agricultural,1266,838.0,413.0,23.8,69.3,6.57,beans,B,78,2025-05-05,Moderate potential,"Drier plateau and Bugesera. Banana, sorghum, cassava, maize; cattle important.",RAB; OFRA Rwanda; NISR
Rwanda,Eastern,Gatsibo,Loamy,loamy,48,Agricultural,1563,1028.0,153.0,21.9,53.7,5.65,rice,C,64,2023-09-19,Moderate potential,"Drier plateau and Bugesera. Banana, sorghum, cassava, maize; cattle important.",RAB; RwaSIS; OFRA Rwanda
Rwanda,Eastern,Gatsibo,Clayey,clayey,64,Agricultural,1588,751.0,300.0,21.5,67.6,5.43,maize,A,97,2025-04-13,High potential,"Drier plateau and Bugesera. Banana, sorghum, cassava, maize; cattle important.",RAB CIP; OFRA Rwanda; FAO ECOCROP
Rwanda,Eastern,Gatsibo,Clayey,clayey,57,Agricultural,1318,898.0,383.0,23.3,67.7,5.44,banana,B,94,2024-12-14,High potential,"Drier plateau and Bugesera. Banana, sorghum, cassava, maize; cattle important.",RAB; FAO ECOCROP; OFRA Rwanda
Rwanda,Eastern,Gatsibo,Clayey,clayey,58,Agricultural,1286,962.0,162.0,19.8,59.0,6.41,beans,C,97,2024-05-25,High potential,"Drier plateau and Bugesera. Banana, sorghum, cassava, maize; cattle important.",RAB; OFRA Rwanda; NISR
Rwanda,Eastern,Gatsibo,Loamy,loamy,42,Fallow,1255,872.0,284.0,24.6,63.3,5.5,cassava,A,96,2025-06-05,High potential,"Drier plateau and Bugesera. Banana, sorghum, cassava, maize; cattle important.",RAB; IITA; IFAD crop suitability
Rwanda,Eastern,Gatsibo,Clayey,clayey,66,Marshland,1344,855.0,389.0,23.9,79.6,6.65,maize,B,99,2023-12-05,High potential,"Drier plateau and Bugesera. Banana, sorghum, cassava, maize; cattle important.",RAB CIP; OFRA Rwanda; FAO ECOCROP
Rwanda,Eastern,Gatsibo,Alluvial,alluvial,55,Agricultural,1292,967.0,186.0,22.6,58.1,6.03,tomato,C,97,2024-04-15,High potential,"Drier plateau and Bugesera. Banana, sorghum, cassava, maize; cattle important.",RAB; FAO ECOCROP
Rwanda,Eastern,Gatsibo,Sandy,sandy,46,Marshland,1573,827.0,291.0,21.3,64.3,6.59,sorghum,A,99,2023-10-28,High potential,"Drier plateau and Bugesera. Banana, sorghum, cassava, maize; cattle important.",RAB; OFRA Rwanda; IFAD
Rwanda,Eastern,Gatsibo,Loamy,loamy,56,Agricultural,1449,794.0,391.0,20.7,66.7,6.54,cassava,B,97,2025-02-23,High potential,"Drier plateau and Bugesera. Banana, sorghum, cassava, maize; cattle important.",RAB; IITA; IFAD crop suitability
Rwanda,Eastern,Gatsibo,Loamy,loamy,56,Agricultural,1262,920.0,175.0,21.0,57.1,6.81,beans,C,97,2024-11-19,High potential,"Drier plateau and Bugesera. Banana, sorghum, cassava, maize; cattle important.",RAB; OFRA Rwanda; NISR
Rwanda,Eastern,Gatsibo,Loamy,loamy,44,Fallow,1465,962.0,362.0,24.3,67.5,6.75,sorghum,A,100,2024-10-29,High potential,"Drier plateau and Bugesera. Banana, sorghum, cassava, maize; cattle important.",RAB; OFRA Rwanda; IFAD
Rwanda,Eastern,Gatsibo,Alluvial,alluvial,68,Agricultural,1332,1020.0,448.0,22.2,81.0,6.14,maize,B,99,2024-12-23,High potential,"Drier plateau and Bugesera. Banana, sorghum, cassava, maize; cattle important.",RAB CIP; OFRA Rwanda; FAO ECOCROP
Rwanda,Eastern,Gatsibo,Sandy,sandy,68,Fallow,1417,938.0,173.0,21.0,48.8,6.32,rice,C,62,2024-03-19,Moderate potential,"Drier plateau and Bugesera. Banana, sorghum, cassava, maize; cattle important.",RAB; RwaSIS; OFRA Rwanda
Rwanda,Eastern,Gatsibo,Alluvial,alluvial,75,Marshland,1266,737.0,316.0,20.4,64.9,6.4,maize,A,98,2025-06-26,High potential,"Drier plateau and Bugesera. Banana, sorghum, cassava, maize; cattle important.",RAB CIP; OFRA Rwanda; FAO ECOCROP
Rwanda,Eastern,Gatsibo,Sandy,sandy,42,Agricultural,1213,917.0,356.0,23.1,68.8,5.91,beans,B,77,2024-12-15,Moderate potential,"Drier plateau and Bugesera. Banana, sorghum, cassava, maize; cattle important.",RAB; OFRA Rwanda; NISR
Rwanda,Eastern,Gatsibo,Loamy,loamy,58,Agricultural,1235,867.0,165.0,21.4,45.5,6.78,tomato,C,95,2024-06-15,High potential,"Drier plateau and Bugesera. Banana, sorghum, cassava, maize; cattle important.",RAB; FAO ECOCROP
Rwanda,Eastern,Gatsibo,Sandy,sandy,42,Agricultural,1287,988.0,422.0,23.8,69.2,6.08,beans,A,78,2024-06-22,Moderate potential,"Drier plateau and Bugesera. Banana, sorghum, cassava, maize; cattle important.",RAB; OFRA Rwanda; NISR
Rwanda,Eastern,Gatsibo,Sandy,sandy,71,Homestead,1549,789.0,336.0,24.8,64.0,6.26,rice,B,72,2023-09-26,Moderate potential,"Drier plateau and Bugesera. Banana, sorghum, cassava, maize; cattle important.",RAB; RwaSIS; OFRA Rwanda
Rwanda,Eastern,Gatsibo,Loamy,loamy,72,Agricultural,1515,682.0,124.0,20.8,48.9,6.74,soybean,C,92,2025-04-11,High potential,"Drier plateau and Bugesera. Banana, sorghum, cassava, maize; cattle important.",RAB; OFRA Rwanda
Rwanda,Eastern,Gatsibo,Alluvial,alluvial,41,Agricultural,1470,711.0,249.0,23.7,68.0,5.59,beans,A,98,2024-04-19,High potential,"Drier plateau and Bugesera. Banana, sorghum, cassava, maize; cattle important.",RAB; OFRA Rwanda; NISR
Rwanda,Eastern,Gatsibo,Sandy,sandy,44,Homestead,1492,849.0,432.0,24.2,72.0,6.99,beans,B,78,2024-05-08,Moderate potential,"Drier plateau and Bugesera. Banana, sorghum, cassava, maize; cattle important.",RAB; OFRA Rwanda; NISR
Rwanda,Eastern,Gatsibo,Clayey,clayey,74,Agricultural,1270,655.0,122.0,21.1,50.0,5.62,sweet_potato,C,71,2024-03-12,Moderate potential,"Drier plateau and Bugesera. Banana, sorghum, cassava, maize; cattle important.",RAB; CIP; FAO ECOCROP
Rwanda,Eastern,Gatsibo,Sandy,sandy,60,Agricultural,1265,1030.0,339.0,21.4,63.6,5.85,groundnut,A,99,2024-07-14,High potential,"Drier plateau and Bugesera. Banana, sorghum, cassava, maize; cattle important.",RAB; FAO ECOCROP; IFAD
Rwanda,Eastern,Gatsibo,Clayey,clayey,40,Agricultural,1449,716.0,274.0,23.9,65.8,6.85,rice,B,93,2024-03-28,High potential,"Drier plateau and Bugesera. Banana, sorghum, cassava, maize; cattle important.",RAB; RwaSIS; OFRA Rwanda
Rwanda,Eastern,Gatsibo,Loamy,loamy,69,Agricultural,1420,729.0,110.0,20.6,55.1,6.67,rice,C,64,2024-06-15,Moderate potential,"Drier plateau and Bugesera. Banana, sorghum, cassava, maize; cattle important.",RAB; RwaSIS; OFRA Rwanda
Rwanda,Eastern,Gatsibo,Sandy,sandy,67,Agricultural,1253,1005.0,346.0,23.5,58.7,6.66,banana,A,72,2025-05-21,Moderate potential,"Drier plateau and Bugesera. Banana, sorghum, cassava, maize; cattle important.",RAB; FAO ECOCROP; OFRA Rwanda
Rwanda,Eastern,Gatsibo,Sandy,sandy,53,Agricultural,1263,845.0,328.0,22.2,67.4,5.47,maize,B,98,2024-03-20,High potential,"Drier plateau and Bugesera. Banana, sorghum, cassava, maize; cattle important.",RAB CIP; OFRA Rwanda; FAO ECOCROP
Rwanda,Eastern,Gatsibo,Sandy,sandy,44,Agricultural,1447,1008.0,166.0,21.8,50.7,6.77,rice,C,63,2025-04-02,Moderate potential,"Drier plateau and Bugesera. Banana, sorghum, cassava, maize; cattle important.",RAB; RwaSIS; OFRA Rwanda
Rwanda,Eastern,Gatsibo,Sandy,sandy,63,Agricultural,1458,751.0,281.0,23.3,63.1,6.39,beans,A,77,2023-12-18,Moderate potential,"Drier plateau and Bugesera. Banana, sorghum, cassava, maize; cattle important.",RAB; OFRA Rwanda; NISR
Rwanda,Eastern,Gatsibo,Alluvial,alluvial,48,Agricultural,1537,872.0,415.0,23.5,67.9,6.32,beans,B,100,2025-06-05,High potential,"Drier plateau and Bugesera. Banana, sorghum, cassava, maize; cattle important.",RAB; OFRA Rwanda; NISR
Rwanda,Eastern,Gatsibo,Alluvial,alluvial,63,Agricultural,1577,726.0,109.0,19.2,45.9,6.22,sweet_potato,C,91,2025-07-12,High potential,"Drier plateau and Bugesera. Banana, sorghum, cassava, maize; cattle important.",RAB; CIP; FAO ECOCROP
Rwanda,Eastern,Gatsibo,Alluvial,alluvial,59,Agricultural,1362,967.0,341.0,22.6,63.4,6.2,sorghum,A,77,2024-07-06,Moderate potential,"Drier plateau and Bugesera. Banana, sorghum, cassava, maize; cattle important.",RAB; OFRA Rwanda; IFAD
Rwanda,Eastern,Gatsibo,Clayey,clayey,50,Agricultural,1282,1052.0,520.0,24.5,68.2,5.5,cassava,B,99,2025-07-19,High potential,"Drier plateau and Bugesera. Banana, sorghum, cassava, maize; cattle important.",RAB; IITA; IFAD crop suitability
Rwanda,Eastern,Kayonza,Alluvial,alluvial,62,Agricultural,1220,896.0,334.0,22.4,62.5,6.6,groundnut,A,77,2024-10-08,Moderate potential,"Drier plateau and Bugesera. Banana, sorghum, cassava, maize; cattle important.",RAB; FAO ECOCROP; IFAD
Rwanda,Eastern,Kayonza,Loamy,loamy,43,Agricultural,1490,914.0,410.0,23.9,65.9,6.72,rice,B,73,2025-05-05,Moderate potential,"Drier plateau and Bugesera. Banana, sorghum, cassava, maize; cattle important.",RAB; RwaSIS; OFRA Rwanda
Rwanda,Eastern,Kayonza,Loamy,loamy,60,Fallow,1227,769.0,142.0,20.9,48.4,5.94,tomato,C,96,2025-06-18,High potential,"Drier plateau and Bugesera. Banana, sorghum, cassava, maize; cattle important.",RAB; FAO ECOCROP
Rwanda,Eastern,Kayonza,Loamy,loamy,63,Marshland,1381,995.0,411.0,23.1,64.4,6.14,groundnut,A,100,2024-02-07,High potential,"Drier plateau and Bugesera. Banana, sorghum, cassava, maize; cattle important.",RAB; FAO ECOCROP; IFAD
Rwanda,Eastern,Kayonza,Clayey,clayey,52,Fallow,1450,1073.0,522.0,22.5,60.6,5.52,sorghum,B,100,2024-01-25,High potential,"Drier plateau and Bugesera. Banana, sorghum, cassava, maize; cattle important.",RAB; OFRA Rwanda; IFAD
Rwanda,Eastern,Kayonza,Sandy,sandy,71,Agricultural,1223,939.0,162.0,19.2,49.1,6.26,sweet_potato,C,93,2024-09-15,High potential,"Drier plateau and Bugesera. Banana, sorghum, cassava, maize; cattle important.",RAB; CIP; FAO ECOCROP
Rwanda,Eastern,Kayonza,Loamy,loamy,69,Marshland,1227,923.0,311.0,21.3,56.2,6.84,sorghum,A,99,2023-12-05,High potential,"Drier plateau and Bugesera. Banana, sorghum, cassava, maize; cattle important.",RAB; OFRA Rwanda; IFAD
Rwanda,Eastern,Kayonza,Sandy,sandy,70,Homestead,1434,1120.0,451.0,23.9,74.2,6.28,cassava,B,98,2024-04-25,High potential,"Drier plateau and Bugesera. Banana, sorghum, cassava, maize; cattle important.",RAB; IITA; IFAD crop suitability
Rwanda,Eastern,Kayonza,Alluvial,alluvial,41,Agricultural,1552,860.0,151.0,19.7,53.5,6.22,beans,C,96,2025-03-23,High potential,"Drier plateau and Bugesera. Banana, sorghum, cassava, maize; cattle important.",RAB; OFRA Rwanda; NISR
Rwanda,Eastern,Kayonza,Clayey,clayey,64,Agricultural,1344,794.0,311.0,23.3,65.8,6.82,banana,A,94,2023-11-22,High potential,"Drier plateau and Bugesera. Banana, sorghum, cassava, maize; cattle important.",RAB; FAO ECOCROP; OFRA Rwanda
Rwanda,Eastern,Kayonza,Loamy,loamy,64,Agricultural,1446,1018.0,505.0,23.7,68.6,6.09,sorghum,B,100,2024-05-04,High potential,"Drier plateau and Bugesera. Banana, sorghum, cassava, maize; cattle important.",RAB; OFRA Rwanda; IFAD
Rwanda,Eastern,Kayonza,Alluvial,alluvial,56,Agricultural,1415,748.0,132.0,18.9,45.9,5.54,soybean,C,91,2025-04-03,High potential,"Drier plateau and Bugesera. Banana, sorghum, cassava, maize; cattle important.",RAB; OFRA Rwanda
Rwanda,Eastern,Kayonza,Alluvial,alluvial,74,Agricultural,1524,1029.0,351.0,22.1,63.0,6.55,banana,A,94,2025-01-26,High potential,"Drier plateau and Bugesera. Banana, sorghum, cassava, maize; cattle important.",RAB; FAO ECOCROP; OFRA Rwanda
Rwanda,Eastern,Kayonza,Sandy,sandy,55,Agricultural,1298,1016.0,493.0,23.2,68.2,6.63,cassava,B,99,2024-12-31,High potential,"Drier plateau and Bugesera. Banana, sorghum, cassava, maize; cattle important.",RAB; IITA; IFAD crop suitability
Rwanda,Eastern,Kayonza,Loamy,loamy,66,Agricultural,1549,1039.0,162.0,21.0,47.6,6.6,soybean,C,92,2024-03-16,High potential,"Drier plateau and Bugesera. Banana, sorghum, cassava, maize; cattle important.",RAB; OFRA Rwanda
Rwanda,Eastern,Kayonza,Sandy,sandy,43,Agricultural,1573,838.0,321.0,23.7,58.8,6.66,maize,A,98,2025-04-22,High potential,"Drier plateau and Bugesera. Banana, sorghum, cassava, maize; cattle important.",RAB CIP; OFRA Rwanda; FAO ECOCROP
Rwanda,Eastern,Kayonza,Alluvial,alluvial,59,Agricultural,1372,963.0,485.0,24.2,64.9,6.5,rice,B,96,2024-11-22,High potential,"Drier plateau and Bugesera. Banana, sorghum, cassava, maize; cattle important.",RAB; RwaSIS; OFRA Rwanda
Rwanda,Eastern,Kayonza,Alluvial,alluvial,44,Agricultural,1486,776.0,138.0,19.3,54.6,6.75,soybean,C,95,2024-07-08,High potential,"Drier plateau and Bugesera. Banana, sorghum, cassava, maize; cattle important.",RAB; OFRA Rwanda
Rwanda,Eastern,Kayonza,Loamy,loamy,53,Agricultural,1201,1014.0,354.0,23.8,58.1,5.97,groundnut,A,99,2025-07-08,High potential,"Drier plateau and Bugesera. Banana, sorghum, cassava, maize; cattle important.",RAB; FAO ECOCROP; IFAD
Rwanda,Eastern,Kayonza,Sandy,sandy,70,Marshland,1478,821.0,385.0,23.7,70.0,6.43,sorghum,B,100,2024-08-29,High potential,"Drier plateau and Bugesera. Banana, sorghum, cassava, maize; cattle important.",RAB; OFRA Rwanda; IFAD
Rwanda,Eastern,Kayonza,Sandy,sandy,43,Agricultural,1313,715.0,123.0,21.1,56.7,5.54,sweet_potato,C,95,2024-03-11,High potential,"Drier plateau and Bugesera. Banana, sorghum, cassava, maize; cattle important.",RAB; CIP; FAO ECOCROP
Rwanda,Eastern,Kayonza,Alluvial,alluvial,65,Agricultural,1589,936.0,346.0,21.6,62.6,6.19,maize,A,98,2025-05-22,High potential,"Drier plateau and Bugesera. Banana, sorghum, cassava, maize; cattle important.",RAB CIP; OFRA Rwanda; FAO ECOCROP
Rwanda,Eastern,Kayonza,Clayey,clayey,51,Agricultural,1508,855.0,395.0,22.7,62.1,6.56,maize,B,99,2025-03-10,High potential,"Drier plateau and Bugesera. Banana, sorghum, cassava, maize; cattle important.",RAB CIP; OFRA Rwanda; FAO ECOCROP
Rwanda,Eastern,Kayonza,Clayey,clayey,67,Agricultural,1486,978.0,175.0,18.7,49.9,6.39,rice,C,81,2024-04-24,High potential,"Drier plateau and Bugesera. Banana, sorghum, cassava, maize; cattle important.",RAB; RwaSIS; OFRA Rwanda
Rwanda,Eastern,Kayonza,Sandy,sandy,46,Agricultural,1524,904.0,370.0,23.7,55.5,6.18,banana,A,70,2025-03-24,Moderate potential,"Drier plateau and Bugesera. Banana, sorghum, cassava, maize; cattle important.",RAB; FAO ECOCROP; OFRA Rwanda
Rwanda,Eastern,Kayonza,Alluvial,alluvial,55,Agricultural,1328,1078.0,447.0,24.1,68.6,6.41,maize,B,99,2024-07-25,High potential,"Drier plateau and Bugesera. Banana, sorghum, cassava, maize; cattle important.",RAB CIP; OFRA Rwanda; FAO ECOCROP
Rwanda,Eastern,Kayonza,Loamy,loamy,65,Agricultural,1489,913.0,168.0,21.0,45.9,6.36,sweet_potato,C,91,2025-02-03,High potential,"Drier plateau and Bugesera. Banana, sorghum, cassava, maize; cattle important.",RAB; CIP; FAO ECOCROP
Rwanda,Eastern,Kayonza,Clayey,clayey,47,Agricultural,1337,1034.0,336.0,22.5,61.9,6.69,maize,A,98,2024-07-04,High potential,"Drier plateau and Bugesera. Banana, sorghum, cassava, maize; cattle important.",RAB CIP; OFRA Rwanda; FAO ECOCROP
Rwanda,Eastern,Kayonza,Loamy,loamy,61,Agricultural,1318,899.0,417.0,22.7,61.0,5.84,sorghum,B,100,2025-03-27,High potential,"Drier plateau and Bugesera. Banana, sorghum, cassava, maize; cattle important.",RAB; OFRA Rwanda; IFAD
Rwanda,Eastern,Kayonza,Sandy,sandy,41,Agricultural,1258,994.0,170.0,21.9,49.5,6.63,soybean,C,71,2023-09-23,Moderate potential,"Drier plateau and Bugesera. Banana, sorghum, cassava, maize; cattle important.",RAB; OFRA Rwanda
Rwanda,Eastern,Kayonza,Clayey,clayey,46,Agricultural,1372,1111.0,455.0,20.7,60.6,6.18,sorghum,A,100,2024-11-18,High potential,"Drier plateau and Bugesera. Banana, sorghum, cassava, maize; cattle important.",RAB; OFRA Rwanda; IFAD
Rwanda,Eastern,Kayonza,Alluvial,alluvial,41,Agricultural,1465,1129.0,506.0,23.7,74.6,6.0,beans,B,100,2023-12-06,High potential,"Drier plateau and Bugesera. Banana, sorghum, cassava, maize; cattle important.",RAB; OFRA Rwanda; NISR
Rwanda,Eastern,Kayonza,Alluvial,alluvial,54,Homestead,1548,952.0,178.0,22.3,53.0,5.5,sweet_potato,C,95,2024-12-22,High potential,"Drier plateau and Bugesera. Banana, sorghum, cassava, maize; cattle important.",RAB; CIP; FAO ECOCROP
Rwanda,Eastern,Kayonza,Alluvial,alluvial,40,Agricultural,1293,961.0,350.0,22.4,58.8,6.15,banana,A,94,2023-10-27,High potential,"Drier plateau and Bugesera. Banana, sorghum, cassava, maize; cattle important.",RAB; FAO ECOCROP; OFRA Rwanda
Rwanda,Eastern,Kayonza,Sandy,sandy,54,Agricultural,1459,838.0,425.0,22.7,69.3,6.29,sorghum,B,100,2024-02-22,High potential,"Drier plateau and Bugesera. Banana, sorghum, cassava, maize; cattle important.",RAB; OFRA Rwanda; IFAD
Rwanda,Eastern,Kayonza,Alluvial,alluvial,54,Agricultural,1455,890.0,170.0,20.5,51.9,6.22,beans,C,96,2024-02-11,High potential,"Drier plateau and Bugesera. Banana, sorghum, cassava, maize; cattle important.",RAB; OFRA Rwanda; NISR
Rwanda,Eastern,Kayonza,Sandy,sandy,62,Agricultural,1379,1039.0,419.0,21.6,71.7,6.15,beans,A,78,2023-09-06,Moderate potential,"Drier plateau and Bugesera. Banana, sorghum, cassava, maize; cattle important.",RAB; OFRA Rwanda; NISR
Rwanda,Eastern,Kayonza,Loamy,loamy,60,Agricultural,1265,786.0,301.0,23.0,71.1,6.07,beans,B,99,2024-07-30,High potential,"Drier plateau and Bugesera. Banana, sorghum, cassava, maize; cattle important.",RAB; OFRA Rwanda; NISR
Rwanda,Eastern,Kayonza,Sandy,sandy,62,Agricultural,1335,812.0,140.0,20.0,57.1,5.77,soybean,C,74,2023-12-10,Moderate potential,"Drier plateau and Bugesera. Banana, sorghum, cassava, maize; cattle important.",RAB; OFRA Rwanda
Rwanda,Eastern,Kayonza,Loamy,loamy,69,Agricultural,1405,927.0,401.0,21.2,61.2,6.2,sorghum,A,100,2025-07-27,High potential,"Drier plateau and Bugesera. Banana, sorghum, cassava, maize; cattle important.",RAB; OFRA Rwanda; IFAD
Rwanda,Eastern,Kayonza,Loamy,loamy,60,Agricultural,1531,1072.0,508.0,20.3,67.9,6.26,sorghum,B,100,2024-03-15,High potential,"Drier plateau and Bugesera. Banana, sorghum, cassava, maize; cattle important.",RAB; OFRA Rwanda; IFAD
Rwanda,Eastern,Kayonza,Loamy,loamy,52,Marshland,1489,974.0,181.0,20.2,56.6,6.1,rice,C,66,2023-10-09,Moderate potential,"Drier plateau and Bugesera. Banana, sorghum, cassava, maize; cattle important.",RAB; RwaSIS; OFRA Rwanda
Rwanda,Eastern,Kayonza,Clayey,clayey,62,Agricultural,1259,976.0,352.0,23.2,62.9,6.06,banana,A,94,2025-04-14,High potential,"Drier plateau and Bugesera. Banana, sorghum, cassava, maize; cattle important.",RAB; FAO ECOCROP; OFRA Rwanda
Rwanda,Eastern,Kayonza,Clayey,clayey,50,Agricultural,1403,1011.0,479.0,24.2,67.6,6.08,cassava,B,98,2024-08-03,High potential,"Drier plateau and Bugesera. Banana, sorghum, cassava, maize; cattle important.",RAB; IITA; IFAD crop suitability
Rwanda,Eastern,Kayonza,Clayey,clayey,71,Agricultural,1473,1006.0,183.0,20.4,47.5,6.53,sweet_potato,C,70,2024-07-07,Moderate potential,"Drier plateau and Bugesera. Banana, sorghum, cassava, maize; cattle important.",RAB; CIP; FAO ECOCROP
Rwanda,Eastern,Kayonza,Sandy,sandy,66,Agricultural,1291,1089.0,391.0,22.6,65.2,6.03,maize,A,99,2024-01-11,High potential,"Drier plateau and Bugesera. Banana, sorghum, cassava, maize; cattle important.",RAB CIP; OFRA Rwanda; FAO ECOCROP
Rwanda,Eastern,Kayonza,Clayey,clayey,44,Agricultural,1590,870.0,364.0,22.4,70.9,6.39,maize,B,98,2024-07-09,High potential,"Drier plateau and Bugesera. Banana, sorghum, cassava, maize; cattle important.",RAB CIP; OFRA Rwanda; FAO ECOCROP
Rwanda,Eastern,Kayonza,Clayey,clayey,64,Agricultural,1448,864.0,146.0,19.1,53.4,6.01,soybean,C,95,2025-01-09,High potential,"Drier plateau and Bugesera. Banana, sorghum, cassava, maize; cattle important.",RAB; OFRA Rwanda
Rwanda,Eastern,Kayonza,Loamy,loamy,43,Agricultural,1501,853.0,367.0,20.6,64.0,5.79,maize,A,98,2024-05-20,High potential,"Drier plateau and Bugesera. Banana, sorghum, cassava, maize; cattle important.",RAB CIP; OFRA Rwanda; FAO ECOCROP
Rwanda,Eastern,Kayonza,Loamy,loamy,46,Agricultural,1430,988.0,378.0,23.1,75.9,5.41,rice,B,72,2024-03-11,Moderate potential,"Drier plateau and Bugesera. Banana, sorghum, cassava, maize; cattle important.",RAB; RwaSIS; OFRA Rwanda
Rwanda,Eastern,Kayonza,Loamy,loamy,41,Agricultural,1349,1040.0,174.0,19.8,52.7,6.31,sweet_potato,C,95,2024-07-27,High potential,"Drier plateau and Bugesera. Banana, sorghum, cassava, maize; cattle important.",RAB; CIP; FAO ECOCROP
Rwanda,Eastern,Kayonza,Loamy,loamy,64,Agricultural,1485,849.0,329.0,22.0,59.5,5.97,groundnut,A,98,2025-05-05,High potential,"Drier plateau and Bugesera. Banana, sorghum, cassava, maize; cattle important.",RAB; FAO ECOCROP; IFAD
Rwanda,Eastern,Kayonza,Loamy,loamy,57,Agricultural,1383,930.0,458.0,24.0,68.0,6.97,maize,B,99,2025-05-13,High potential,"Drier plateau and Bugesera. Banana, sorghum, cassava, maize; cattle important.",RAB CIP; OFRA Rwanda; FAO ECOCROP
Rwanda,Eastern,Kayonza,Alluvial,alluvial,43,Agricultural,1213,889.0,159.0,20.4,51.1,6.38,soybean,C,94,2023-12-27,High potential,"Drier plateau and Bugesera. Banana, sorghum, cassava, maize; cattle important.",RAB; OFRA Rwanda
Rwanda,Eastern,Kayonza,Sandy,sandy,53,Agricultural,1348,779.0,282.0,22.8,53.8,6.42,maize,A,97,2023-12-31,High potential,"Drier plateau and Bugesera. Banana, sorghum, cassava, maize; cattle important.",RAB CIP; OFRA Rwanda; FAO ECOCROP
Rwanda,Eastern,Kayonza,Clayey,clayey,61,Agricultural,1422,831.0,345.0,23.3,70.4,5.46,maize,B,98,2025-07-17,High potential,"Drier plateau and Bugesera. Banana, sorghum, cassava, maize; cattle important.",RAB CIP; OFRA Rwanda; FAO ECOCROP
Rwanda,Eastern,Kayonza,Sandy,sandy,74,Homestead,1340,944.0,181.0,20.1,46.2,5.73,rice,C,61,2024-03-07,Moderate potential,"Drier plateau and Bugesera. Banana, sorghum, cassava, maize; cattle important.",RAB; RwaSIS; OFRA Rwanda
Rwanda,Eastern,Kayonza,Sandy,sandy,50,Agricultural,1488,1005.0,398.0,22.0,62.5,6.46,groundnut,A,99,2025-06-06,High potential,"Drier plateau and Bugesera. Banana, sorghum, cassava, maize; cattle important.",RAB; FAO ECOCROP; IFAD
Rwanda,Eastern,Kayonza,Sandy,sandy,51,Agricultural,1586,960.0,454.0,21.7,73.1,6.12,cassava,B,98,2024-03-24,High potential,"Drier plateau and Bugesera. Banana, sorghum, cassava, maize; cattle important.",RAB; IITA; IFAD crop suitability
Rwanda,Eastern,Kayonza,Clayey,clayey,59,Fallow,1552,764.0,139.0,21.2,47.4,5.48,beans,C,93,2024-08-15,High potential,"Drier plateau and Bugesera. Banana, sorghum, cassava, maize; cattle important.",RAB; OFRA Rwanda; NISR
Rwanda,Eastern,Kayonza,Loamy,loamy,64,Agricultural,1552,772.0,296.0,23.4,63.6,5.78,beans,A,99,2024-09-16,High potential,"Drier plateau and Bugesera. Banana, sorghum, cassava, maize; cattle important.",RAB; OFRA Rwanda; NISR
Rwanda,Eastern,Kayonza,Sandy,sandy,64,Agricultural,1446,1055.0,483.0,23.7,76.9,5.96,maize,B,100,2024-07-23,High potential,"Drier plateau and Bugesera. Banana, sorghum, cassava, maize; cattle important.",RAB CIP; OFRA Rwanda; FAO ECOCROP
Rwanda,Eastern,Kayonza,Loamy,loamy,46,Homestead,1578,795.0,146.0,19.2,51.6,5.94,sweet_potato,C,94,2024-11-27,High potential,"Drier plateau and Bugesera. Banana, sorghum, cassava, maize; cattle important.",RAB; CIP; FAO ECOCROP
Rwanda,Eastern,Kayonza,Loamy,loamy,41,Homestead,1332,1022.0,404.0,21.9,59.0,6.49,groundnut,A,99,2025-02-19,High potential,"Drier plateau and Bugesera. Banana, sorghum, cassava, maize; cattle important.",RAB; FAO ECOCROP; IFAD
Rwanda,Eastern,Kayonza,Clayey,clayey,56,Agricultural,1597,932.0,371.0,22.4,72.6,5.65,maize,B,98,2023-09-29,High potential,"Drier plateau and Bugesera. Banana, sorghum, cassava, maize; cattle important.",RAB CIP; OFRA Rwanda; FAO ECOCROP
Rwanda,Eastern,Kayonza,Alluvial,alluvial,74,Agricultural,1489,759.0,117.0,21.7,46.2,5.5,tomato,C,95,2025-03-23,High potential,"Drier plateau and Bugesera. Banana, sorghum, cassava, maize; cattle important.",RAB; FAO ECOCROP
Rwanda,Eastern,Kayonza,Clayey,clayey,49,Agricultural,1324,991.0,371.0,22.2,62.1,5.94,sorghum,A,100,2024-02-01,High potential,"Drier plateau and Bugesera. Banana, sorghum, cassava, maize; cattle important.",RAB; OFRA Rwanda; IFAD
Rwanda,Eastern,Kayonza,Loamy,loamy,57,Agricultural,1555,868.0,385.0,22.9,76.5,6.28,sorghum,B,99,2024-10-13,High potential,"Drier plateau and Bugesera. Banana, sorghum, cassava, maize; cattle important.",RAB; OFRA Rwanda; IFAD
Rwanda,Eastern,Kayonza,Loamy,loamy,54,Homestead,1226,818.0,156.0,20.5,50.9,6.57,beans,C,95,2024-02-12,High potential,"Drier plateau and Bugesera. Banana, sorghum, cassava, maize; cattle important.",RAB; OFRA Rwanda; NISR
Rwanda,Eastern,Kayonza,Alluvial,alluvial,43,Agricultural,1446,847.0,350.0,23.0,63.1,6.43,beans,A,99,2024-08-28,High potential,"Drier plateau and Bugesera. Banana, sorghum, cassava, maize; cattle important.",RAB; OFRA Rwanda; NISR
Rwanda,Eastern,Kayonza,Sandy,sandy,59,Agricultural,1412,960.0,468.0,23.8,69.7,6.51,beans,B,78,2025-01-23,Moderate potential,"Drier plateau and Bugesera. Banana, sorghum, cassava, maize; cattle important.",RAB; OFRA Rwanda; NISR
Rwanda,Eastern,Kayonza,Alluvial,alluvial,52,Agricultural,1371,707.0,103.0,19.9,56.4,5.73,soybean,C,95,2024-10-04,High potential,"Drier plateau and Bugesera. Banana, sorghum, cassava, maize; cattle important.",RAB; OFRA Rwanda
Rwanda,Eastern,Kayonza,Loamy,loamy,41,Marshland,1530,979.0,411.0,22.3,69.3,6.71,cassava,A,98,2025-03-01,High potential,"Drier plateau and Bugesera. Banana, sorghum, cassava, maize; cattle important.",RAB; IITA; IFAD crop suitability
Rwanda,Eastern,Kayonza,Sandy,sandy,59,Agricultural,1324,858.0,434.0,22.0,63.5,6.24,rice,B,73,2023-10-07,Moderate potential,"Drier plateau and Bugesera. Banana, sorghum, cassava, maize; cattle important.",RAB; RwaSIS; OFRA Rwanda
Rwanda,Eastern,Kayonza,Sandy,sandy,50,Agricultural,1211,899.0,131.0,21.7,49.5,6.11,tomato,C,96,2025-04-08,High potential,"Drier plateau and Bugesera. Banana, sorghum, cassava, maize; cattle important.",RAB; FAO ECOCROP
Rwanda,Eastern,Kayonza,Loamy,loamy,44,Homestead,1587,846.0,311.0,23.3,61.6,5.56,cassava,A,96,2023-09-16,High potential,"Drier plateau and Bugesera. Banana, sorghum, cassava, maize; cattle important.",RAB; IITA; IFAD crop suitability
Rwanda,Eastern,Kayonza,Clayey,clayey,66,Agricultural,1358,1146.0,447.0,23.2,76.4,5.7,beans,B,100,2025-07-30,High potential,"Drier plateau and Bugesera. Banana, sorghum, cassava, maize; cattle important.",RAB; OFRA Rwanda; NISR
Rwanda,Eastern,Kayonza,Clayey,clayey,49,Agricultural,1411,984.0,142.0,19.5,51.5,6.76,tomato,C,75,2024-07-09,Moderate potential,"Drier plateau and Bugesera. Banana, sorghum, cassava, maize; cattle important.",RAB; FAO ECOCROP
Rwanda,Eastern,Kayonza,Alluvial,alluvial,61,Agricultural,1523,812.0,271.0,23.3,62.5,6.91,groundnut,A,76,2024-11-01,Moderate potential,"Drier plateau and Bugesera. Banana, sorghum, cassava, maize; cattle important.",RAB; FAO ECOCROP; IFAD
Rwanda,Eastern,Kayonza,Loamy,loamy,73,Agricultural,1375,1104.0,446.0,23.5,71.8,6.18,maize,B,99,2023-12-22,High potential,"Drier plateau and Bugesera. Banana, sorghum, cassava, maize; cattle important.",RAB CIP; OFRA Rwanda; FAO ECOCROP
Rwanda,Eastern,Kayonza,Clayey,clayey,61,Agricultural,1317,908.0,161.0,20.8,51.1,6.12,rice,C,85,2025-06-06,High potential,"Drier plateau and Bugesera. Banana, sorghum, cassava, maize; cattle important.",RAB; RwaSIS; OFRA Rwanda
Rwanda,Eastern,Kayonza,Alluvial,alluvial,63,Agricultural,1264,1054.0,356.0,22.9,55.3,5.66,banana,A,92,2024-09-15,High potential,"Drier plateau and Bugesera. Banana, sorghum, cassava, maize; cattle important.",RAB; FAO ECOCROP; OFRA Rwanda
Rwanda,Eastern,Kayonza,Alluvial,alluvial,64,Agricultural,1533,938.0,421.0,22.8,76.1,5.8,beans,B,100,2023-12-27,High potential,"Drier plateau and Bugesera. Banana, sorghum, cassava, maize; cattle important.",RAB; OFRA Rwanda; NISR
Rwanda,Eastern,Kayonza,Loamy,loamy,47,Agricultural,1483,845.0,165.0,20.4,47.6,6.63,sweet_potato,C,92,2025-04-25,High potential,"Drier plateau and Bugesera. Banana, sorghum, cassava, maize; cattle important.",RAB; CIP; FAO ECOCROP
Rwanda,Eastern,Kayonza,Clayey,clayey,43,Marshland,1433,815.0,341.0,21.9,59.2,6.02,beans,A,99,2025-05-27,High potential,"Drier plateau and Bugesera. Banana, sorghum, cassava, maize; cattle important.",RAB; OFRA Rwanda; NISR
Rwanda,Eastern,Kayonza,Sandy,sandy,47,Agricultural,1539,1037.0,528.0,22.8,72.1,5.97,maize,B,100,2024-06-06,High potential,"Drier plateau and Bugesera. Banana, sorghum, cassava, maize; cattle important.",RAB CIP; OFRA Rwanda; FAO ECOCROP
Rwanda,Eastern,Kayonza,Alluvial,alluvial,67,Agricultural,1339,869.0,151.0,18.8,53.9,6.0,soybean,C,95,2025-05-04,High potential,"Drier plateau and Bugesera. Banana, sorghum, cassava, maize; cattle important.",RAB; OFRA Rwanda
Rwanda,Eastern,Kayonza,Alluvial,alluvial,53,Agricultural,1435,1036.0,362.0,22.3,67.3,6.58,maize,A,98,2024-06-11,High potential,"Drier plateau and Bugesera. Banana, sorghum, cassava, maize; cattle important.",RAB CIP; OFRA Rwanda; FAO ECOCROP
Rwanda,Eastern,Kayonza,Loamy,loamy,75,Agricultural,1261,1082.0,503.0,23.1,71.6,5.98,beans,B,100,2024-08-10,High potential,"Drier plateau and Bugesera. Banana, sorghum, cassava, maize; cattle important.",RAB; OFRA Rwanda; NISR
Rwanda,Eastern,Kayonza,Loamy,loamy,67,Agricultural,1444,708.0,105.0,21.0,53.1,5.49,beans,C,95,2024-04-21,High potential,"Drier plateau and Bugesera. Banana, sorghum, cassava, maize; cattle important.",RAB; OFRA Rwanda; NISR
Rwanda,Eastern,Kayonza,Clayey,clayey,41,Agricultural,1345,1101.0,466.0,21.7,62.1,5.6,maize,A,100,2023-10-02,High potential,"Drier plateau and Bugesera. Banana, sorghum, cassava, maize; cattle important.",RAB CIP; OFRA Rwanda; FAO ECOCROP
Rwanda,Eastern,Kayonza,Sandy,sandy,52,Agricultural,1500,1034.0,440.0,20.7,78.5,6.06,rice,B,74,2024-03-06,Moderate potential,"Drier plateau and Bugesera. Banana, sorghum, cassava, maize; cattle important.",RAB; RwaSIS; OFRA Rwanda
Rwanda,Eastern,Kayonza,Alluvial,alluvial,40,Agricultural,1246,962.0,156.0,20.4,45.7,6.55,tomato,C,95,2025-02-06,High potential,"Drier plateau and Bugesera. Banana, sorghum, cassava, maize; cattle important.",RAB; FAO ECOCROP
Rwanda,Eastern,Kayonza,Loamy,loamy,66,Agricultural,1385,937.0,391.0,24.6,64.9,5.59,maize,A,99,2024-05-26,High potential,"Drier plateau and Bugesera. Banana, sorghum, cassava, maize; cattle important.",RAB CIP; OFRA Rwanda; FAO ECOCROP
Rwanda,Eastern,Kayonza,Clayey,clayey,50,Agricultural,1545,1128.0,565.0,22.0,73.6,6.64,beans,B,100,2024-09-30,High potential,"Drier plateau and Bugesera. Banana, sorghum, cassava, maize; cattle important.",RAB; OFRA Rwanda; NISR
Rwanda,Eastern,Kayonza,Clayey,clayey,49,Agricultural,1483,853.0,151.0,19.8,51.4,5.88,tomato,C,75,2024-03-09,Moderate potential,"Drier plateau and Bugesera. Banana, sorghum, cassava, maize; cattle important.",RAB; FAO ECOCROP
Rwanda,Eastern,Kayonza,Clayey,clayey,62,Agricultural,1404,889.0,346.0,22.7,69.2,6.62,sorghum,A,99,2024-01-04,High potential,"Drier plateau and Bugesera. Banana, sorghum, cassava, maize; cattle important.",RAB; OFRA Rwanda; IFAD
Rwanda,Eastern,Kayonza,Sandy,sandy,41,Agricultural,1384,1102.0,456.0,25.1,68.3,5.93,rice,B,74,2025-04-23,Moderate potential,"Drier plateau and Bugesera. Banana, sorghum, cassava, maize; cattle important.",RAB; RwaSIS; OFRA Rwanda
Rwanda,Eastern,Kayonza,Loamy,loamy,44,Agricultural,1316,968.0,160.0,20.4,53.9,5.96,tomato,C,97,2025-04-28,High potential,"Drier plateau and Bugesera. Banana, sorghum, cassava, maize; cattle important.",RAB; FAO ECOCROP
Rwanda,Eastern,Kayonza,Loamy,loamy,42,Agricultural,1486,1055.0,369.0,21.6,65.6,6.13,beans,A,100,2024-12-14,High potential,"Drier plateau and Bugesera. Banana, sorghum, cassava, maize; cattle important.",RAB; OFRA Rwanda; NISR
Rwanda,Eastern,Kayonza,Clayey,clayey,44,Agricultural,1363,986.0,503.0,24.2,66.5,6.71,beans,B,100,2025-04-27,High potential,"Drier plateau and Bugesera. Banana, sorghum, cassava, maize; cattle important.",RAB; OFRA Rwanda; NISR
Rwanda,Eastern,Kayonza,Sandy,sandy,50,Fallow,1438,866.0,169.0,21.2,49.1,5.89,tomato,C,97,2023-11-25,High potential,"Drier plateau and Bugesera. Banana, sorghum, cassava, maize; cattle important.",RAB; FAO ECOCROP
Rwanda,Eastern,Kayonza,Sandy,sandy,72,Agricultural,1568,852.0,300.0,22.4,63.3,5.88,beans,A,77,2023-10-21,Moderate potential,"Drier plateau and Bugesera. Banana, sorghum, cassava, maize; cattle important.",RAB; OFRA Rwanda; NISR
Rwanda,Eastern,Kayonza,Clayey,clayey,64,Agricultural,1521,1043.0,515.0,22.3,69.5,6.56,cassava,B,99,2025-05-20,High potential,"Drier plateau and Bugesera. Banana, sorghum, cassava, maize; cattle important.",RAB; IITA; IFAD crop suitability
Rwanda,Eastern,Kayonza,Alluvial,alluvial,42,Agricultural,1547,949.0,182.0,20.7,44.8,6.65,rice,C,82,2025-01-14,High potential,"Drier plateau and Bugesera. Banana, sorghum, cassava, maize; cattle important.",RAB; RwaSIS; OFRA Rwanda
Rwanda,Eastern,Kayonza,Loamy,loamy,51,Marshland,1287,987.0,331.0,24.1,63.2,6.55,groundnut,A,99,2024-05-12,High potential,"Drier plateau and Bugesera. Banana, sorghum, cassava, maize; cattle important.",RAB; FAO ECOCROP; IFAD
Rwanda,Eastern,Kayonza,Alluvial,alluvial,70,Agricultural,1225,1034.0,443.0,25.3,71.5,5.74,banana,B,96,2024-02-25,High potential,"Drier plateau and Bugesera. Banana, sorghum, cassava, maize; cattle important.",RAB; FAO ECOCROP; OFRA Rwanda
Rwanda,Eastern,Kayonza,Alluvial,alluvial,55,Marshland,1208,1046.0,192.0,19.7,52.4,6.24,tomato,C,97,2024-01-12,High potential,"Drier plateau and Bugesera. Banana, sorghum, cassava, maize; cattle important.",RAB; FAO ECOCROP
Rwanda,Eastern,Kayonza,Clayey,clayey,56,Agricultural,1501,964.0,357.0,20.6,69.1,6.42,maize,A,98,2024-01-10,High potential,"Drier plateau and Bugesera. Banana, sorghum, cassava, maize; cattle important.",RAB CIP; OFRA Rwanda; FAO ECOCROP
Rwanda,Eastern,Kayonza,Sandy,sandy,41,Agricultural,1360,812.0,385.0,22.7,64.8,6.67,cassava,B,97,2024-04-30,High potential,"Drier plateau and Bugesera. Banana, sorghum, cassava, maize; cattle important.",RAB; IITA; IFAD crop suitability
Rwanda,Eastern,Rwamagana,Alluvial,alluvial,59,Agricultural,1584,955.0,414.0,22.2,62.1,6.0,sorghum,A,78,2024-09-16,Moderate potential,"Drier plateau and Bugesera. Banana, sorghum, cassava, maize; cattle important.",RAB; OFRA Rwanda; IFAD
Rwanda,Eastern,Rwamagana,Clayey,clayey,45,Agricultural,1301,1051.0,474.0,23.1,67.8,5.59,sorghum,B,100,2025-01-15,High potential,"Drier plateau and Bugesera. Banana, sorghum, cassava, maize; cattle important.",RAB; OFRA Rwanda; IFAD
Rwanda,Eastern,Rwamagana,Clayey,clayey,42,Agricultural,1402,862.0,130.0,19.1,43.4,5.89,sweet_potato,C,68,2023-09-29,Moderate potential,"Drier plateau and Bugesera. Banana, sorghum, cassava, maize; cattle important.",RAB; CIP; FAO ECOCROP
Rwanda,Eastern,Rwamagana,Sandy,sandy,61,Agricultural,1532,1139.0,382.0,22.4,62.5,5.65,maize,A,99,2025-05-06,High potential,"Drier plateau and Bugesera. Banana, sorghum, cassava, maize; cattle important.",RAB CIP; OFRA Rwanda; FAO ECOCROP
Rwanda,Eastern,Rwamagana,Alluvial,alluvial,57,Marshland,1508,907.0,448.0,22.1,68.4,5.49,rice,B,96,2025-01-12,High potential,"Drier plateau and Bugesera. Banana, sorghum, cassava, maize; cattle important.",RAB; RwaSIS; OFRA Rwanda
Rwanda,Eastern,Rwamagana,Clayey,clayey,41,Agricultural,1327,786.0,119.0,21.2,47.0,6.94,beans,C,92,2023-10-20,High potential,"Drier plateau and Bugesera. Banana, sorghum, cassava, maize; cattle important.",RAB; OFRA Rwanda; NISR
Rwanda,Eastern,Rwamagana,Clayey,clayey,71,Agricultural,1453,794.0,331.0,22.7,65.4,5.46,maize,A,98,2024-07-30,High potential,"Drier plateau and Bugesera. Banana, sorghum, cassava, maize; cattle important.",RAB CIP; OFRA Rwanda; FAO ECOCROP
Rwanda,Eastern,Rwamagana,Sandy,sandy,53,Agricultural,1414,1124.0,541.0,23.5,67.5,6.73,beans,B,78,2025-07-06,Moderate potential,"Drier plateau and Bugesera. Banana, sorghum, cassava, maize; cattle important.",RAB; OFRA Rwanda; NISR
Rwanda,Eastern,Rwamagana,Alluvial,alluvial,50,Marshland,1415,909.0,152.0,20.9,58.0,6.26,soybean,C,96,2025-01-18,High potential,"Drier plateau and Bugesera. Banana, sorghum, cassava, maize; cattle important.",RAB; OFRA Rwanda
Rwanda,Eastern,Rwamagana,Loamy,loamy,51,Agricultural,1396,1080.0,387.0,20.9,60.6,5.41,sorghum,A,99,2025-06-22,High potential,"Drier plateau and Bugesera. Banana, sorghum, cassava, maize; cattle important.",RAB; OFRA Rwanda; IFAD
Rwanda,Eastern,Rwamagana,Clayey,clayey,67,Agricultural,1208,1111.0,447.0,21.2,67.0,6.61,beans,B,100,2025-06-02,High potential,"Drier plateau and Bugesera. Banana, sorghum, cassava, maize; cattle important.",RAB; OFRA Rwanda; NISR
Rwanda,Eastern,Rwamagana,Clayey,clayey,55,Agricultural,1473,866.0,164.0,19.5,51.8,5.43,tomato,C,74,2025-06-19,Moderate potential,"Drier plateau and Bugesera. Banana, sorghum, cassava, maize; cattle important.",RAB; FAO ECOCROP
Rwanda,Eastern,Rwamagana,Loamy,loamy,68,Agricultural,1406,1006.0,429.0,24.0,61.4,6.75,cassava,A,98,2023-09-30,High potential,"Drier plateau and Bugesera. Banana, sorghum, cassava, maize; cattle important.",RAB; IITA; IFAD crop suitability
Rwanda,Eastern,Rwamagana,Alluvial,alluvial,67,Agricultural,1444,992.0,477.0,23.6,68.6,5.56,banana,B,96,2023-09-06,High potential,"Drier plateau and Bugesera. Banana, sorghum, cassava, maize; cattle important.",RAB; FAO ECOCROP; OFRA Rwanda
Rwanda,Eastern,Rwamagana,Clayey,clayey,75,Agricultural,1511,752.0,126.0,18.8,48.0,5.56,beans,C,93,2024-08-29,High potential,"Drier plateau and Bugesera. Banana, sorghum, cassava, maize; cattle important.",RAB; OFRA Rwanda; NISR
Rwanda,Eastern,Rwamagana,Sandy,sandy,59,Agricultural,1498,821.0,298.0,22.2,62.2,6.23,groundnut,A,98,2024-10-07,High potential,"Drier plateau and Bugesera. Banana, sorghum, cassava, maize; cattle important.",RAB; FAO ECOCROP; IFAD
Rwanda,Eastern,Rwamagana,Loamy,loamy,68,Agricultural,1450,856.0,363.0,21.2,67.8,6.07,maize,B,98,2025-07-22,High potential,"Drier plateau and Bugesera. Banana, sorghum, cassava, maize; cattle important.",RAB CIP; OFRA Rwanda; FAO ECOCROP
Rwanda,Eastern,Rwamagana,Sandy,sandy,45,Homestead,1307,807.0,135.0,19.9,54.3,6.55,beans,C,74,2023-12-24,Moderate potential,"Drier plateau and Bugesera. Banana, sorghum, cassava, maize; cattle important.",RAB; OFRA Rwanda; NISR
Rwanda,Eastern,Rwamagana,Loamy,loamy,72,Marshland,1385,1044.0,382.0,23.6,63.9,6.74,maize,A,99,2024-03-30,High potential,"Drier plateau and Bugesera. Banana, sorghum, cassava, maize; cattle important.",RAB CIP; OFRA Rwanda; FAO ECOCROP
Rwanda,Eastern,Rwamagana,Clayey,clayey,61,Marshland,1408,849.0,337.0,22.1,68.2,5.72,maize,B,98,2024-03-22,High potential,"Drier plateau and Bugesera. Banana, sorghum, cassava, maize; cattle important.",RAB CIP; OFRA Rwanda; FAO ECOCROP
Rwanda,Eastern,Rwamagana,Sandy,sandy,42,Agricultural,1493,840.0,144.0,20.3,47.2,5.73,rice,C,61,2023-11-22,Moderate potential,"Drier plateau and Bugesera. Banana, sorghum, cassava, maize; cattle important.",RAB; RwaSIS; OFRA Rwanda
Rwanda,Eastern,Rwamagana,Clayey,clayey,72,Agricultural,1361,1134.0,380.0,23.2,63.4,5.5,maize,A,98,2024-02-14,High potential,"Drier plateau and Bugesera. Banana, sorghum, cassava, maize; cattle important.",RAB CIP; OFRA Rwanda; FAO ECOCROP
Rwanda,Eastern,Rwamagana,Loamy,loamy,48,Agricultural,1510,986.0,428.0,21.1,72.5,6.91,sorghum,B,100,2023-12-21,High potential,"Drier plateau and Bugesera. Banana, sorghum, cassava, maize; cattle important.",RAB; OFRA Rwanda; IFAD
Rwanda,Eastern,Rwamagana,Loamy,loamy,57,Agricultural,1463,982.0,146.0,21.0,51.8,5.59,soybean,C,94,2023-09-01,High potential,"Drier plateau and Bugesera. Banana, sorghum, cassava, maize; cattle important.",RAB; OFRA Rwanda
Rwanda,Eastern,Rwamagana,Sandy,sandy,47,Fallow,1408,999.0,386.0,21.3,70.7,5.76,sorghum,A,100,2024-08-12,High potential,"Drier plateau and Bugesera. Banana, sorghum, cassava, maize; cattle important.",RAB; OFRA Rwanda; IFAD
Rwanda,Eastern,Rwamagana,Loamy,loamy,71,Homestead,1293,998.0,503.0,22.7,80.4,6.11,banana,B,96,2025-02-12,High potential,"Drier plateau and Bugesera. Banana, sorghum, cassava, maize; cattle important.",RAB; FAO ECOCROP; OFRA Rwanda
Rwanda,Eastern,Rwamagana,Alluvial,alluvial,65,Marshland,1515,1069.0,207.0,20.7,52.0,5.87,beans,C,96,2024-07-19,High potential,"Drier plateau and Bugesera. Banana, sorghum, cassava, maize; cattle important.",RAB; OFRA Rwanda; NISR
Rwanda,Eastern,Rwamagana,Loamy,loamy,64,Agricultural,1407,1002.0,362.0,22.3,64.5,5.73,groundnut,A,99,2025-05-12,High potential,"Drier plateau and Bugesera. Banana, sorghum, cassava, maize; cattle important.",RAB; FAO ECOCROP; IFAD
Rwanda,Eastern,Rwamagana,Loamy,loamy,74,Marshland,1317,1044.0,408.0,21.3,76.7,5.91,maize,B,99,2025-04-07,High potential,"Drier plateau and Bugesera. Banana, sorghum, cassava, maize; cattle important.",RAB CIP; OFRA Rwanda; FAO ECOCROP
Rwanda,Eastern,Rwamagana,Sandy,sandy,43,Marshland,1387,750.0,111.0,20.8,51.2,5.68,soybean,C,71,2025-07-21,Moderate potential,"Drier plateau and Bugesera. Banana, sorghum, cassava, maize; cattle important.",RAB; OFRA Rwanda
Rwanda,Eastern,Rwamagana,Alluvial,alluvial,44,Agricultural,1320,1083.0,408.0,21.8,60.2,5.56,maize,A,99,2023-10-10,High potential,"Drier plateau and Bugesera. Banana, sorghum, cassava, maize; cattle important.",RAB CIP; OFRA Rwanda; FAO ECOCROP
Rwanda,Eastern,Rwamagana,Clayey,clayey,49,Agricultural,1561,818.0,335.0,24.3,74.8,6.36,sorghum,B,99,2024-02-15,High potential,"Drier plateau and Bugesera. Banana, sorghum, cassava, maize; cattle important.",RAB; OFRA Rwanda; IFAD
Rwanda,Eastern,Rwamagana,Clayey,clayey,49,Marshland,1379,959.0,149.0,19.8,53.6,6.25,tomato,C,75,2024-03-07,Moderate potential,"Drier plateau and Bugesera. Banana, sorghum, cassava, maize; cattle important.",RAB; FAO ECOCROP
Rwanda,Eastern,Rwamagana,Sandy,sandy,73,Agricultural,1271,892.0,349.0,22.9,65.1,5.61,sorghum,A,99,2024-06-18,High potential,"Drier plateau and Bugesera. Banana, sorghum, cassava, maize; cattle important.",RAB; OFRA Rwanda; IFAD
Rwanda,Eastern,Rwamagana,Clayey,clayey,67,Agricultural,1496,914.0,454.0,22.5,75.1,6.78,maize,B,99,2025-02-05,High potential,"Drier plateau and Bugesera. Banana, sorghum, cassava, maize; cattle important.",RAB CIP; OFRA Rwanda; FAO ECOCROP
Rwanda,Eastern,Rwamagana,Alluvial,alluvial,61,Agricultural,1381,784.0,134.0,21.7,48.2,6.07,sweet_potato,C,92,2025-05-14,High potential,"Drier plateau and Bugesera. Banana, sorghum, cassava, maize; cattle important.",RAB; CIP; FAO ECOCROP
Rwanda,Eastern,Rwamagana,Sandy,sandy,64,Agricultural,1281,932.0,377.0,24.2,63.2,6.99,banana,A,73,2025-07-20,Moderate potential,"Drier plateau and Bugesera. Banana, sorghum, cassava, maize; cattle important.",RAB; FAO ECOCROP; OFRA Rwanda
Rwanda,Eastern,Rwamagana,Clayey,clayey,49,Agricultural,1591,1091.0,562.0,23.6,73.6,6.94,maize,B,100,2023-09-16,High potential,"Drier plateau and Bugesera. Banana, sorghum, cassava, maize; cattle important.",RAB CIP; OFRA Rwanda; FAO ECOCROP
Rwanda,Eastern,Rwamagana,Loamy,loamy,63,Agricultural,1545,788.0,114.0,20.3,58.2,6.33,beans,C,96,2024-08-02,High potential,"Drier plateau and Bugesera. Banana, sorghum, cassava, maize; cattle important.",RAB; OFRA Rwanda; NISR
Rwanda,Eastern,Rwamagana,Loamy,loamy,42,Agricultural,1489,956.0,373.0,23.1,59.0,6.96,cassava,A,97,2025-02-05,High potential,"Drier plateau and Bugesera. Banana, sorghum, cassava, maize; cattle important.",RAB; IITA; IFAD crop suitability
Rwanda,Eastern,Rwamagana,Loamy,loamy,62,Agricultural,1288,1064.0,494.0,23.2,69.3,5.88,maize,B,100,2023-12-09,High potential,"Drier plateau and Bugesera. Banana, sorghum, cassava, maize; cattle important.",RAB CIP; OFRA Rwanda; FAO ECOCROP
Rwanda,Eastern,Rwamagana,Sandy,sandy,74,Agricultural,1455,946.0,146.0,19.7,53.9,5.73,beans,C,74,2025-06-14,Moderate potential,"Drier plateau and Bugesera. Banana, sorghum, cassava, maize; cattle important.",RAB; OFRA Rwanda; NISR
Rwanda,Eastern,Rwamagana,Clayey,clayey,59,Agricultural,1571,867.0,375.0,22.5,63.5,5.93,banana,A,95,2024-09-17,High potential,"Drier plateau and Bugesera. Banana, sorghum, cassava, maize; cattle important.",RAB; FAO ECOCROP; OFRA Rwanda
Rwanda,Eastern,Rwamagana,Loamy,loamy,66,Agricultural,1301,1073.0,492.0,21.6,69.7,6.58,banana,B,96,2024-12-01,High potential,"Drier plateau and Bugesera. Banana, sorghum, cassava, maize; cattle important.",RAB; FAO ECOCROP; OFRA Rwanda
Rwanda,Eastern,Rwamagana,Loamy,loamy,70,Marshland,1266,816.0,150.0,20.2,54.1,5.73,sweet_potato,C,95,2025-03-19,High potential,"Drier plateau and Bugesera. Banana, sorghum, cassava, maize; cattle important.",RAB; CIP; FAO ECOCROP
Rwanda,Eastern,Rwamagana,Loamy,loamy,67,Homestead,1362,1116.0,396.0,23.1,57.2,5.51,banana,A,94,2023-12-29,High potential,"Drier plateau and Bugesera. Banana, sorghum, cassava, maize; cattle important.",RAB; FAO ECOCROP; OFRA Rwanda
Rwanda,Eastern,Rwamagana,Loamy,loamy,53,Agricultural,1280,1146.0,519.0,23.6,72.1,6.93,maize,B,100,2025-07-17,High potential,"Drier plateau and Bugesera. Banana, sorghum, cassava, maize; cattle important.",RAB CIP; OFRA Rwanda; FAO ECOCROP
Rwanda,Eastern,Rwamagana,Alluvial,alluvial,49,Homestead,1531,845.0,142.0,19.5,47.9,6.05,rice,C,82,2024-12-28,High potential,"Drier plateau and Bugesera. Banana, sorghum, cassava, maize; cattle important.",RAB; RwaSIS; OFRA Rwanda
Rwanda,Eastern,Rwamagana,Loamy,loamy,71,Agricultural,1259,1090.0,457.0,21.9,56.8,6.16,maize,A,99,2024-02-24,High potential,"Drier plateau and Bugesera. Banana, sorghum, cassava, maize; cattle important.",RAB CIP; OFRA Rwanda; FAO ECOCROP
Rwanda,Eastern,Rwamagana,Clayey,clayey,51,Agricultural,1430,1092.0,446.0,23.9,71.6,6.86,maize,B,99,2024-07-16,High potential,"Drier plateau and Bugesera. Banana, sorghum, cassava, maize; cattle important.",RAB CIP; OFRA Rwanda; FAO ECOCROP
Rwanda,Eastern,Rwamagana,Alluvial,alluvial,69,Agricultural,1433,866.0,150.0,19.7,49.5,5.93,sweet_potato,C,93,2025-03-06,High potential,"Drier plateau and Bugesera. Banana, sorghum, cassava, maize; cattle important.",RAB; CIP; FAO ECOCROP
Rwanda,Eastern,Rwamagana,Clayey,clayey,69,Agricultural,1311,933.0,399.0,22.2,61.5,5.69,beans,A,100,2024-01-08,High potential,"Drier plateau and Bugesera. Banana, sorghum, cassava, maize; cattle important.",RAB; OFRA Rwanda; NISR
Rwanda,Eastern,Rwamagana,Sandy,sandy,75,Agricultural,1482,873.0,357.0,24.0,69.4,6.0,rice,B,72,2024-05-01,Moderate potential,"Drier plateau and Bugesera. Banana, sorghum, cassava, maize; cattle important.",RAB; RwaSIS; OFRA Rwanda
Rwanda,Eastern,Rwamagana,Loamy,loamy,75,Agricultural,1341,967.0,147.0,20.9,49.1,5.51,soybean,C,93,2025-03-25,High potential,"Drier plateau and Bugesera. Banana, sorghum, cassava, maize; cattle important.",RAB; OFRA Rwanda
Rwanda,Eastern,Rwamagana,Clayey,clayey,53,Agricultural,1263,1018.0,392.0,22.5,59.9,6.3,cassava,A,97,2024-03-04,High potential,"Drier plateau and Bugesera. Banana, sorghum, cassava, maize; cattle important.",RAB; IITA; IFAD crop suitability
Rwanda,Eastern,Rwamagana,Sandy,sandy,40,Fallow,1315,929.0,456.0,24.0,69.0,6.01,maize,B,99,2023-10-26,High potential,"Drier plateau and Bugesera. Banana, sorghum, cassava, maize; cattle important.",RAB CIP; OFRA Rwanda; FAO ECOCROP
Rwanda,Eastern,Rwamagana,Sandy,sandy,63,Agricultural,1304,873.0,127.0,21.0,53.2,6.57,rice,C,64,2025-03-11,Moderate potential,"Drier plateau and Bugesera. Banana, sorghum, cassava, maize; cattle important.",RAB; RwaSIS; OFRA Rwanda
Rwanda,Eastern,Rwamagana,Loamy,loamy,61,Agricultural,1265,806.0,344.0,23.8,58.1,6.35,banana,A,93,2024-11-16,High potential,"Drier plateau and Bugesera. Banana, sorghum, cassava, maize; cattle important.",RAB; FAO ECOCROP; OFRA Rwanda
Rwanda,Eastern,Rwamagana,Loamy,loamy,41,Agricultural,1386,953.0,370.0,23.2,67.7,6.27,maize,B,98,2024-03-17,High potential,"Drier plateau and Bugesera. Banana, sorghum, cassava, maize; cattle important.",RAB CIP; OFRA Rwanda; FAO ECOCROP
Rwanda,Eastern,Rwamagana,Sandy,sandy,61,Agricultural,1373,913.0,173.0,20.2,52.4,5.57,beans,C,74,2024-10-24,Moderate potential,"Drier plateau and Bugesera. Banana, sorghum, cassava, maize; cattle important.",RAB; OFRA Rwanda; NISR
Rwanda,Eastern,Rwamagana,Sandy,sandy,54,Agricultural,1374,791.0,300.0,23.6,64.2,5.9,groundnut,A,98,2024-06-07,High potential,"Drier plateau and Bugesera. Banana, sorghum, cassava, maize; cattle important.",RAB; FAO ECOCROP; IFAD
Rwanda,Eastern,Rwamagana,Clayey,clayey,56,Fallow,1453,1139.0,497.0,24.8,66.3,6.77,banana,B,96,2024-11-11,High potential,"Drier plateau and Bugesera. Banana, sorghum, cassava, maize; cattle important.",RAB; FAO ECOCROP; OFRA Rwanda
Rwanda,Eastern,Rwamagana,Clayey,clayey,47,Agricultural,1598,849.0,145.0,19.1,49.4,6.62,beans,C,94,2024-10-29,High potential,"Drier plateau and Bugesera. Banana, sorghum, cassava, maize; cattle important.",RAB; OFRA Rwanda; NISR
Rwanda,Eastern,Rwamagana,Loamy,loamy,71,Agricultural,1302,1007.0,439.0,23.6,63.7,5.97,sorghum,A,100,2023-11-21,High potential,"Drier plateau and Bugesera. Banana, sorghum, cassava, maize; cattle important.",RAB; OFRA Rwanda; IFAD
Rwanda,Eastern,Rwamagana,Loamy,loamy,40,Agricultural,1408,1026.0,491.0,24.3,73.9,5.65,rice,B,74,2024-04-04,Moderate potential,"Drier plateau and Bugesera. Banana, sorghum, cassava, maize; cattle important.",RAB; RwaSIS; OFRA Rwanda
Rwanda,Eastern,Rwamagana,Alluvial,alluvial,55,Agricultural,1446,1120.0,179.0,21.4,51.6,5.59,tomato,C,97,2023-10-16,High potential,"Drier plateau and Bugesera. Banana, sorghum, cassava, maize; cattle important.",RAB; FAO ECOCROP
Rwanda,Eastern,Rwamagana,Sandy,sandy,75,Marshland,1351,871.0,357.0,22.6,59.9,6.74,maize,A,98,2024-03-02,High potential,"Drier plateau and Bugesera. Banana, sorghum, cassava, maize; cattle important.",RAB CIP; OFRA Rwanda; FAO ECOCROP
Rwanda,Eastern,Rwamagana,Loamy,loamy,74,Agricultural,1569,921.0,387.0,25.2,75.8,6.1,rice,B,73,2024-03-03,Moderate potential,"Drier plateau and Bugesera. Banana, sorghum, cassava, maize; cattle important.",RAB; RwaSIS; OFRA Rwanda
Rwanda,Eastern,Rwamagana,Sandy,sandy,41,Marshland,1561,877.0,153.0,19.1,52.1,6.65,sweet_potato,C,94,2024-06-12,High potential,"Drier plateau and Bugesera. Banana, sorghum, cassava, maize; cattle important.",RAB; CIP; FAO ECOCROP
Rwanda,Eastern,Rwamagana,Loamy,loamy,70,Agricultural,1269,1026.0,378.0,22.3,62.2,6.18,sorghum,A,100,2024-12-28,High potential,"Drier plateau and Bugesera. Banana, sorghum, cassava, maize; cattle important.",RAB; OFRA Rwanda; IFAD
Rwanda,Eastern,Rwamagana,Clayey,clayey,56,Agricultural,1242,1085.0,450.0,24.4,72.5,6.3,rice,B,96,2024-07-04,High potential,"Drier plateau and Bugesera. Banana, sorghum, cassava, maize; cattle important.",RAB; RwaSIS; OFRA Rwanda
Rwanda,Eastern,Rwamagana,Clayey,clayey,40,Agricultural,1506,780.0,151.0,21.6,49.9,6.27,beans,C,94,2024-04-06,High potential,"Drier plateau and Bugesera. Banana, sorghum, cassava, maize; cattle important.",RAB; OFRA Rwanda; NISR
Rwanda,Eastern,Rwamagana,Clayey,clayey,45,Agricultural,1527,859.0,326.0,21.4,61.2,6.43,sorghum,A,99,2025-02-05,High potential,"Drier plateau and Bugesera. Banana, sorghum, cassava, maize; cattle important.",RAB; OFRA Rwanda; IFAD
Rwanda,Eastern,Rwamagana,Loamy,loamy,57,Marshland,1261,922.0,396.0,21.8,69.4,6.37,maize,B,99,2024-09-27,High potential,"Drier plateau and Bugesera. Banana, sorghum, cassava, maize; cattle important.",RAB CIP; OFRA Rwanda; FAO ECOCROP
Rwanda,Eastern,Rwamagana,Sandy,sandy,61,Homestead,1385,829.0,131.0,20.3,51.9,6.38,beans,C,73,2024-08-18,Moderate potential,"Drier plateau and Bugesera. Banana, sorghum, cassava, maize; cattle important.",RAB; OFRA Rwanda; NISR
Rwanda,Eastern,Rwamagana,Alluvial,alluvial,52,Marshland,1211,1005.0,411.0,21.9,60.5,6.53,banana,A,95,2024-12-03,High potential,"Drier plateau and Bugesera. Banana, sorghum, cassava, maize; cattle important.",RAB; FAO ECOCROP; OFRA Rwanda
Rwanda,Eastern,Rwamagana,Clayey,clayey,46,Agricultural,1509,957.0,406.0,23.6,69.3,6.11,rice,B,95,2025-05-29,High potential,"Drier plateau and Bugesera. Banana, sorghum, cassava, maize; cattle important.",RAB; RwaSIS; OFRA Rwanda
Rwanda,Eastern,Rwamagana,Loamy,loamy,46,Agricultural,1361,824.0,131.0,20.9,54.2,6.68,rice,C,64,2025-07-13,Moderate potential,"Drier plateau and Bugesera. Banana, sorghum, cassava, maize; cattle important.",RAB; RwaSIS; OFRA Rwanda
Rwanda,Eastern,Rwamagana,Alluvial,alluvial,71,Agricultural,1303,1137.0,472.0,21.5,63.5,5.77,groundnut,A,78,2025-02-24,Moderate potential,"Drier plateau and Bugesera. Banana, sorghum, cassava, maize; cattle important.",RAB; FAO ECOCROP; IFAD
Rwanda,Eastern,Rwamagana,Clayey,clayey,48,Agricultural,1457,939.0,403.0,22.6,64.7,6.36,rice,B,95,2024-06-24,High potential,"Drier plateau and Bugesera. Banana, sorghum, cassava, maize; cattle important.",RAB; RwaSIS; OFRA Rwanda
Rwanda,Eastern,Rwamagana,Clayey,clayey,41,Marshland,1524,919.0,143.0,21.0,51.9,5.45,rice,C,85,2025-05-20,High potential,"Drier plateau and Bugesera. Banana, sorghum, cassava, maize; cattle important.",RAB; RwaSIS; OFRA Rwanda
Rwanda,Eastern,Rwamagana,Loamy,loamy,52,Agricultural,1430,856.0,372.0,23.7,61.2,5.5,beans,A,100,2025-07-13,High potential,"Drier plateau and Bugesera. Banana, sorghum, cassava, maize; cattle important.",RAB; OFRA Rwanda; NISR
Rwanda,Eastern,Rwamagana,Loamy,loamy,49,Agricultural,1297,1169.0,466.0,22.8,69.8,6.97,cassava,B,98,2023-12-12,High potential,"Drier plateau and Bugesera. Banana, sorghum, cassava, maize; cattle important.",RAB; IITA; IFAD crop suitability
Rwanda,Eastern,Rwamagana,Clayey,clayey,56,Agricultural,1455,967.0,151.0,21.1,51.6,6.53,rice,C,85,2025-02-05,High potential,"Drier plateau and Bugesera. Banana, sorghum, cassava, maize; cattle important.",RAB; RwaSIS; OFRA Rwanda
Rwanda,Eastern,Rwamagana,Sandy,sandy,69,Agricultural,1505,1000.0,371.0,22.3,69.6,5.74,banana,A,73,2024-07-08,Moderate potential,"Drier plateau and Bugesera. Banana, sorghum, cassava, maize; cattle important.",RAB; FAO ECOCROP; OFRA Rwanda
Rwanda,Eastern,Rwamagana,Clayey,clayey,64,Agricultural,1221,1007.0,508.0,21.5,60.9,6.27,beans,B,100,2023-10-18,High potential,"Drier plateau and Bugesera. Banana, sorghum, cassava, maize; cattle important.",RAB; OFRA Rwanda; NISR
Rwanda,Eastern,Rwamagana,Clayey,clayey,66,Agricultural,1473,783.0,122.0,19.3,52.7,6.8,tomato,C,75,2024-01-13,Moderate potential,"Drier plateau and Bugesera. Banana, sorghum, cassava, maize; cattle important.",RAB; FAO ECOCROP
Rwanda,Eastern,Rwamagana,Alluvial,alluvial,73,Agricultural,1390,1053.0,450.0,22.7,60.9,5.9,beans,A,100,2024-04-18,High potential,"Drier plateau and Bugesera. Banana, sorghum, cassava, maize; cattle important.",RAB; OFRA Rwanda; NISR
Rwanda,Eastern,Rwamagana,Loamy,loamy,40,Agricultural,1337,883.0,418.0,23.0,68.5,5.49,rice,B,73,2025-02-18,Moderate potential,"Drier plateau and Bugesera. Banana, sorghum, cassava, maize; cattle important.",RAB; RwaSIS; OFRA Rwanda
Rwanda,Eastern,Rwamagana,Loamy,loamy,44,Agricultural,1220,795.0,130.0,21.0,53.3,6.71,sweet_potato,C,95,2024-01-06,High potential,"Drier plateau and Bugesera. Banana, sorghum, cassava, maize; cattle important.",RAB; CIP; FAO ECOCROP
Rwanda,Eastern,Rwamagana,Sandy,sandy,63,Agricultural,1288,890.0,308.0,22.3,69.1,5.65,cassava,A,96,2025-05-10,High potential,"Drier plateau and Bugesera. Banana, sorghum, cassava, maize; cattle important.",RAB; IITA; IFAD crop suitability
Rwanda,Eastern,Rwamagana,Alluvial,alluvial,40,Marshland,1531,1107.0,435.0,22.8,67.1,6.68,rice,B,95,2024-02-27,High potential,"Drier plateau and Bugesera. Banana, sorghum, cassava, maize; cattle important.",RAB; RwaSIS; OFRA Rwanda
Rwanda,Eastern,Rwamagana,Alluvial,alluvial,48,Agricultural,1419,823.0,148.0,22.1,54.6,5.91,sweet_potato,C,95,2024-02-03,High potential,"Drier plateau and Bugesera. Banana, sorghum, cassava, maize; cattle important.",RAB; CIP; FAO ECOCROP
Rwanda,Eastern,Rwamagana,Loamy,loamy,52,Agricultural,1335,1085.0,388.0,21.7,54.0,5.61,cassava,A,97,2025-01-27,High potential,"Drier plateau and Bugesera. Banana, sorghum, cassava, maize; cattle important.",RAB; IITA; IFAD crop suitability
Rwanda,Eastern,Rwamagana,Clayey,clayey,69,Fallow,1262,893.0,380.0,22.7,68.7,6.36,rice,B,95,2025-05-02,High potential,"Drier plateau and Bugesera. Banana, sorghum, cassava, maize; cattle important.",RAB; RwaSIS; OFRA Rwanda
Rwanda,Eastern,Rwamagana,Loamy,loamy,47,Agricultural,1359,883.0,132.0,20.6,52.9,5.74,beans,C,96,2023-12-14,High potential,"Drier plateau and Bugesera. Banana, sorghum, cassava, maize; cattle important.",RAB; OFRA Rwanda; NISR
Rwanda,Eastern,Rwamagana,Clayey,clayey,71,Agricultural,1549,1135.0,441.0,20.2,61.5,5.85,maize,A,99,2024-12-23,High potential,"Drier plateau and Bugesera. Banana, sorghum, cassava, maize; cattle important.",RAB CIP; OFRA Rwanda; FAO ECOCROP
Rwanda,Eastern,Rwamagana,Sandy,sandy,74,Agricultural,1269,875.0,362.0,22.5,66.8,5.95,sorghum,B,100,2025-05-22,High potential,"Drier plateau and Bugesera. Banana, sorghum, cassava, maize; cattle important.",RAB; OFRA Rwanda; IFAD
Rwanda,Eastern,Rwamagana,Clayey,clayey,67,Agricultural,1392,726.0,139.0,20.4,42.4,6.3,beans,C,90,2024-08-28,High potential,"Drier plateau and Bugesera. Banana, sorghum, cassava, maize; cattle important.",RAB; OFRA Rwanda; NISR
Rwanda,Eastern,Rwamagana,Sandy,sandy,74,Agricultural,1311,867.0,303.0,23.8,63.1,6.3,maize,A,98,2025-05-06,High potential,"Drier plateau and Bugesera. Banana, sorghum, cassava, maize; cattle important.",RAB CIP; OFRA Rwanda; FAO ECOCROP
Rwanda,Eastern,Rwamagana,Loamy,loamy,59,Agricultural,1220,953.0,365.0,22.1,71.4,6.42,sorghum,B,100,2024-09-27,High potential,"Drier plateau and Bugesera. Banana, sorghum, cassava, maize; cattle important.",RAB; OFRA Rwanda; IFAD
Rwanda,Eastern,Rwamagana,Alluvial,alluvial,70,Agricultural,1372,846.0,126.0,19.6,58.8,6.53,sweet_potato,C,95,2023-09-18,High potential,"Drier plateau and Bugesera. Banana, sorghum, cassava, maize; cattle important.",RAB; CIP; FAO ECOCROP
Rwanda,Eastern,Rwamagana,Clayey,clayey,47,Agricultural,1469,945.0,369.0,22.1,57.0,6.88,cassava,A,97,2024-09-30,High potential,"Drier plateau and Bugesera. Banana, sorghum, cassava, maize; cattle important.",RAB; IITA; IFAD crop suitability
Rwanda,Eastern,Rwamagana,Clayey,clayey,41,Agricultural,1478,983.0,446.0,22.9,75.6,6.7,rice,B,96,2024-10-02,High potential,"Drier plateau and Bugesera. Banana, sorghum, cassava, maize; cattle important.",RAB; RwaSIS; OFRA Rwanda
Rwanda,Eastern,Rwamagana,Clayey,clayey,46,Agricultural,1542,900.0,155.0,22.1,51.8,5.9,tomato,C,75,2025-07-28,Moderate potential,"Drier plateau and Bugesera. Banana, sorghum, cassava, maize; cattle important.",RAB; FAO ECOCROP
Rwanda,Eastern,Rwamagana,Loamy,loamy,66,Agricultural,1367,954.0,414.0,21.1,60.9,5.99,maize,A,99,2024-06-11,High potential,"Drier plateau and Bugesera. Banana, sorghum, cassava, maize; cattle important.",RAB CIP; OFRA Rwanda; FAO ECOCROP
Rwanda,Eastern,Rwamagana,Loamy,loamy,58,Fallow,1485,881.0,387.0,21.4,72.8,6.21,beans,B,100,2024-07-04,High potential,"Drier plateau and Bugesera. Banana, sorghum, cassava, maize; cattle important.",RAB; OFRA Rwanda; NISR
Rwanda,Eastern,Rwamagana,Alluvial,alluvial,75,Agricultural,1373,878.0,135.0,21.5,56.8,5.71,beans,C,97,2024-06-15,High potential,"Drier plateau and Bugesera. Banana, sorghum, cassava, maize; cattle important.",RAB; OFRA Rwanda; NISR
Rwanda,Eastern,Rwamagana,Clayey,clayey,72,Agricultural,1323,981.0,327.0,22.8,62.8,5.75,sorghum,A,99,2025-07-07,High potential,"Drier plateau and Bugesera. Banana, sorghum, cassava, maize; cattle important.",RAB; OFRA Rwanda; IFAD
Rwanda,Eastern,Rwamagana,Sandy,sandy,63,Agricultural,1427,1092.0,429.0,23.5,71.3,5.95,beans,B,78,2023-09-20,Moderate potential,"Drier plateau and Bugesera. Banana, sorghum, cassava, maize; cattle important.",RAB; OFRA Rwanda; NISR
Rwanda,Eastern,Ngoma,Loamy,loamy,73,Agricultural,1600,1073.0,417.0,21.6,63.0,6.58,beans,A,100,2024-09-12,High potential,"Drier plateau and Bugesera. Banana, sorghum, cassava, maize; cattle important.",RAB; OFRA Rwanda; NISR
Rwanda,Eastern,Ngoma,Alluvial,alluvial,63,Agricultural,1448,816.0,340.0,22.2,71.9,5.81,beans,B,99,2024-09-18,High potential,"Drier plateau and Bugesera. Banana, sorghum, cassava, maize; cattle important.",RAB; OFRA Rwanda; NISR
Rwanda,Eastern,Ngoma,Sandy,sandy,64,Fallow,1232,801.0,134.0,19.8,49.6,6.34,soybean,C,71,2023-12-26,Moderate potential,"Drier plateau and Bugesera. Banana, sorghum, cassava, maize; cattle important.",RAB; OFRA Rwanda
Rwanda,Eastern,Ngoma,Loamy,loamy,46,Homestead,1572,803.0,312.0,23.1,60.6,6.76,groundnut,A,98,2024-08-20,High potential,"Drier plateau and Bugesera. Banana, sorghum, cassava, maize; cattle important.",RAB; FAO ECOCROP; IFAD
Rwanda,Eastern,Ngoma,Sandy,sandy,55,Agricultural,1263,836.0,390.0,23.4,67.0,6.83,rice,B,73,2025-02-13,Moderate potential,"Drier plateau and Bugesera. Banana, sorghum, cassava, maize; cattle important.",RAB; RwaSIS; OFRA Rwanda
Rwanda,Eastern,Ngoma,Sandy,sandy,54,Agricultural,1581,1006.0,194.0,22.6,53.9,6.3,beans,C,75,2025-05-25,Moderate potential,"Drier plateau and Bugesera. Banana, sorghum, cassava, maize; cattle important.",RAB; OFRA Rwanda; NISR
Rwanda,Eastern,Ngoma,Clayey,clayey,72,Agricultural,1261,763.0,286.0,22.9,61.1,5.58,groundnut,A,76,2024-05-09,Moderate potential,"Drier plateau and Bugesera. Banana, sorghum, cassava, maize; cattle important.",RAB; FAO ECOCROP; IFAD
Rwanda,Eastern,Ngoma,Loamy,loamy,62,Agricultural,1242,845.0,345.0,22.5,68.1,5.61,rice,B,72,2025-01-20,Moderate potential,"Drier plateau and Bugesera. Banana, sorghum, cassava, maize; cattle important.",RAB; RwaSIS; OFRA Rwanda
Rwanda,Eastern,Ngoma,Loamy,loamy,59,Agricultural,1343,905.0,162.0,20.5,54.4,5.75,tomato,C,97,2024-05-19,High potential,"Drier plateau and Bugesera. Banana, sorghum, cassava, maize; cattle important.",RAB; FAO ECOCROP
Rwanda,Eastern,Ngoma,Loamy,loamy,44,Agricultural,1320,774.0,337.0,22.9,75.3,6.13,maize,A,98,2024-09-08,High potential,"Drier plateau and Bugesera. Banana, sorghum, cassava, maize; cattle important.",RAB CIP; OFRA Rwanda; FAO ECOCROP
Rwanda,Eastern,Ngoma,Sandy,sandy,63,Agricultural,1332,1102.0,442.0,22.9,74.5,6.54,beans,B,78,2024-05-19,Moderate potential,"Drier plateau and Bugesera. Banana, sorghum, cassava, maize; cattle important.",RAB; OFRA Rwanda; NISR
Rwanda,Eastern,Ngoma,Loamy,loamy,43,Agricultural,1464,923.0,170.0,18.6,52.1,6.41,soybean,C,94,2025-03-08,High potential,"Drier plateau and Bugesera. Banana, sorghum, cassava, maize; cattle important.",RAB; OFRA Rwanda
Rwanda,Eastern,Ngoma,Alluvial,alluvial,42,Agricultural,1358,1043.0,443.0,22.0,71.0,6.91,maize,A,99,2024-03-28,High potential,"Drier plateau and Bugesera. Banana, sorghum, cassava, maize; cattle important.",RAB CIP; OFRA Rwanda; FAO ECOCROP
Rwanda,Eastern,Ngoma,Alluvial,alluvial,63,Agricultural,1472,1135.0,510.0,24.4,65.9,5.63,cassava,B,77,2024-06-06,Moderate potential,"Drier plateau and Bugesera. Banana, sorghum, cassava, maize; cattle important.",RAB; IITA; IFAD crop suitability
Rwanda,Eastern,Ngoma,Sandy,sandy,74,Agricultural,1292,769.0,114.0,20.6,48.5,6.03,beans,C,71,2024-01-10,Moderate potential,"Drier plateau and Bugesera. Banana, sorghum, cassava, maize; cattle important.",RAB; OFRA Rwanda; NISR
Rwanda,Eastern,Ngoma,Sandy,sandy,65,Marshland,1336,1081.0,449.0,24.7,57.8,6.93,cassava,A,98,2025-06-12,High potential,"Drier plateau and Bugesera. Banana, sorghum, cassava, maize; cattle important.",RAB; IITA; IFAD crop suitability
Rwanda,Eastern,Ngoma,Loamy,loamy,70,Agricultural,1483,1108.0,520.0,23.6,72.7,6.73,banana,B,96,2024-01-20,High potential,"Drier plateau and Bugesera. Banana, sorghum, cassava, maize; cattle important.",RAB; FAO ECOCROP; OFRA Rwanda
Rwanda,Eastern,Ngoma,Sandy,sandy,56,Agricultural,1526,859.0,164.0,19.6,45.8,6.12,rice,C,59,2025-01-02,Requires attention,"Drier plateau and Bugesera. Banana, sorghum, cassava, maize; cattle important.",RAB; RwaSIS; OFRA Rwanda
Rwanda,Eastern,Ngoma,Alluvial,alluvial,75,Marshland,1498,987.0,380.0,24.1,63.0,6.3,sorghum,A,78,2024-09-04,Moderate potential,"Drier plateau and Bugesera. Banana, sorghum, cassava, maize; cattle important.",RAB; OFRA Rwanda; IFAD
Rwanda,Eastern,Ngoma,Clayey,clayey,73,Fallow,1555,888.0,378.0,24.7,69.1,6.75,cassava,B,97,2024-09-27,High potential,"Drier plateau and Bugesera. Banana, sorghum, cassava, maize; cattle important.",RAB; IITA; IFAD crop suitability
Rwanda,Eastern,Ngoma,Sandy,sandy,40,Agricultural,1295,864.0,155.0,19.5,47.7,6.59,tomato,C,96,2023-09-25,High potential,"Drier plateau and Bugesera. Banana, sorghum, cassava, maize; cattle important.",RAB; FAO ECOCROP
Rwanda,Eastern,Ngoma,Clayey,clayey,48,Agricultural,1447,1049.0,456.0,23.6,63.5,6.0,sorghum,A,100,2025-05-31,High potential,"Drier plateau and Bugesera. Banana, sorghum, cassava, maize; cattle important.",RAB; OFRA Rwanda; IFAD
Rwanda,Eastern,Ngoma,Sandy,sandy,65,Agricultural,1530,1051.0,528.0,22.1,66.1,6.62,banana,B,75,2024-08-27,Moderate potential,"Drier plateau and Bugesera. Banana, sorghum, cassava, maize; cattle important.",RAB; FAO ECOCROP; OFRA Rwanda
Rwanda,Eastern,Ngoma,Sandy,sandy,63,Agricultural,1375,750.0,140.0,20.1,58.6,6.88,sweet_potato,C,95,2025-02-11,High potential,"Drier plateau and Bugesera. Banana, sorghum, cassava, maize; cattle important.",RAB; CIP; FAO ECOCROP
Rwanda,Eastern,Ngoma,Loamy,loamy,50,Homestead,1399,1070.0,415.0,22.8,60.7,6.03,sorghum,A,100,2024-03-19,High potential,"Drier plateau and Bugesera. Banana, sorghum, cassava, maize; cattle important.",RAB; OFRA Rwanda; IFAD
Rwanda,Eastern,Ngoma,Alluvial,alluvial,48,Agricultural,1246,907.0,380.0,22.9,73.8,6.19,beans,B,100,2024-07-05,High potential,"Drier plateau and Bugesera. Banana, sorghum, cassava, maize; cattle important.",RAB; OFRA Rwanda; NISR
Rwanda,Eastern,Ngoma,Clayey,clayey,65,Homestead,1229,841.0,160.0,20.8,51.2,5.47,tomato,C,75,2025-07-24,Moderate potential,"Drier plateau and Bugesera. Banana, sorghum, cassava, maize; cattle important.",RAB; FAO ECOCROP
Rwanda,Eastern,Ngoma,Alluvial,alluvial,75,Agricultural,1416,796.0,346.0,20.5,64.3,5.81,maize,A,98,2024-09-12,High potential,"Drier plateau and Bugesera. Banana, sorghum, cassava, maize; cattle important.",RAB CIP; OFRA Rwanda; FAO ECOCROP
Rwanda,Eastern,Ngoma,Clayey,clayey,53,Agricultural,1505,804.0,379.0,20.7,73.0,5.72,banana,B,95,2023-12-01,High potential,"Drier plateau and Bugesera. Banana, sorghum, cassava, maize; cattle important.",RAB; FAO ECOCROP; OFRA Rwanda
Rwanda,Eastern,Ngoma,Clayey,clayey,74,Agricultural,1256,741.0,119.0,18.9,55.1,5.88,rice,C,84,2025-03-09,High potential,"Drier plateau and Bugesera. Banana, sorghum, cassava, maize; cattle important.",RAB; RwaSIS; OFRA Rwanda
Rwanda,Eastern,Ngoma,Sandy,sandy,64,Agricultural,1223,940.0,410.0,21.5,56.1,5.85,cassava,A,98,2024-09-04,High potential,"Drier plateau and Bugesera. Banana, sorghum, cassava, maize; cattle important.",RAB; IITA; IFAD crop suitability
Rwanda,Eastern,Ngoma,Sandy,sandy,57,Agricultural,1401,1127.0,533.0,24.1,74.3,6.46,cassava,B,99,2025-01-24,High potential,"Drier plateau and Bugesera. Banana, sorghum, cassava, maize; cattle important.",RAB; IITA; IFAD crop suitability
Rwanda,Eastern,Ngoma,Loamy,loamy,59,Agricultural,1515,906.0,136.0,20.9,44.9,5.83,soybean,C,90,2024-12-08,High potential,"Drier plateau and Bugesera. Banana, sorghum, cassava, maize; cattle important.",RAB; OFRA Rwanda
Rwanda,Eastern,Ngoma,Clayey,clayey,45,Agricultural,1420,783.0,278.0,22.4,61.6,6.97,sorghum,A,98,2024-07-30,High potential,"Drier plateau and Bugesera. Banana, sorghum, cassava, maize; cattle important.",RAB; OFRA Rwanda; IFAD
Rwanda,Eastern,Ngoma,Clayey,clayey,69,Agricultural,1243,913.0,378.0,22.5,75.1,6.37,rice,B,95,2024-09-28,High potential,"Drier plateau and Bugesera. Banana, sorghum, cassava, maize; cattle important.",RAB; RwaSIS; OFRA Rwanda
Rwanda,Eastern,Ngoma,Sandy,sandy,56,Agricultural,1563,992.0,170.0,19.1,50.9,6.75,tomato,C,97,2024-06-06,High potential,"Drier plateau and Bugesera. Banana, sorghum, cassava, maize; cattle important.",RAB; FAO ECOCROP
Rwanda,Eastern,Ngoma,Loamy,loamy,55,Agricultural,1300,877.0,315.0,23.5,58.5,6.82,beans,A,99,2025-02-19,High potential,"Drier plateau and Bugesera. Banana, sorghum, cassava, maize; cattle important.",RAB; OFRA Rwanda; NISR
Rwanda,Eastern,Ngoma,Alluvial,alluvial,74,Agricultural,1353,1008.0,521.0,22.2,63.0,6.67,cassava,B,77,2023-11-12,Moderate potential,"Drier plateau and Bugesera. Banana, sorghum, cassava, maize; cattle important.",RAB; IITA; IFAD crop suitability
Rwanda,Eastern,Ngoma,Alluvial,alluvial,54,Agricultural,1479,968.0,150.0,20.4,51.8,5.92,tomato,C,97,2024-11-20,High potential,"Drier plateau and Bugesera. Banana, sorghum, cassava, maize; cattle important.",RAB; FAO ECOCROP
Rwanda,Eastern,Ngoma,Sandy,sandy,66,Marshland,1596,922.0,351.0,23.5,59.7,5.62,maize,A,98,2025-02-05,High potential,"Drier plateau and Bugesera. Banana, sorghum, cassava, maize; cattle important.",RAB CIP; OFRA Rwanda; FAO ECOCROP
Rwanda,Eastern,Ngoma,Clayey,clayey,75,Agricultural,1576,820.0,394.0,22.2,70.6,5.66,maize,B,99,2024-03-24,High potential,"Drier plateau and Bugesera. Banana, sorghum, cassava, maize; cattle important.",RAB CIP; OFRA Rwanda; FAO ECOCROP
Rwanda,Eastern,Ngoma,Clayey,clayey,55,Agricultural,1435,927.0,145.0,21.4,53.5,6.82,sweet_potato,C,73,2025-01-14,Moderate potential,"Drier plateau and Bugesera. Banana, sorghum, cassava, maize; cattle important.",RAB; CIP; FAO ECOCROP
Rwanda,Eastern,Ngoma,Sandy,sandy,42,Agricultural,1585,986.0,335.0,19.7,62.8,7.0,groundnut,A,98,2023-10-15,High potential,"Drier plateau and Bugesera. Banana, sorghum, cassava, maize; cattle important.",RAB; FAO ECOCROP; IFAD
Rwanda,Eastern,Ngoma,Loamy,loamy,49,Agricultural,1369,1107.0,429.0,24.4,64.0,5.83,maize,B,99,2024-07-11,High potential,"Drier plateau and Bugesera. Banana, sorghum, cassava, maize; cattle important.",RAB CIP; OFRA Rwanda; FAO ECOCROP
Rwanda,Eastern,Ngoma,Sandy,sandy,67,Agricultural,1528,888.0,159.0,19.6,55.3,6.35,soybean,C,74,2025-05-10,Moderate potential,"Drier plateau and Bugesera. Banana, sorghum, cassava, maize; cattle important.",RAB; OFRA Rwanda
Rwanda,Eastern,Ngoma,Loamy,loamy,49,Agricultural,1574,845.0,319.0,24.3,63.6,6.02,cassava,A,96,2024-02-15,High potential,"Drier plateau and Bugesera. Banana, sorghum, cassava, maize; cattle important.",RAB; IITA; IFAD crop suitability
Rwanda,Eastern,Ngoma,Alluvial,alluvial,61,Agricultural,1322,1108.0,440.0,22.0,69.9,6.31,beans,B,100,2024-01-18,High potential,"Drier plateau and Bugesera. Banana, sorghum, cassava, maize; cattle important.",RAB; OFRA Rwanda; NISR
Rwanda,Eastern,Ngoma,Clayey,clayey,40,Agricultural,1202,863.0,161.0,20.2,52.7,6.27,beans,C,96,2024-01-26,High potential,"Drier plateau and Bugesera. Banana, sorghum, cassava, maize; cattle important.",RAB; OFRA Rwanda; NISR
Rwanda,Eastern,Ngoma,Sandy,sandy,44,Agricultural,1493,774.0,272.0,20.9,61.9,5.52,groundnut,A,98,2024-05-14,High potential,"Drier plateau and Bugesera. Banana, sorghum, cassava, maize; cattle important.",RAB; FAO ECOCROP; IFAD
Rwanda,Eastern,Ngoma,Clayey,clayey,43,Marshland,1595,902.0,352.0,22.8,72.9,6.92,sorghum,B,99,2023-09-17,High potential,"Drier plateau and Bugesera. Banana, sorghum, cassava, maize; cattle important.",RAB; OFRA Rwanda; IFAD
Rwanda,Eastern,Ngoma,Loamy,loamy,43,Agricultural,1257,1049.0,155.0,20.7,51.9,6.91,sweet_potato,C,93,2025-05-12,High potential,"Drier plateau and Bugesera. Banana, sorghum, cassava, maize; cattle important.",RAB; CIP; FAO ECOCROP
Rwanda,Eastern,Ngoma,Loamy,loamy,69,Agricultural,1344,1090.0,428.0,22.9,60.0,5.86,maize,A,99,2024-10-15,High potential,"Drier plateau and Bugesera. Banana, sorghum, cassava, maize; cattle important.",RAB CIP; OFRA Rwanda; FAO ECOCROP
Rwanda,Eastern,Ngoma,Loamy,loamy,47,Marshland,1504,1047.0,421.0,23.5,59.0,5.97,beans,B,100,2025-05-12,High potential,"Drier plateau and Bugesera. Banana, sorghum, cassava, maize; cattle important.",RAB; OFRA Rwanda; NISR
Rwanda,Eastern,Ngoma,Loamy,loamy,75,Agricultural,1568,904.0,159.0,19.6,58.6,5.72,beans,C,97,2023-10-30,High potential,"Drier plateau and Bugesera. Banana, sorghum, cassava, maize; cattle important.",RAB; OFRA Rwanda; NISR
Rwanda,Eastern,Ngoma,Loamy,loamy,47,Agricultural,1284,761.0,325.0,24.0,71.1,6.34,beans,A,99,2024-03-31,High potential,"Drier plateau and Bugesera. Banana, sorghum, cassava, maize; cattle important.",RAB; OFRA Rwanda; NISR
Rwanda,Eastern,Ngoma,Alluvial,alluvial,72,Agricultural,1386,893.0,343.0,20.8,67.0,6.17,sorghum,B,77,2024-05-16,Moderate potential,"Drier plateau and Bugesera. Banana, sorghum, cassava, maize; cattle important.",RAB; OFRA Rwanda; IFAD
Rwanda,Eastern,Ngoma,Alluvial,alluvial,55,Agricultural,1276,934.0,179.0,22.2,51.5,6.08,sweet_potato,C,94,2024-05-28,High potential,"Drier plateau and Bugesera. Banana, sorghum, cassava, maize; cattle important.",RAB; CIP; FAO ECOCROP
Rwanda,Eastern,Ngoma,Sandy,sandy,73,Agricultural,1339,1045.0,363.0,21.8,61.3,5.55,maize,A,98,2024-12-11,High potential,"Drier plateau and Bugesera. Banana, sorghum, cassava, maize; cattle important.",RAB CIP; OFRA Rwanda; FAO ECOCROP
Rwanda,Eastern,Ngoma,Alluvial,alluvial,69,Agricultural,1509,940.0,427.0,23.8,64.4,6.31,banana,B,95,2023-10-30,High potential,"Drier plateau and Bugesera. Banana, sorghum, cassava, maize; cattle important.",RAB; FAO ECOCROP; OFRA Rwanda
Rwanda,Eastern,Ngoma,Sandy,sandy,42,Marshland,1293,1000.0,150.0,20.0,48.7,5.98,beans,C,72,2025-06-04,Moderate potential,"Drier plateau and Bugesera. Banana, sorghum, cassava, maize; cattle important.",RAB; OFRA Rwanda; NISR
Rwanda,Eastern,Ngoma,Clayey,clayey,41,Agricultural,1532,841.0,334.0,22.7,66.7,5.82,maize,A,98,2024-09-07,High potential,"Drier plateau and Bugesera. Banana, sorghum, cassava, maize; cattle important.",RAB CIP; OFRA Rwanda; FAO ECOCROP
Rwanda,Eastern,Ngoma,Loamy,loamy,63,Agricultural,1519,856.0,354.0,24.8,68.9,6.49,banana,B,94,2025-01-30,High potential,"Drier plateau and Bugesera. Banana, sorghum, cassava, maize; cattle important.",RAB; FAO ECOCROP; OFRA Rwanda
Rwanda,Eastern,Ngoma,Alluvial,alluvial,44,Agricultural,1579,913.0,142.0,20.4,58.2,6.01,soybean,C,96,2024-04-07,High potential,"Drier plateau and Bugesera. Banana, sorghum, cassava, maize; cattle important.",RAB; OFRA Rwanda
Rwanda,Eastern,Ngoma,Loamy,loamy,71,Agricultural,1353,1041.0,363.0,22.3,59.9,5.47,banana,A,94,2024-01-03,High potential,"Drier plateau and Bugesera. Banana, sorghum, cassava, maize; cattle important.",RAB; FAO ECOCROP; OFRA Rwanda
Rwanda,Eastern,Ngoma,Clayey,clayey,46,Agricultural,1500,979.0,498.0,23.2,68.3,6.29,sorghum,B,100,2024-04-02,High potential,"Drier plateau and Bugesera. Banana, sorghum, cassava, maize; cattle important.",RAB; OFRA Rwanda; IFAD
Rwanda,Eastern,Ngoma,Alluvial,alluvial,42,Agricultural,1416,971.0,167.0,19.9,50.0,5.82,rice,C,84,2023-10-06,High potential,"Drier plateau and Bugesera. Banana, sorghum, cassava, maize; cattle important.",RAB; RwaSIS; OFRA Rwanda
Rwanda,Eastern,Ngoma,Loamy,loamy,68,Agricultural,1235,870.0,337.0,22.1,66.8,6.45,sorghum,A,99,2023-09-12,High potential,"Drier plateau and Bugesera. Banana, sorghum, cassava, maize; cattle important.",RAB; OFRA Rwanda; IFAD
Rwanda,Eastern,Ngoma,Sandy,sandy,40,Agricultural,1399,831.0,403.0,22.4,74.4,5.41,sorghum,B,99,2024-10-06,High potential,"Drier plateau and Bugesera. Banana, sorghum, cassava, maize; cattle important.",RAB; OFRA Rwanda; IFAD
Rwanda,Eastern,Ngoma,Sandy,sandy,74,Marshland,1483,758.0,145.0,18.2,50.2,6.28,soybean,C,71,2023-09-23,Moderate potential,"Drier plateau and Bugesera. Banana, sorghum, cassava, maize; cattle important.",RAB; OFRA Rwanda
Rwanda,Eastern,Ngoma,Clayey,clayey,57,Agricultural,1581,851.0,275.0,21.7,63.3,5.97,banana,A,93,2023-10-28,High potential,"Drier plateau and Bugesera. Banana, sorghum, cassava, maize; cattle important.",RAB; FAO ECOCROP; OFRA Rwanda
Rwanda,Eastern,Ngoma,Loamy,loamy,42,Agricultural,1417,898.0,392.0,21.3,66.5,6.61,maize,B,99,2024-02-19,High potential,"Drier plateau and Bugesera. Banana, sorghum, cassava, maize; cattle important.",RAB CIP; OFRA Rwanda; FAO ECOCROP
Rwanda,Eastern,Ngoma,Loamy,loamy,52,Agricultural,1483,775.0,139.0,18.9,52.9,6.22,rice,C,61,2025-01-16,Moderate potential,"Drier plateau and Bugesera. Banana, sorghum, cassava, maize; cattle important.",RAB; RwaSIS; OFRA Rwanda
Rwanda,Eastern,Ngoma,Sandy,sandy,64,Agricultural,1563,855.0,323.0,23.0,66.4,5.89,banana,A,72,2025-03-09,Moderate potential,"Drier plateau and Bugesera. Banana, sorghum, cassava, maize; cattle important.",RAB; FAO ECOCROP; OFRA Rwanda
Rwanda,Eastern,Ngoma,Alluvial,alluvial,72,Agricultural,1517,1026.0,439.0,25.1,69.6,6.24,banana,B,95,2024-11-12,High potential,"Drier plateau and Bugesera. Banana, sorghum, cassava, maize; cattle important.",RAB; FAO ECOCROP; OFRA Rwanda
Rwanda,Eastern,Ngoma,Alluvial,alluvial,53,Agricultural,1493,948.0,139.0,20.2,51.7,6.96,sweet_potato,C,93,2025-05-10,High potential,"Drier plateau and Bugesera. Banana, sorghum, cassava, maize; cattle important.",RAB; CIP; FAO ECOCROP
Rwanda,Eastern,Ngoma,Clayey,clayey,45,Fallow,1237,954.0,326.0,22.7,62.8,6.42,maize,A,98,2025-06-29,High potential,"Drier plateau and Bugesera. Banana, sorghum, cassava, maize; cattle important.",RAB CIP; OFRA Rwanda; FAO ECOCROP
Rwanda,Eastern,Ngoma,Alluvial,alluvial,57,Agricultural,1455,945.0,470.0,22.2,72.1,6.48,banana,B,96,2024-03-19,High potential,"Drier plateau and Bugesera. Banana, sorghum, cassava, maize; cattle important.",RAB; FAO ECOCROP; OFRA Rwanda
Rwanda,Eastern,Ngoma,Loamy,loamy,71,Homestead,1223,950.0,143.0,21.1,49.0,5.73,rice,C,62,2025-03-06,Moderate potential,"Drier plateau and Bugesera. Banana, sorghum, cassava, maize; cattle important.",RAB; RwaSIS; OFRA Rwanda
Rwanda,Eastern,Ngoma,Loamy,loamy,62,Agricultural,1511,1006.0,389.0,22.9,67.0,6.75,cassava,A,97,2024-01-14,High potential,"Drier plateau and Bugesera. Banana, sorghum, cassava, maize; cattle important.",RAB; IITA; IFAD crop suitability
Rwanda,Eastern,Ngoma,Clayey,clayey,69,Agricultural,1458,931.0,443.0,23.6,72.0,6.17,sorghum,B,100,2025-04-25,High potential,"Drier plateau and Bugesera. Banana, sorghum, cassava, maize; cattle important.",RAB; OFRA Rwanda; IFAD
Rwanda,Eastern,Ngoma,Sandy,sandy,65,Agricultural,1243,925.0,139.0,20.4,50.7,6.97,sweet_potato,C,92,2023-12-26,High potential,"Drier plateau and Bugesera. Banana, sorghum, cassava, maize; cattle important.",RAB; CIP; FAO ECOCROP
Rwanda,Eastern,Ngoma,Loamy,loamy,63,Agricultural,1523,935.0,303.0,23.1,55.0,5.41,groundnut,A,97,2025-06-20,High potential,"Drier plateau and Bugesera. Banana, sorghum, cassava, maize; cattle important.",RAB; FAO ECOCROP; IFAD
Rwanda,Eastern,Ngoma,Alluvial,alluvial,71,Agricultural,1489,1123.0,437.0,23.3,69.1,5.67,banana,B,95,2024-05-01,High potential,"Drier plateau and Bugesera. Banana, sorghum, cassava, maize; cattle important.",RAB; FAO ECOCROP; OFRA Rwanda
Rwanda,Eastern,Ngoma,Clayey,clayey,47,Agricultural,1421,795.0,120.0,19.1,48.5,6.26,tomato,C,74,2024-04-26,Moderate potential,"Drier plateau and Bugesera. Banana, sorghum, cassava, maize; cattle important.",RAB; FAO ECOCROP
Rwanda,Eastern,Ngoma,Loamy,loamy,57,Marshland,1439,938.0,337.0,19.9,66.8,5.43,beans,A,99,2023-10-26,High potential,"Drier plateau and Bugesera. Banana, sorghum, cassava, maize; cattle important.",RAB; OFRA Rwanda; NISR
Rwanda,Eastern,Ngoma,Clayey,clayey,68,Agricultural,1454,847.0,383.0,23.3,76.7,5.41,beans,B,99,2024-07-06,High potential,"Drier plateau and Bugesera. Banana, sorghum, cassava, maize; cattle important.",RAB; OFRA Rwanda; NISR
Rwanda,Eastern,Ngoma,Clayey,clayey,46,Agricultural,1399,845.0,158.0,20.2,61.8,6.21,beans,C,97,2024-09-14,High potential,"Drier plateau and Bugesera. Banana, sorghum, cassava, maize; cattle important.",RAB; OFRA Rwanda; NISR
Rwanda,Eastern,Ngoma,Loamy,loamy,52,Agricultural,1550,1108.0,412.0,23.5,63.1,6.13,beans,A,100,2025-02-18,High potential,"Drier plateau and Bugesera. Banana, sorghum, cassava, maize; cattle important.",RAB; OFRA Rwanda; NISR
Rwanda,Eastern,Ngoma,Clayey,clayey,74,Agricultural,1283,876.0,403.0,21.5,68.7,5.83,rice,B,95,2024-10-31,High potential,"Drier plateau and Bugesera. Banana, sorghum, cassava, maize; cattle important.",RAB; RwaSIS; OFRA Rwanda
Rwanda,Eastern,Ngoma,Alluvial,alluvial,71,Agricultural,1346,735.0,125.0,21.0,56.6,6.23,sweet_potato,C,95,2025-01-25,High potential,"Drier plateau and Bugesera. Banana, sorghum, cassava, maize; cattle important.",RAB; CIP; FAO ECOCROP
Rwanda,Eastern,Ngoma,Alluvial,alluvial,61,Marshland,1500,1062.0,406.0,21.8,65.9,6.61,beans,A,100,2025-04-20,High potential,"Drier plateau and Bugesera. Banana, sorghum, cassava, maize; cattle important.",RAB; OFRA Rwanda; NISR
Rwanda,Eastern,Ngoma,Clayey,clayey,54,Agricultural,1264,997.0,408.0,22.5,71.5,6.13,maize,B,99,2025-07-10,High potential,"Drier plateau and Bugesera. Banana, sorghum, cassava, maize; cattle important.",RAB CIP; OFRA Rwanda; FAO ECOCROP
Rwanda,Eastern,Ngoma,Loamy,loamy,66,Agricultural,1224,834.0,126.0,20.5,45.4,5.8,sweet_potato,C,91,2024-11-28,High potential,"Drier plateau and Bugesera. Banana, sorghum, cassava, maize; cattle important.",RAB; CIP; FAO ECOCROP
Rwanda,Eastern,Ngoma,Clayey,clayey,72,Agricultural,1504,790.0,336.0,22.7,58.3,6.15,banana,A,93,2025-02-20,High potential,"Drier plateau and Bugesera. Banana, sorghum, cassava, maize; cattle important.",RAB; FAO ECOCROP; OFRA Rwanda
Rwanda,Eastern,Ngoma,Loamy,loamy,57,Agricultural,1436,931.0,480.0,23.1,63.2,5.46,rice,B,73,2024-10-15,Moderate potential,"Drier plateau and Bugesera. Banana, sorghum, cassava, maize; cattle important.",RAB; RwaSIS; OFRA Rwanda
Rwanda,Eastern,Ngoma,Alluvial,alluvial,51,Agricultural,1383,760.0,121.0,20.6,55.1,6.74,rice,C,87,2025-03-19,High potential,"Drier plateau and Bugesera. Banana, sorghum, cassava, maize; cattle important.",RAB; RwaSIS; OFRA Rwanda
Rwanda,Eastern,Ngoma,Clayey,clayey,49,Marshland,1526,805.0,262.0,23.8,63.2,5.68,groundnut,A,76,2025-05-19,Moderate potential,"Drier plateau and Bugesera. Banana, sorghum, cassava, maize; cattle important.",RAB; FAO ECOCROP; IFAD
Rwanda,Eastern,Ngoma,Clayey,clayey,52,Agricultural,1431,813.0,404.0,23.6,71.5,6.54,beans,B,100,2024-11-11,High potential,"Drier plateau and Bugesera. Banana, sorghum, cassava, maize; cattle important.",RAB; OFRA Rwanda; NISR
Rwanda,Eastern,Ngoma,Sandy,sandy,49,Agricultural,1358,1028.0,155.0,20.4,49.6,6.97,beans,C,72,2025-03-23,Moderate potential,"Drier plateau and Bugesera. Banana, sorghum, cassava, maize; cattle important.",RAB; OFRA Rwanda; NISR
Rwanda,Eastern,Ngoma,Sandy,sandy,40,Agricultural,1573,842.0,288.0,22.0,53.6,6.24,maize,A,97,2024-07-01,High potential,"Drier plateau and Bugesera. Banana, sorghum, cassava, maize; cattle important.",RAB CIP; OFRA Rwanda; FAO ECOCROP
Rwanda,Eastern,Ngoma,Sandy,sandy,53,Agricultural,1564,922.0,460.0,25.9,74.6,5.44,sorghum,B,100,2024-08-16,High potential,"Drier plateau and Bugesera. Banana, sorghum, cassava, maize; cattle important.",RAB; OFRA Rwanda; IFAD
Rwanda,Eastern,Ngoma,Alluvial,alluvial,59,Agricultural,1273,924.0,160.0,19.2,51.5,6.93,tomato,C,97,2025-05-02,High potential,"Drier plateau and Bugesera. Banana, sorghum, cassava, maize; cattle important.",RAB; FAO ECOCROP
Rwanda,Eastern,Ngoma,Sandy,sandy,43,Fallow,1225,1048.0,432.0,23.1,61.2,6.86,sorghum,A,100,2024-10-11,High potential,"Drier plateau and Bugesera. Banana, sorghum, cassava, maize; cattle important.",RAB; OFRA Rwanda; IFAD
Rwanda,Eastern,Ngoma,Loamy,loamy,64,Agricultural,1264,878.0,340.0,23.0,64.6,5.47,rice,B,72,2024-12-28,Moderate potential,"Drier plateau and Bugesera. Banana, sorghum, cassava, maize; cattle important.",RAB; RwaSIS; OFRA Rwanda
Rwanda,Eastern,Ngoma,Sandy,sandy,59,Agricultural,1484,1024.0,189.0,19.1,54.7,6.96,rice,C,63,2024-10-18,Moderate potential,"Drier plateau and Bugesera. Banana, sorghum, cassava, maize; cattle important.",RAB; RwaSIS; OFRA Rwanda
Rwanda,Eastern,Ngoma,Clayey,clayey,75,Marshland,1570,905.0,308.0,22.8,63.2,6.58,cassava,A,96,2025-04-03,High potential,"Drier plateau and Bugesera. Banana, sorghum, cassava, maize; cattle important.",RAB; IITA; IFAD crop suitability
Rwanda,Eastern,Ngoma,Alluvial,alluvial,62,Agricultural,1433,1102.0,433.0,24.8,67.7,6.09,maize,B,99,2023-10-11,High potential,"Drier plateau and Bugesera. Banana, sorghum, cassava, maize; cattle important.",RAB CIP; OFRA Rwanda; FAO ECOCROP
Rwanda,Eastern,Ngoma,Sandy,sandy,40,Agricultural,1576,1022.0,180.0,19.9,62.1,6.63,sweet_potato,C,96,2024-08-27,High potential,"Drier plateau and Bugesera. Banana, sorghum, cassava, maize; cattle important.",RAB; CIP; FAO ECOCROP
Rwanda,Eastern,Ngoma,Sandy,sandy,71,Agricultural,1215,984.0,382.0,24.2,67.4,6.54,beans,A,78,2024-10-30,Moderate potential,"Drier plateau and Bugesera. Banana, sorghum, cassava, maize; cattle important.",RAB; OFRA Rwanda; NISR
Rwanda,Eastern,Ngoma,Alluvial,alluvial,68,Agricultural,1545,1159.0,544.0,24.5,64.1,5.91,maize,B,100,2023-09-10,High potential,"Drier plateau and Bugesera. Banana, sorghum, cassava, maize; cattle important.",RAB CIP; OFRA Rwanda; FAO ECOCROP
Rwanda,Eastern,Kirehe,Loamy,loamy,63,Agricultural,1561,1058.0,350.0,22.5,63.5,6.66,banana,A,94,2024-04-21,High potential,"Drier plateau and Bugesera. Banana, sorghum, cassava, maize; cattle important.",RAB; FAO ECOCROP; OFRA Rwanda
Rwanda,Eastern,Kirehe,Clayey,clayey,70,Fallow,1389,958.0,458.0,23.7,68.3,6.84,sorghum,B,100,2024-08-31,High potential,"Drier plateau and Bugesera. Banana, sorghum, cassava, maize; cattle important.",RAB; OFRA Rwanda; IFAD
Rwanda,Eastern,Kirehe,Loamy,loamy,46,Agricultural,1518,754.0,144.0,18.6,51.1,5.96,soybean,C,94,2025-07-31,High potential,"Drier plateau and Bugesera. Banana, sorghum, cassava, maize; cattle important.",RAB; OFRA Rwanda
Rwanda,Eastern,Kirehe,Alluvial,alluvial,47,Agricultural,1493,786.0,339.0,22.0,64.5,6.19,maize,A,98,2025-03-30,High potential,"Drier plateau and Bugesera. Banana, sorghum, cassava, maize; cattle important.",RAB CIP; OFRA Rwanda; FAO ECOCROP
Rwanda,Eastern,Kirehe,Sandy,sandy,70,Agricultural,1454,944.0,401.0,22.7,76.1,6.16,maize,B,99,2024-02-24,High potential,"Drier plateau and Bugesera. Banana, sorghum, cassava, maize; cattle important.",RAB CIP; OFRA Rwanda; FAO ECOCROP
Rwanda,Eastern,Kirehe,Clayey,clayey,56,Fallow,1567,859.0,165.0,21.5,48.7,6.62,beans,C,94,2024-05-25,High potential,"Drier plateau and Bugesera. Banana, sorghum, cassava, maize; cattle important.",RAB; OFRA Rwanda; NISR
Rwanda,Eastern,Kirehe,Alluvial,alluvial,53,Fallow,1336,806.0,268.0,22.3,59.2,6.18,banana,A,93,2024-04-20,High potential,"Drier plateau and Bugesera. Banana, sorghum, cassava, maize; cattle important.",RAB; FAO ECOCROP; OFRA Rwanda
Rwanda,Eastern,Kirehe,Sandy,sandy,47,Marshland,1285,759.0,360.0,24.4,70.3,6.19,banana,B,72,2024-11-10,Moderate potential,"Drier plateau and Bugesera. Banana, sorghum, cassava, maize; cattle important.",RAB; FAO ECOCROP; OFRA Rwanda
Rwanda,Eastern,Kirehe,Clayey,clayey,42,Agricultural,1416,882.0,149.0,23.0,43.8,6.09,rice,C,81,2024-07-07,High potential,"Drier plateau and Bugesera. Banana, sorghum, cassava, maize; cattle important.",RAB; RwaSIS; OFRA Rwanda
Rwanda,Eastern,Kirehe,Alluvial,alluvial,54,Agricultural,1258,1046.0,382.0,23.3,62.3,6.57,cassava,A,75,2024-11-03,Moderate potential,"Drier plateau and Bugesera. Banana, sorghum, cassava, maize; cattle important.",RAB; IITA; IFAD crop suitability
Rwanda,Eastern,Kirehe,Alluvial,alluvial,48,Marshland,1505,1090.0,551.0,22.6,70.7,6.8,cassava,B,77,2025-04-07,Moderate potential,"Drier plateau and Bugesera. Banana, sorghum, cassava, maize; cattle important.",RAB; IITA; IFAD crop suitability
Rwanda,Eastern,Kirehe,Alluvial,alluvial,58,Agricultural,1433,898.0,164.0,21.2,54.3,6.21,beans,C,97,2024-05-05,High potential,"Drier plateau and Bugesera. Banana, sorghum, cassava, maize; cattle important.",RAB; OFRA Rwanda; NISR
Rwanda,Eastern,Kirehe,Loamy,loamy,51,Agricultural,1293,742.0,268.0,23.1,68.8,5.99,sorghum,A,98,2024-03-26,High potential,"Drier plateau and Bugesera. Banana, sorghum, cassava, maize; cattle important.",RAB; OFRA Rwanda; IFAD
Rwanda,Eastern,Kirehe,Clayey,clayey,66,Agricultural,1238,843.0,392.0,20.5,79.8,5.43,maize,B,98,2024-01-22,High potential,"Drier plateau and Bugesera. Banana, sorghum, cassava, maize; cattle important.",RAB CIP; OFRA Rwanda; FAO ECOCROP
Rwanda,Eastern,Kirehe,Loamy,loamy,61,Agricultural,1227,961.0,153.0,21.0,51.8,6.26,soybean,C,94,2024-06-07,High potential,"Drier plateau and Bugesera. Banana, sorghum, cassava, maize; cattle important.",RAB; OFRA Rwanda
Rwanda,Eastern,Kirehe,Loamy,loamy,47,Agricultural,1249,1016.0,345.0,22.9,64.7,6.3,sorghum,A,99,2025-07-20,High potential,"Drier plateau and Bugesera. Banana, sorghum, cassava, maize; cattle important.",RAB; OFRA Rwanda; IFAD
Rwanda,Eastern,Kirehe,Clayey,clayey,47,Marshland,1284,743.0,382.0,23.7,71.0,6.47,rice,B,95,2024-02-02,High potential,"Drier plateau and Bugesera. Banana, sorghum, cassava, maize; cattle important.",RAB; RwaSIS; OFRA Rwanda
Rwanda,Eastern,Kirehe,Clayey,clayey,57,Agricultural,1497,971.0,156.0,20.8,51.5,5.63,sweet_potato,C,72,2023-11-13,Moderate potential,"Drier plateau and Bugesera. Banana, sorghum, cassava, maize; cattle important.",RAB; CIP; FAO ECOCROP
Rwanda,Eastern,Kirehe,Loamy,loamy,52,Agricultural,1498,743.0,242.0,23.1,62.7,5.69,maize,A,97,2023-12-11,High potential,"Drier plateau and Bugesera. Banana, sorghum, cassava, maize; cattle important.",RAB CIP; OFRA Rwanda; FAO ECOCROP
Rwanda,Eastern,Kirehe,Loamy,loamy,60,Fallow,1200,1094.0,418.0,20.8,71.2,5.46,cassava,B,98,2023-11-08,High potential,"Drier plateau and Bugesera. Banana, sorghum, cassava, maize; cattle important.",RAB; IITA; IFAD crop suitability
Rwanda,Eastern,Kirehe,Clayey,clayey,68,Agricultural,1245,965.0,183.0,21.3,44.4,6.09,rice,C,82,2023-10-29,High potential,"Drier plateau and Bugesera. Banana, sorghum, cassava, maize; cattle important.",RAB; RwaSIS; OFRA Rwanda
Rwanda,Eastern,Kirehe,Loamy,loamy,68,Agricultural,1245,892.0,358.0,22.7,71.6,5.93,groundnut,A,99,2024-01-15,High potential,"Drier plateau and Bugesera. Banana, sorghum, cassava, maize; cattle important.",RAB; FAO ECOCROP; IFAD
Rwanda,Eastern,Kirehe,Alluvial,alluvial,51,Agricultural,1422,791.0,383.0,24.3,70.9,6.24,maize,B,99,2024-10-02,High potential,"Drier plateau and Bugesera. Banana, sorghum, cassava, maize; cattle important.",RAB CIP; OFRA Rwanda; FAO ECOCROP
Rwanda,Eastern,Kirehe,Clayey,clayey,72,Agricultural,1297,742.0,110.0,19.5,54.0,5.48,rice,C,84,2025-01-16,High potential,"Drier plateau and Bugesera. Banana, sorghum, cassava, maize; cattle important.",RAB; RwaSIS; OFRA Rwanda
Rwanda,Eastern,Kirehe,Loamy,loamy,65,Agricultural,1517,898.0,379.0,23.3,63.8,5.79,maize,A,98,2025-01-22,High potential,"Drier plateau and Bugesera. Banana, sorghum, cassava, maize; cattle important.",RAB CIP; OFRA Rwanda; FAO ECOCROP
Rwanda,Eastern,Kirehe,Loamy,loamy,42,Agricultural,1208,1008.0,468.0,22.7,68.8,5.42,cassava,B,98,2024-02-11,High potential,"Drier plateau and Bugesera. Banana, sorghum, cassava, maize; cattle important.",RAB; IITA; IFAD crop suitability
Rwanda,Eastern,Kirehe,Sandy,sandy,65,Agricultural,1350,956.0,145.0,20.6,55.2,5.52,soybean,C,74,2024-06-12,Moderate potential,"Drier plateau and Bugesera. Banana, sorghum, cassava, maize; cattle important.",RAB; OFRA Rwanda
Rwanda,Eastern,Kirehe,Loamy,loamy,52,Marshland,1360,733.0,262.0,23.1,63.3,5.82,beans,A,98,2024-02-13,High potential,"Drier plateau and Bugesera. Banana, sorghum, cassava, maize; cattle important.",RAB; OFRA Rwanda; NISR
Rwanda,Eastern,Kirehe,Loamy,loamy,49,Marshland,1579,874.0,423.0,22.6,74.1,6.45,cassava,B,98,2024-12-11,High potential,"Drier plateau and Bugesera. Banana, sorghum, cassava, maize; cattle important.",RAB; IITA; IFAD crop suitability
Rwanda,Eastern,Kirehe,Sandy,sandy,45,Agricultural,1233,915.0,132.0,22.6,56.8,6.8,beans,C,75,2024-09-12,Moderate potential,"Drier plateau and Bugesera. Banana, sorghum, cassava, maize; cattle important.",RAB; OFRA Rwanda; NISR
Rwanda,Eastern,Kirehe,Alluvial,alluvial,69,Homestead,1465,905.0,308.0,23.9,57.5,5.58,beans,A,99,2024-11-22,High potential,"Drier plateau and Bugesera. Banana, sorghum, cassava, maize; cattle important.",RAB; OFRA Rwanda; NISR
Rwanda,Eastern,Kirehe,Alluvial,alluvial,70,Fallow,1213,1046.0,450.0,21.8,68.2,6.06,maize,B,99,2025-02-03,High potential,"Drier plateau and Bugesera. Banana, sorghum, cassava, maize; cattle important.",RAB CIP; OFRA Rwanda; FAO ECOCROP
Rwanda,Eastern,Kirehe,Alluvial,alluvial,49,Agricultural,1599,881.0,156.0,18.2,53.3,6.9,tomato,C,97,2024-05-16,High potential,"Drier plateau and Bugesera. Banana, sorghum, cassava, maize; cattle important.",RAB; FAO ECOCROP
Rwanda,Eastern,Kirehe,Clayey,clayey,64,Agricultural,1374,969.0,338.0,21.2,61.8,5.77,groundnut,A,77,2024-09-21,Moderate potential,"Drier plateau and Bugesera. Banana, sorghum, cassava, maize; cattle important.",RAB; FAO ECOCROP; IFAD
Rwanda,Eastern,Kirehe,Loamy,loamy,57,Agricultural,1525,957.0,478.0,22.3,70.7,6.03,sorghum,B,100,2024-03-07,High potential,"Drier plateau and Bugesera. Banana, sorghum, cassava, maize; cattle important.",RAB; OFRA Rwanda; IFAD
Rwanda,Eastern,Kirehe,Sandy,sandy,58,Agricultural,1211,873.0,153.0,22.5,53.5,5.61,sweet_potato,C,95,2024-09-12,High potential,"Drier plateau and Bugesera. Banana, sorghum, cassava, maize; cattle important.",RAB; CIP; FAO ECOCROP
Rwanda,Eastern,Kirehe,Clayey,clayey,60,Agricultural,1519,906.0,333.0,22.3,57.6,6.62,cassava,A,97,2024-09-23,High potential,"Drier plateau and Bugesera. Banana, sorghum, cassava, maize; cattle important.",RAB; IITA; IFAD crop suitability
Rwanda,Eastern,Kirehe,Alluvial,alluvial,64,Agricultural,1446,896.0,435.0,23.5,70.3,5.63,cassava,B,76,2025-02-26,Moderate potential,"Drier plateau and Bugesera. Banana, sorghum, cassava, maize; cattle important.",RAB; IITA; IFAD crop suitability
Rwanda,Eastern,Kirehe,Alluvial,alluvial,48,Fallow,1243,947.0,178.0,21.2,49.1,6.23,sweet_potato,C,93,2023-12-05,High potential,"Drier plateau and Bugesera. Banana, sorghum, cassava, maize; cattle important.",RAB; CIP; FAO ECOCROP
Rwanda,Eastern,Kirehe,Clayey,clayey,74,Agricultural,1562,1063.0,425.0,23.0,52.4,6.34,maize,A,98,2024-04-16,High potential,"Drier plateau and Bugesera. Banana, sorghum, cassava, maize; cattle important.",RAB CIP; OFRA Rwanda; FAO ECOCROP
Rwanda,Eastern,Kirehe,Sandy,sandy,53,Fallow,1372,827.0,421.0,21.6,67.8,6.76,cassava,B,98,2025-03-06,High potential,"Drier plateau and Bugesera. Banana, sorghum, cassava, maize; cattle important.",RAB; IITA; IFAD crop suitability
Rwanda,Eastern,Kirehe,Clayey,clayey,52,Agricultural,1449,805.0,146.0,20.8,45.1,6.62,tomato,C,72,2025-01-31,Moderate potential,"Drier plateau and Bugesera. Banana, sorghum, cassava, maize; cattle important.",RAB; FAO ECOCROP
Rwanda,Eastern,Kirehe,Sandy,sandy,56,Marshland,1324,1074.0,350.0,22.9,65.7,5.45,cassava,A,97,2024-07-01,High potential,"Drier plateau and Bugesera. Banana, sorghum, cassava, maize; cattle important.",RAB; IITA; IFAD crop suitability
Rwanda,Eastern,Kirehe,Loamy,loamy,44,Agricultural,1548,969.0,414.0,22.8,65.1,6.35,rice,B,73,2023-09-25,Moderate potential,"Drier plateau and Bugesera. Banana, sorghum, cassava, maize; cattle important.",RAB; RwaSIS; OFRA Rwanda
Rwanda,Eastern,Kirehe,Loamy,loamy,62,Agricultural,1409,934.0,139.0,21.7,50.3,5.82,tomato,C,97,2023-12-13,High potential,"Drier plateau and Bugesera. Banana, sorghum, cassava, maize; cattle important.",RAB; FAO ECOCROP
Rwanda,Eastern,Kirehe,Alluvial,alluvial,53,Agricultural,1304,759.0,266.0,22.6,69.8,6.85,groundnut,A,76,2024-09-15,Moderate potential,"Drier plateau and Bugesera. Banana, sorghum, cassava, maize; cattle important.",RAB; FAO ECOCROP; IFAD
Rwanda,Eastern,Kirehe,Clayey,clayey,44,Marshland,1515,770.0,342.0,23.3,62.8,5.85,cassava,B,97,2023-10-16,High potential,"Drier plateau and Bugesera. Banana, sorghum, cassava, maize; cattle important.",RAB; IITA; IFAD crop suitability
Rwanda,Eastern,Kirehe,Clayey,clayey,47,Agricultural,1355,783.0,130.0,20.5,50.3,6.51,sweet_potato,C,71,2025-04-10,Moderate potential,"Drier plateau and Bugesera. Banana, sorghum, cassava, maize; cattle important.",RAB; CIP; FAO ECOCROP
Rwanda,Eastern,Kirehe,Alluvial,alluvial,50,Marshland,1303,953.0,313.0,23.6,63.9,6.03,cassava,A,74,2025-03-29,Moderate potential,"Drier plateau and Bugesera. Banana, sorghum, cassava, maize; cattle important.",RAB; IITA; IFAD crop suitability
Rwanda,Eastern,Kirehe,Alluvial,alluvial,69,Agricultural,1281,859.0,421.0,24.1,63.3,5.75,cassava,B,76,2023-10-24,Moderate potential,"Drier plateau and Bugesera. Banana, sorghum, cassava, maize; cattle important.",RAB; IITA; IFAD crop suitability
Rwanda,Eastern,Kirehe,Clayey,clayey,66,Fallow,1234,1027.0,189.0,20.1,52.6,5.41,tomato,C,75,2023-09-18,Moderate potential,"Drier plateau and Bugesera. Banana, sorghum, cassava, maize; cattle important.",RAB; FAO ECOCROP
Rwanda,Eastern,Kirehe,Alluvial,alluvial,62,Agricultural,1549,995.0,396.0,23.3,63.4,6.76,banana,A,95,2025-02-26,High potential,"Drier plateau and Bugesera. Banana, sorghum, cassava, maize; cattle important.",RAB; FAO ECOCROP; OFRA Rwanda
Rwanda,Eastern,Kirehe,Sandy,sandy,72,Agricultural,1590,905.0,384.0,22.7,69.2,5.99,cassava,B,97,2023-11-05,High potential,"Drier plateau and Bugesera. Banana, sorghum, cassava, maize; cattle important.",RAB; IITA; IFAD crop suitability
Rwanda,Eastern,Kirehe,Sandy,sandy,71,Agricultural,1557,975.0,169.0,21.2,52.6,6.27,sweet_potato,C,95,2023-09-07,High potential,"Drier plateau and Bugesera. Banana, sorghum, cassava, maize; cattle important.",RAB; CIP; FAO ECOCROP
Rwanda,Eastern,Kirehe,Clayey,clayey,71,Agricultural,1243,797.0,294.0,23.3,65.0,6.63,cassava,A,96,2024-05-20,High potential,"Drier plateau and Bugesera. Banana, sorghum, cassava, maize; cattle important.",RAB; IITA; IFAD crop suitability
Rwanda,Eastern,Kirehe,Loamy,loamy,54,Agricultural,1349,811.0,317.0,22.0,70.2,6.56,maize,B,98,2025-05-23,High potential,"Drier plateau and Bugesera. Banana, sorghum, cassava, maize; cattle important.",RAB CIP; OFRA Rwanda; FAO ECOCROP
Rwanda,Eastern,Kirehe,Alluvial,alluvial,75,Agricultural,1411,792.0,142.0,22.1,49.7,6.24,rice,C,84,2023-09-24,High potential,"Drier plateau and Bugesera. Banana, sorghum, cassava, maize; cattle important.",RAB; RwaSIS; OFRA Rwanda
Rwanda,Eastern,Kirehe,Clayey,clayey,62,Marshland,1277,838.0,353.0,24.1,64.8,5.88,sorghum,A,99,2024-04-01,High potential,"Drier plateau and Bugesera. Banana, sorghum, cassava, maize; cattle important.",RAB; OFRA Rwanda; IFAD
Rwanda,Eastern,Kirehe,Alluvial,alluvial,42,Agricultural,1206,869.0,427.0,23.7,76.6,6.21,rice,B,95,2025-06-29,High potential,"Drier plateau and Bugesera. Banana, sorghum, cassava, maize; cattle important.",RAB; RwaSIS; OFRA Rwanda
Rwanda,Eastern,Kirehe,Clayey,clayey,50,Agricultural,1393,942.0,157.0,21.0,51.4,6.0,rice,C,85,2025-06-02,High potential,"Drier plateau and Bugesera. Banana, sorghum, cassava, maize; cattle important.",RAB; RwaSIS; OFRA Rwanda
Rwanda,Eastern,Kirehe,Alluvial,alluvial,50,Agricultural,1567,1064.0,359.0,22.2,70.8,5.82,groundnut,A,77,2024-05-08,Moderate potential,"Drier plateau and Bugesera. Banana, sorghum, cassava, maize; cattle important.",RAB; FAO ECOCROP; IFAD
Rwanda,Eastern,Kirehe,Sandy,sandy,75,Marshland,1568,1053.0,466.0,25.2,61.2,5.47,cassava,B,98,2025-04-11,High potential,"Drier plateau and Bugesera. Banana, sorghum, cassava, maize; cattle important.",RAB; IITA; IFAD crop suitability
Rwanda,Eastern,Kirehe,Sandy,sandy,45,Marshland,1570,756.0,145.0,19.0,52.9,5.89,rice,C,61,2024-01-13,Moderate potential,"Drier plateau and Bugesera. Banana, sorghum, cassava, maize; cattle important.",RAB; RwaSIS; OFRA Rwanda
Rwanda,Eastern,Kirehe,Loamy,loamy,74,Agricultural,1560,764.0,288.0,24.1,60.7,6.28,banana,A,94,2023-11-25,High potential,"Drier plateau and Bugesera. Banana, sorghum, cassava, maize; cattle important.",RAB; FAO ECOCROP; OFRA Rwanda
Rwanda,Eastern,Kirehe,Loamy,loamy,50,Agricultural,1510,786.0,320.0,21.6,71.1,6.92,banana,B,94,2024-06-25,High potential,"Drier plateau and Bugesera. Banana, sorghum, cassava, maize; cattle important.",RAB; FAO ECOCROP; OFRA Rwanda
Rwanda,Eastern,Kirehe,Alluvial,alluvial,63,Agricultural,1240,856.0,162.0,20.8,50.3,5.78,beans,C,95,2024-10-06,High potential,"Drier plateau and Bugesera. Banana, sorghum, cassava, maize; cattle important.",RAB; OFRA Rwanda; NISR
Rwanda,Eastern,Kirehe,Clayey,clayey,41,Agricultural,1241,746.0,297.0,22.1,59.2,5.61,groundnut,A,76,2024-08-02,Moderate potential,"Drier plateau and Bugesera. Banana, sorghum, cassava, maize; cattle important.",RAB; FAO ECOCROP; IFAD
Rwanda,Eastern,Kirehe,Loamy,loamy,44,Agricultural,1272,1067.0,466.0,22.3,67.8,6.53,sorghum,B,100,2025-04-01,High potential,"Drier plateau and Bugesera. Banana, sorghum, cassava, maize; cattle important.",RAB; OFRA Rwanda; IFAD
Rwanda,Eastern,Kirehe,Clayey,clayey,71,Agricultural,1429,747.0,118.0,22.6,55.5,5.91,soybean,C,95,2023-10-19,High potential,"Drier plateau and Bugesera. Banana, sorghum, cassava, maize; cattle important.",RAB; OFRA Rwanda
Rwanda,Eastern,Kirehe,Sandy,sandy,56,Agricultural,1565,841.0,301.0,22.9,62.8,6.98,beans,A,77,2024-12-01,Moderate potential,"Drier plateau and Bugesera. Banana, sorghum, cassava, maize; cattle important.",RAB; OFRA Rwanda; NISR
Rwanda,Eastern,Kirehe,Sandy,sandy,72,Marshland,1550,1081.0,441.0,23.7,73.3,6.54,maize,B,99,2024-02-05,High potential,"Drier plateau and Bugesera. Banana, sorghum, cassava, maize; cattle important.",RAB CIP; OFRA Rwanda; FAO ECOCROP
Rwanda,Eastern,Kirehe,Sandy,sandy,49,Homestead,1339,753.0,129.0,22.7,51.3,5.57,tomato,C,97,2024-10-04,High potential,"Drier plateau and Bugesera. Banana, sorghum, cassava, maize; cattle important.",RAB; FAO ECOCROP
Rwanda,Eastern,Kirehe,Clayey,clayey,48,Agricultural,1422,1007.0,395.0,22.1,60.0,6.81,groundnut,A,77,2024-06-08,Moderate potential,"Drier plateau and Bugesera. Banana, sorghum, cassava, maize; cattle important.",RAB; FAO ECOCROP; IFAD
Rwanda,Eastern,Kirehe,Sandy,sandy,58,Agricultural,1318,886.0,415.0,22.5,69.7,6.1,rice,B,73,2025-05-08,Moderate potential,"Drier plateau and Bugesera. Banana, sorghum, cassava, maize; cattle important.",RAB; RwaSIS; OFRA Rwanda
Rwanda,Eastern,Kirehe,Sandy,sandy,72,Agricultural,1245,826.0,130.0,20.1,56.0,6.97,rice,C,65,2023-09-29,Moderate potential,"Drier plateau and Bugesera. Banana, sorghum, cassava, maize; cattle important.",RAB; RwaSIS; OFRA Rwanda
Rwanda,Eastern,Kirehe,Loamy,loamy,47,Marshland,1478,910.0,376.0,23.8,55.8,6.62,cassava,A,97,2024-04-11,High potential,"Drier plateau and Bugesera. Banana, sorghum, cassava, maize; cattle important.",RAB; IITA; IFAD crop suitability
Rwanda,Eastern,Kirehe,Alluvial,alluvial,69,Agricultural,1476,876.0,391.0,24.7,68.9,5.72,beans,B,100,2024-11-06,High potential,"Drier plateau and Bugesera. Banana, sorghum, cassava, maize; cattle important.",RAB; OFRA Rwanda; NISR
Rwanda,Eastern,Kirehe,Sandy,sandy,55,Agricultural,1437,833.0,131.0,19.9,55.2,5.44,rice,C,64,2024-10-20,Moderate potential,"Drier plateau and Bugesera. Banana, sorghum, cassava, maize; cattle important.",RAB; RwaSIS; OFRA Rwanda
Rwanda,Eastern,Kirehe,Clayey,clayey,65,Fallow,1333,738.0,265.0,23.0,68.7,5.92,banana,A,93,2025-02-09,High potential,"Drier plateau and Bugesera. Banana, sorghum, cassava, maize; cattle important.",RAB; FAO ECOCROP; OFRA Rwanda
Rwanda,Eastern,Kirehe,Clayey,clayey,49,Agricultural,1599,923.0,360.0,24.7,71.9,6.69,sorghum,B,100,2024-10-21,High potential,"Drier plateau and Bugesera. Banana, sorghum, cassava, maize; cattle important.",RAB; OFRA Rwanda; IFAD
Rwanda,Eastern,Kirehe,Loamy,loamy,68,Homestead,1284,721.0,105.0,19.7,44.2,6.64,beans,C,91,2024-04-29,High potential,"Drier plateau and Bugesera. Banana, sorghum, cassava, maize; cattle important.",RAB; OFRA Rwanda; NISR
Rwanda,Eastern,Kirehe,Clayey,clayey,56,Marshland,1528,848.0,309.0,21.4,63.1,5.71,sorghum,A,99,2024-04-29,High potential,"Drier plateau and Bugesera. Banana, sorghum, cassava, maize; cattle important.",RAB; OFRA Rwanda; IFAD
Rwanda,Eastern,Kirehe,Sandy,sandy,50,Agricultural,1346,965.0,442.0,24.7,76.8,6.73,maize,B,99,2023-09-05,High potential,"Drier plateau and Bugesera. Banana, sorghum, cassava, maize; cattle important.",RAB CIP; OFRA Rwanda; FAO ECOCROP
Rwanda,Eastern,Kirehe,Clayey,clayey,55,Agricultural,1343,906.0,142.0,19.8,46.1,6.89,soybean,C,91,2024-03-25,High potential,"Drier plateau and Bugesera. Banana, sorghum, cassava, maize; cattle important.",RAB; OFRA Rwanda
Rwanda,Eastern,Kirehe,Sandy,sandy,60,Agricultural,1327,753.0,317.0,21.7,60.2,6.8,sorghum,A,99,2024-02-14,High potential,"Drier plateau and Bugesera. Banana, sorghum, cassava, maize; cattle important.",RAB; OFRA Rwanda; IFAD
Rwanda,Eastern,Kirehe,Alluvial,alluvial,70,Agricultural,1499,756.0,378.0,23.7,75.6,5.87,beans,B,100,2024-07-08,High potential,"Drier plateau and Bugesera. Banana, sorghum, cassava, maize; cattle important.",RAB; OFRA Rwanda; NISR
Rwanda,Eastern,Kirehe,Alluvial,alluvial,66,Agricultural,1584,868.0,137.0,20.7,53.7,6.48,tomato,C,97,2025-01-19,High potential,"Drier plateau and Bugesera. Banana, sorghum, cassava, maize; cattle important.",RAB; FAO ECOCROP
Rwanda,Eastern,Kirehe,Alluvial,alluvial,51,Homestead,1531,989.0,373.0,23.6,63.6,6.82,maize,A,98,2024-05-09,High potential,"Drier plateau and Bugesera. Banana, sorghum, cassava, maize; cattle important.",RAB CIP; OFRA Rwanda; FAO ECOCROP
Rwanda,Eastern,Kirehe,Loamy,loamy,71,Fallow,1269,933.0,358.0,24.0,68.1,6.1,beans,B,99,2024-11-16,High potential,"Drier plateau and Bugesera. Banana, sorghum, cassava, maize; cattle important.",RAB; OFRA Rwanda; NISR
Rwanda,Eastern,Kirehe,Clayey,clayey,66,Agricultural,1509,776.0,134.0,19.1,52.3,6.7,sweet_potato,C,72,2024-01-10,Moderate potential,"Drier plateau and Bugesera. Banana, sorghum, cassava, maize; cattle important.",RAB; CIP; FAO ECOCROP
Rwanda,Eastern,Kirehe,Sandy,sandy,47,Fallow,1485,871.0,292.0,24.1,60.1,5.57,beans,A,77,2023-09-29,Moderate potential,"Drier plateau and Bugesera. Banana, sorghum, cassava, maize; cattle important.",RAB; OFRA Rwanda; NISR
Rwanda,Eastern,Kirehe,Clayey,clayey,48,Agricultural,1273,938.0,428.0,22.7,68.7,6.9,cassava,B,98,2023-09-25,High potential,"Drier plateau and Bugesera. Banana, sorghum, cassava, maize; cattle important.",RAB; IITA; IFAD crop suitability
Rwanda,Eastern,Kirehe,Loamy,loamy,67,Marshland,1405,1009.0,194.0,19.1,53.9,6.91,tomato,C,97,2024-03-19,High potential,"Drier plateau and Bugesera. Banana, sorghum, cassava, maize; cattle important.",RAB; FAO ECOCROP
Rwanda,Eastern,Kirehe,Clayey,clayey,52,Agricultural,1278,997.0,403.0,23.4,65.8,5.75,banana,A,95,2025-04-04,High potential,"Drier plateau and Bugesera. Banana, sorghum, cassava, maize; cattle important.",RAB; FAO ECOCROP; OFRA Rwanda
Rwanda,Eastern,Kirehe,Clayey,clayey,51,Agricultural,1250,821.0,341.0,21.8,69.5,5.82,banana,B,94,2024-06-12,High potential,"Drier plateau and Bugesera. Banana, sorghum, cassava, maize; cattle important.",RAB; FAO ECOCROP; OFRA Rwanda
Rwanda,Eastern,Kirehe,Clayey,clayey,52,Fallow,1495,990.0,152.0,20.4,55.9,6.61,rice,C,87,2024-05-05,High potential,"Drier plateau and Bugesera. Banana, sorghum, cassava, maize; cattle important.",RAB; RwaSIS; OFRA Rwanda
Rwanda,Eastern,Kirehe,Loamy,loamy,73,Marshland,1245,1025.0,352.0,24.1,58.4,6.41,cassava,A,97,2025-01-10,High potential,"Drier plateau and Bugesera. Banana, sorghum, cassava, maize; cattle important.",RAB; IITA; IFAD crop suitability
Rwanda,Eastern,Kirehe,Sandy,sandy,55,Agricultural,1540,1044.0,418.0,22.7,72.0,6.64,cassava,B,98,2024-06-23,High potential,"Drier plateau and Bugesera. Banana, sorghum, cassava, maize; cattle important.",RAB; IITA; IFAD crop suitability
Rwanda,Eastern,Kirehe,Sandy,sandy,48,Agricultural,1377,1048.0,189.0,21.4,56.4,5.53,beans,C,75,2023-09-09,Moderate potential,"Drier plateau and Bugesera. Banana, sorghum, cassava, maize; cattle important.",RAB; OFRA Rwanda; NISR
Rwanda,Eastern,Kirehe,Clayey,clayey,45,Agricultural,1385,748.0,314.0,24.3,66.3,5.72,banana,A,94,2023-09-17,High potential,"Drier plateau and Bugesera. Banana, sorghum, cassava, maize; cattle important.",RAB; FAO ECOCROP; OFRA Rwanda
Rwanda,Eastern,Kirehe,Alluvial,alluvial,55,Homestead,1391,840.0,358.0,23.0,67.9,6.35,cassava,B,75,2025-02-06,Moderate potential,"Drier plateau and Bugesera. Banana, sorghum, cassava, maize; cattle important.",RAB; IITA; IFAD crop suitability
Rwanda,Eastern,Kirehe,Loamy,loamy,64,Agricultural,1420,798.0,123.0,18.6,53.2,5.61,beans,C,96,2024-05-18,High potential,"Drier plateau and Bugesera. Banana, sorghum, cassava, maize; cattle important.",RAB; OFRA Rwanda; NISR
Rwanda,Eastern,Kirehe,Sandy,sandy,72,Agricultural,1599,809.0,334.0,22.3,62.4,5.42,beans,A,77,2024-05-21,Moderate potential,"Drier plateau and Bugesera. Banana, sorghum, cassava, maize; cattle important.",RAB; OFRA Rwanda; NISR
Rwanda,Eastern,Kirehe,Clayey,clayey,63,Agricultural,1473,910.0,454.0,21.8,72.8,6.2,banana,B,96,2025-04-08,High potential,"Drier plateau and Bugesera. Banana, sorghum, cassava, maize; cattle important.",RAB; FAO ECOCROP; OFRA Rwanda
Rwanda,Eastern,Kirehe,Clayey,clayey,65,Agricultural,1350,1034.0,197.0,18.7,55.3,6.42,soybean,C,96,2025-05-06,High potential,"Drier plateau and Bugesera. Banana, sorghum, cassava, maize; cattle important.",RAB; OFRA Rwanda
Rwanda,Eastern,Kirehe,Loamy,loamy,70,Agricultural,1537,976.0,325.0,22.7,58.5,5.64,maize,A,98,2024-07-13,High potential,"Drier plateau and Bugesera. Banana, sorghum, cassava, maize; cattle important.",RAB CIP; OFRA Rwanda; FAO ECOCROP
Rwanda,Eastern,Kirehe,Alluvial,alluvial,68,Homestead,1486,827.0,345.0,21.4,71.9,6.78,sorghum,B,77,2023-12-23,Moderate potential,"Drier plateau and Bugesera. Banana, sorghum, cassava, maize; cattle important.",RAB; OFRA Rwanda; IFAD
Rwanda,Eastern,Kirehe,Alluvial,alluvial,48,Agricultural,1418,670.0,117.0,20.2,45.5,5.66,tomato,C,94,2024-09-26,High potential,"Drier plateau and Bugesera. Banana, sorghum, cassava, maize; cattle important.",RAB; FAO ECOCROP
Rwanda,Eastern,Kirehe,Clayey,clayey,40,Agricultural,1203,858.0,287.0,23.0,60.9,5.9,groundnut,A,76,2024-07-17,Moderate potential,"Drier plateau and Bugesera. Banana, sorghum, cassava, maize; cattle important.",RAB; FAO ECOCROP; IFAD
Rwanda,Eastern,Kirehe,Clayey,clayey,68,Marshland,1392,842.0,358.0,21.2,75.3,6.09,maize,B,98,2023-10-23,High potential,"Drier plateau and Bugesera. Banana, sorghum, cassava, maize; cattle important.",RAB CIP; OFRA Rwanda; FAO ECOCROP
Rwanda,Eastern,Bugesera,Loamy,loamy,40,Agricultural,1549,880.0,332.0,22.3,71.5,6.95,maize,A,98,2025-02-17,High potential,"Drier plateau and Bugesera. Banana, sorghum, cassava, maize; cattle important.",RAB CIP; OFRA Rwanda; FAO ECOCROP
Rwanda,Eastern,Bugesera,Sandy,sandy,69,Agricultural,1529,833.0,377.0,23.0,71.2,6.69,rice,B,73,2025-06-05,Moderate potential,"Drier plateau and Bugesera. Banana, sorghum, cassava, maize; cattle important.",RAB; RwaSIS; OFRA Rwanda
Rwanda,Eastern,Bugesera,Clayey,clayey,42,Agricultural,1240,723.0,112.0,21.4,53.0,5.48,sweet_potato,C,72,2025-07-04,Moderate potential,"Drier plateau and Bugesera. Banana, sorghum, cassava, maize; cattle important.",RAB; CIP; FAO ECOCROP
Rwanda,Eastern,Bugesera,Clayey,clayey,71,Agricultural,1324,895.0,320.0,22.1,56.0,6.54,maize,A,98,2025-03-29,High potential,"Drier plateau and Bugesera. Banana, sorghum, cassava, maize; cattle important.",RAB CIP; OFRA Rwanda; FAO ECOCROP
Rwanda,Eastern,Bugesera,Loamy,loamy,57,Agricultural,1209,851.0,379.0,23.2,73.2,6.19,beans,B,100,2025-03-10,High potential,"Drier plateau and Bugesera. Banana, sorghum, cassava, maize; cattle important.",RAB; OFRA Rwanda; NISR
Rwanda,Eastern,Bugesera,Loamy,loamy,40,Fallow,1363,833.0,139.0,20.6,53.8,6.44,tomato,C,97,2024-12-20,High potential,"Drier plateau and Bugesera. Banana, sorghum, cassava, maize; cattle important.",RAB; FAO ECOCROP
Rwanda,Eastern,Bugesera,Loamy,loamy,72,Agricultural,1587,851.0,359.0,25.5,65.5,6.56,maize,A,98,2024-05-08,High potential,"Drier plateau and Bugesera. Banana, sorghum, cassava, maize; cattle important.",RAB CIP; OFRA Rwanda; FAO ECOCROP
Rwanda,Eastern,Bugesera,Clayey,clayey,71,Agricultural,1328,850.0,389.0,25.8,74.3,6.64,rice,B,95,2025-02-16,High potential,"Drier plateau and Bugesera. Banana, sorghum, cassava, maize; cattle important.",RAB; RwaSIS; OFRA Rwanda
Rwanda,Eastern,Bugesera,Loamy,loamy,70,Agricultural,1388,806.0,152.0,20.9,52.0,6.65,sweet_potato,C,94,2024-12-26,High potential,"Drier plateau and Bugesera. Banana, sorghum, cassava, maize; cattle important.",RAB; CIP; FAO ECOCROP
Rwanda,Eastern,Bugesera,Loamy,loamy,64,Agricultural,1530,941.0,404.0,23.1,64.3,6.04,banana,A,95,2025-06-01,High potential,"Drier plateau and Bugesera. Banana, sorghum, cassava, maize; cattle important.",RAB; FAO ECOCROP; OFRA Rwanda
Rwanda,Eastern,Bugesera,Sandy,sandy,43,Agricultural,1392,708.0,320.0,22.0,67.6,5.83,cassava,B,96,2024-07-06,High potential,"Drier plateau and Bugesera. Banana, sorghum, cassava, maize; cattle important.",RAB; IITA; IFAD crop suitability
Rwanda,Eastern,Bugesera,Sandy,sandy,52,Agricultural,1277,843.0,139.0,21.3,48.9,6.8,beans,C,72,2025-07-27,Moderate potential,"Drier plateau and Bugesera. Banana, sorghum, cassava, maize; cattle important.",RAB; OFRA Rwanda; NISR
Rwanda,Eastern,Bugesera,Sandy,sandy,69,Agricultural,1524,649.0,224.0,24.4,63.3,6.48,maize,A,97,2024-05-13,High potential,"Drier plateau and Bugesera. Banana, sorghum, cassava, maize; cattle important.",RAB CIP; OFRA Rwanda; FAO ECOCROP
Rwanda,Eastern,Bugesera,Loamy,loamy,48,Agricultural,1292,838.0,381.0,23.7,71.0,6.86,banana,B,95,2024-02-15,High potential,"Drier plateau and Bugesera. Banana, sorghum, cassava, maize; cattle important.",RAB; FAO ECOCROP; OFRA Rwanda
Rwanda,Eastern,Bugesera,Loamy,loamy,49,Agricultural,1401,758.0,139.0,22.8,55.5,6.24,beans,C,97,2025-04-15,High potential,"Drier plateau and Bugesera. Banana, sorghum, cassava, maize; cattle important.",RAB; OFRA Rwanda; NISR
Rwanda,Eastern,Bugesera,Alluvial,alluvial,63,Fallow,1440,806.0,261.0,26.5,62.7,6.47,groundnut,A,76,2023-11-10,Moderate potential,"Drier plateau and Bugesera. Banana, sorghum, cassava, maize; cattle important.",RAB; FAO ECOCROP; IFAD
Rwanda,Eastern,Bugesera,Sandy,sandy,73,Agricultural,1564,838.0,409.0,26.8,67.4,6.61,maize,B,99,2024-06-05,High potential,"Drier plateau and Bugesera. Banana, sorghum, cassava, maize; cattle important.",RAB CIP; OFRA Rwanda; FAO ECOCROP
Rwanda,Eastern,Bugesera,Alluvial,alluvial,71,Agricultural,1303,617.0,111.0,20.9,41.4,5.84,tomato,C,92,2023-11-30,High potential,"Drier plateau and Bugesera. Banana, sorghum, cassava, maize; cattle important.",RAB; FAO ECOCROP
Rwanda,Eastern,Bugesera,Loamy,loamy,57,Agricultural,1597,963.0,396.0,22.9,63.6,6.76,sorghum,A,100,2023-12-13,High potential,"Drier plateau and Bugesera. Banana, sorghum, cassava, maize; cattle important.",RAB; OFRA Rwanda; IFAD
Rwanda,Eastern,Bugesera,Clayey,clayey,69,Agricultural,1574,666.0,335.0,24.9,72.8,6.51,beans,B,99,2024-06-09,High potential,"Drier plateau and Bugesera. Banana, sorghum, cassava, maize; cattle important.",RAB; OFRA Rwanda; NISR
Rwanda,Eastern,Bugesera,Alluvial,alluvial,65,Agricultural,1546,711.0,136.0,21.3,43.0,5.67,sweet_potato,C,89,2024-08-30,High potential,"Drier plateau and Bugesera. Banana, sorghum, cassava, maize; cattle important.",RAB; CIP; FAO ECOCROP
Rwanda,Eastern,Bugesera,Clayey,clayey,56,Agricultural,1341,900.0,372.0,22.4,67.2,5.46,groundnut,A,77,2024-03-10,Moderate potential,"Drier plateau and Bugesera. Banana, sorghum, cassava, maize; cattle important.",RAB; FAO ECOCROP; IFAD
Rwanda,Eastern,Bugesera,Clayey,clayey,61,Agricultural,1498,925.0,397.0,23.5,72.1,6.04,rice,B,95,2023-11-07,High potential,"Drier plateau and Bugesera. Banana, sorghum, cassava, maize; cattle important.",RAB; RwaSIS; OFRA Rwanda
Rwanda,Eastern,Bugesera,Alluvial,alluvial,64,Agricultural,1374,893.0,152.0,20.1,56.7,5.87,sweet_potato,C,96,2024-05-24,High potential,"Drier plateau and Bugesera. Banana, sorghum, cassava, maize; cattle important.",RAB; CIP; FAO ECOCROP
Rwanda,Eastern,Bugesera,Loamy,loamy,71,Agricultural,1580,917.0,345.0,25.0,54.9,6.41,sorghum,A,99,2025-02-01,High potential,"Drier plateau and Bugesera. Banana, sorghum, cassava, maize; cattle important.",RAB; OFRA Rwanda; IFAD
Rwanda,Eastern,Bugesera,Loamy,loamy,59,Agricultural,1577,971.0,499.0,22.8,73.0,5.83,cassava,B,99,2024-02-15,High potential,"Drier plateau and Bugesera. Banana, sorghum, cassava, maize; cattle important.",RAB; IITA; IFAD crop suitability
Rwanda,Eastern,Bugesera,Clayey,clayey,50,Agricultural,1263,906.0,141.0,21.1,47.8,5.97,soybean,C,92,2024-07-29,High potential,"Drier plateau and Bugesera. Banana, sorghum, cassava, maize; cattle important.",RAB; OFRA Rwanda
Rwanda,Eastern,Bugesera,Clayey,clayey,52,Agricultural,1446,888.0,361.0,22.9,64.1,6.66,beans,A,100,2025-06-04,High potential,"Drier plateau and Bugesera. Banana, sorghum, cassava, maize; cattle important.",RAB; OFRA Rwanda; NISR
Rwanda,Eastern,Bugesera,Sandy,sandy,65,Agricultural,1557,952.0,382.0,23.7,71.2,5.61,maize,B,99,2023-12-02,High potential,"Drier plateau and Bugesera. Banana, sorghum, cassava, maize; cattle important.",RAB CIP; OFRA Rwanda; FAO ECOCROP
Rwanda,Eastern,Bugesera,Clayey,clayey,72,Agricultural,1371,767.0,124.0,21.1,47.5,7.0,rice,C,83,2025-03-03,High potential,"Drier plateau and Bugesera. Banana, sorghum, cassava, maize; cattle important.",RAB; RwaSIS; OFRA Rwanda
Rwanda,Eastern,Bugesera,Clayey,clayey,48,Agricultural,1474,638.0,263.0,23.1,62.2,5.74,sorghum,A,98,2024-08-25,High potential,"Drier plateau and Bugesera. Banana, sorghum, cassava, maize; cattle important.",RAB; OFRA Rwanda; IFAD
Rwanda,Eastern,Bugesera,Alluvial,alluvial,48,Agricultural,1521,704.0,281.0,24.4,70.9,6.43,cassava,B,74,2025-07-26,Moderate potential,"Drier plateau and Bugesera. Banana, sorghum, cassava, maize; cattle important.",RAB; IITA; IFAD crop suitability
Rwanda,Eastern,Bugesera,Clayey,clayey,69,Agricultural,1271,921.0,144.0,21.3,43.2,5.6,rice,C,81,2024-09-13,High potential,"Drier plateau and Bugesera. Banana, sorghum, cassava, maize; cattle important.",RAB; RwaSIS; OFRA Rwanda
Rwanda,Eastern,Bugesera,Alluvial,alluvial,71,Marshland,1359,941.0,407.0,24.5,56.9,5.75,maize,A,99,2024-03-24,High potential,"Drier plateau and Bugesera. Banana, sorghum, cassava, maize; cattle important.",RAB CIP; OFRA Rwanda; FAO ECOCROP
Rwanda,Eastern,Bugesera,Alluvial,alluvial,69,Agricultural,1543,907.0,361.0,24.5,75.4,6.1,beans,B,100,2023-12-31,High potential,"Drier plateau and Bugesera. Banana, sorghum, cassava, maize; cattle important.",RAB; OFRA Rwanda; NISR
Rwanda,Eastern,Bugesera,Sandy,sandy,67,Agricultural,1445,699.0,136.0,21.1,53.0,5.69,rice,C,64,2025-04-03,Moderate potential,"Drier plateau and Bugesera. Banana, sorghum, cassava, maize; cattle important.",RAB; RwaSIS; OFRA Rwanda
Rwanda,Eastern,Bugesera,Alluvial,alluvial,67,Agricultural,1328,929.0,344.0,25.5,59.3,5.83,banana,A,94,2025-05-07,High potential,"Drier plateau and Bugesera. Banana, sorghum, cassava, maize; cattle important.",RAB; FAO ECOCROP; OFRA Rwanda
Rwanda,Eastern,Bugesera,Alluvial,alluvial,55,Agricultural,1466,683.0,316.0,23.0,68.9,6.25,banana,B,94,2025-05-18,High potential,"Drier plateau and Bugesera. Banana, sorghum, cassava, maize; cattle important.",RAB; FAO ECOCROP; OFRA Rwanda
Rwanda,Eastern,Bugesera,Alluvial,alluvial,40,Agricultural,1313,815.0,152.0,20.1,51.8,6.91,rice,C,85,2024-06-25,High potential,"Drier plateau and Bugesera. Banana, sorghum, cassava, maize; cattle important.",RAB; RwaSIS; OFRA Rwanda
Rwanda,Eastern,Bugesera,Clayey,clayey,50,Agricultural,1393,976.0,349.0,24.4,63.3,6.53,sorghum,A,99,2024-04-22,High potential,"Drier plateau and Bugesera. Banana, sorghum, cassava, maize; cattle important.",RAB; OFRA Rwanda; IFAD
Rwanda,Eastern,Bugesera,Clayey,clayey,72,Agricultural,1527,966.0,440.0,23.9,79.1,5.87,sorghum,B,98,2025-01-04,High potential,"Drier plateau and Bugesera. Banana, sorghum, cassava, maize; cattle important.",RAB; OFRA Rwanda; IFAD
Rwanda,Eastern,Bugesera,Loamy,loamy,67,Agricultural,1437,927.0,159.0,22.9,54.9,6.96,rice,C,65,2025-02-04,Moderate potential,"Drier plateau and Bugesera. Banana, sorghum, cassava, maize; cattle important.",RAB; RwaSIS; OFRA Rwanda
Rwanda,Eastern,Bugesera,Alluvial,alluvial,43,Homestead,1200,839.0,293.0,24.0,65.9,6.7,maize,A,97,2025-01-04,High potential,"Drier plateau and Bugesera. Banana, sorghum, cassava, maize; cattle important.",RAB CIP; OFRA Rwanda; FAO ECOCROP
Rwanda,Eastern,Bugesera,Sandy,sandy,74,Fallow,1433,705.0,304.0,23.7,71.3,6.36,maize,B,98,2024-07-03,High potential,"Drier plateau and Bugesera. Banana, sorghum, cassava, maize; cattle important.",RAB CIP; OFRA Rwanda; FAO ECOCROP
Rwanda,Eastern,Bugesera,Loamy,loamy,67,Marshland,1470,707.0,128.0,22.4,56.0,6.54,tomato,C,97,2024-10-02,High potential,"Drier plateau and Bugesera. Banana, sorghum, cassava, maize; cattle important.",RAB; FAO ECOCROP
Rwanda,Eastern,Bugesera,Clayey,clayey,41,Agricultural,1272,630.0,243.0,22.7,59.3,6.46,groundnut,A,75,2024-01-13,Moderate potential,"Drier plateau and Bugesera. Banana, sorghum, cassava, maize; cattle important.",RAB; FAO ECOCROP; IFAD
Rwanda,Eastern,Bugesera,Alluvial,alluvial,71,Marshland,1242,961.0,444.0,25.3,70.2,6.07,sorghum,B,78,2023-10-11,Moderate potential,"Drier plateau and Bugesera. Banana, sorghum, cassava, maize; cattle important.",RAB; OFRA Rwanda; IFAD
Rwanda,Eastern,Bugesera,Loamy,loamy,72,Agricultural,1431,846.0,160.0,21.3,45.2,6.38,soybean,C,91,2023-12-30,High potential,"Drier plateau and Bugesera. Banana, sorghum, cassava, maize; cattle important.",RAB; OFRA Rwanda
Rwanda,Eastern,Bugesera,Clayey,clayey,69,Agricultural,1302,945.0,359.0,25.7,61.0,5.88,sorghum,A,99,2023-10-07,High potential,"Drier plateau and Bugesera. Banana, sorghum, cassava, maize; cattle important.",RAB; OFRA Rwanda; IFAD
Rwanda,Eastern,Bugesera,Loamy,loamy,48,Agricultural,1521,730.0,314.0,24.6,73.3,6.05,banana,B,94,2024-06-09,High potential,"Drier plateau and Bugesera. Banana, sorghum, cassava, maize; cattle important.",RAB; FAO ECOCROP; OFRA Rwanda
Rwanda,Eastern,Bugesera,Loamy,loamy,42,Agricultural,1519,712.0,120.0,21.9,49.4,6.38,tomato,C,96,2025-06-25,High potential,"Drier plateau and Bugesera. Banana, sorghum, cassava, maize; cattle important.",RAB; FAO ECOCROP
Rwanda,Eastern,Bugesera,Loamy,loamy,49,Agricultural,1234,645.0,218.0,22.0,66.2,7.0,sorghum,A,98,2025-05-27,High potential,"Drier plateau and Bugesera. Banana, sorghum, cassava, maize; cattle important.",RAB; OFRA Rwanda; IFAD
Rwanda,Eastern,Bugesera,Sandy,sandy,68,Agricultural,1462,655.0,288.0,24.3,72.7,5.98,rice,B,72,2023-11-29,Moderate potential,"Drier plateau and Bugesera. Banana, sorghum, cassava, maize; cattle important.",RAB; RwaSIS; OFRA Rwanda
Rwanda,Eastern,Bugesera,Clayey,clayey,40,Agricultural,1324,653.0,98.0,21.1,52.8,5.77,tomato,C,74,2024-08-05,Moderate potential,"Drier plateau and Bugesera. Banana, sorghum, cassava, maize; cattle important.",RAB; FAO ECOCROP
Rwanda,Eastern,Bugesera,Clayey,clayey,72,Agricultural,1573,841.0,296.0,22.5,63.2,6.69,sorghum,A,99,2025-02-06,High potential,"Drier plateau and Bugesera. Banana, sorghum, cassava, maize; cattle important.",RAB; OFRA Rwanda; IFAD
Rwanda,Eastern,Bugesera,Clayey,clayey,62,Agricultural,1366,651.0,256.0,23.6,68.4,5.99,maize,B,97,2025-05-03,High potential,"Drier plateau and Bugesera. Banana, sorghum, cassava, maize; cattle important.",RAB CIP; OFRA Rwanda; FAO ECOCROP
Rwanda,Eastern,Bugesera,Loamy,loamy,70,Fallow,1278,894.0,148.0,21.8,50.4,6.03,tomato,C,97,2024-05-10,High potential,"Drier plateau and Bugesera. Banana, sorghum, cassava, maize; cattle important.",RAB; FAO ECOCROP
Rwanda,Eastern,Bugesera,Clayey,clayey,52,Agricultural,1383,745.0,320.0,23.0,59.0,5.52,beans,A,99,2024-02-16,High potential,"Drier plateau and Bugesera. Banana, sorghum, cassava, maize; cattle important.",RAB; OFRA Rwanda; NISR
Rwanda,Eastern,Bugesera,Sandy,sandy,44,Agricultural,1404,1001.0,467.0,23.3,67.5,6.3,beans,B,78,2025-04-24,Moderate potential,"Drier plateau and Bugesera. Banana, sorghum, cassava, maize; cattle important.",RAB; OFRA Rwanda; NISR
Rwanda,Eastern,Bugesera,Clayey,clayey,61,Agricultural,1417,654.0,112.0,20.2,49.3,6.26,beans,C,94,2024-08-23,High potential,"Drier plateau and Bugesera. Banana, sorghum, cassava, maize; cattle important.",RAB; OFRA Rwanda; NISR
Rwanda,Eastern,Bugesera,Alluvial,alluvial,51,Marshland,1507,636.0,214.0,24.9,58.1,5.82,cassava,A,73,2025-03-25,Moderate potential,"Drier plateau and Bugesera. Banana, sorghum, cassava, maize; cattle important.",RAB; IITA; IFAD crop suitability
Rwanda,Eastern,Bugesera,Clayey,clayey,71,Agricultural,1467,827.0,356.0,24.1,68.2,5.51,cassava,B,97,2024-02-25,High potential,"Drier plateau and Bugesera. Banana, sorghum, cassava, maize; cattle important.",RAB; IITA; IFAD crop suitability
Rwanda,Eastern,Bugesera,Alluvial,alluvial,50,Agricultural,1398,620.0,116.0,21.4,53.0,6.06,beans,C,95,2024-10-20,High potential,"Drier plateau and Bugesera. Banana, sorghum, cassava, maize; cattle important.",RAB; OFRA Rwanda; NISR
Rwanda,Eastern,Bugesera,Sandy,sandy,42,Fallow,1522,668.0,286.0,26.4,60.3,6.74,beans,A,76,2024-10-08,Moderate potential,"Drier plateau and Bugesera. Banana, sorghum, cassava, maize; cattle important.",RAB; OFRA Rwanda; NISR
Rwanda,Eastern,Bugesera,Alluvial,alluvial,53,Agricultural,1596,792.0,324.0,25.0,73.7,6.49,maize,B,98,2024-09-03,High potential,"Drier plateau and Bugesera. Banana, sorghum, cassava, maize; cattle important.",RAB CIP; OFRA Rwanda; FAO ECOCROP
Rwanda,Eastern,Bugesera,Sandy,sandy,50,Agricultural,1320,799.0,116.0,22.5,55.3,6.9,tomato,C,96,2025-07-14,High potential,"Drier plateau and Bugesera. Banana, sorghum, cassava, maize; cattle important.",RAB; FAO ECOCROP
Rwanda,Eastern,Bugesera,Clayey,clayey,43,Agricultural,1472,660.0,265.0,25.3,58.3,6.3,maize,A,97,2025-03-07,High potential,"Drier plateau and Bugesera. Banana, sorghum, cassava, maize; cattle important.",RAB CIP; OFRA Rwanda; FAO ECOCROP
Rwanda,Eastern,Bugesera,Loamy,loamy,45,Agricultural,1336,811.0,401.0,23.3,63.3,6.04,maize,B,99,2024-10-26,High potential,"Drier plateau and Bugesera. Banana, sorghum, cassava, maize; cattle important.",RAB CIP; OFRA Rwanda; FAO ECOCROP
Rwanda,Eastern,Bugesera,Loamy,loamy,68,Agricultural,1511,819.0,133.0,20.5,52.8,6.45,rice,C,64,2024-07-23,Moderate potential,"Drier plateau and Bugesera. Banana, sorghum, cassava, maize; cattle important.",RAB; RwaSIS; OFRA Rwanda
Rwanda,Eastern,Bugesera,Sandy,sandy,69,Agricultural,1220,757.0,298.0,25.2,64.3,6.45,groundnut,A,98,2024-06-03,High potential,"Drier plateau and Bugesera. Banana, sorghum, cassava, maize; cattle important.",RAB; FAO ECOCROP; IFAD
Rwanda,Eastern,Bugesera,Sandy,sandy,45,Agricultural,1293,963.0,498.0,24.1,67.0,6.47,banana,B,74,2024-11-17,Moderate potential,"Drier plateau and Bugesera. Banana, sorghum, cassava, maize; cattle important.",RAB; FAO ECOCROP; OFRA Rwanda
Rwanda,Eastern,Bugesera,Loamy,loamy,63,Agricultural,1321,592.0,90.0,23.5,57.4,6.06,sweet_potato,C,95,2025-05-18,High potential,"Drier plateau and Bugesera. Banana, sorghum, cassava, maize; cattle important.",RAB; CIP; FAO ECOCROP
Rwanda,Eastern,Bugesera,Sandy,sandy,73,Marshland,1464,816.0,299.0,23.5,66.4,6.09,sorghum,A,99,2023-09-22,High potential,"Drier plateau and Bugesera. Banana, sorghum, cassava, maize; cattle important.",RAB; OFRA Rwanda; IFAD
Rwanda,Eastern,Bugesera,Alluvial,alluvial,72,Agricultural,1298,697.0,316.0,23.6,61.1,5.98,cassava,B,74,2024-06-06,Moderate potential,"Drier plateau and Bugesera. Banana, sorghum, cassava, maize; cattle important.",RAB; IITA; IFAD crop suitability
Rwanda,Eastern,Bugesera,Sandy,sandy,46,Agricultural,1246,777.0,141.0,22.3,51.2,6.35,sweet_potato,C,94,2024-10-30,High potential,"Drier plateau and Bugesera. Banana, sorghum, cassava, maize; cattle important.",RAB; CIP; FAO ECOCROP
Rwanda,Eastern,Bugesera,Sandy,sandy,66,Homestead,1437,908.0,381.0,22.8,55.3,6.47,banana,A,70,2024-06-16,Moderate potential,"Drier plateau and Bugesera. Banana, sorghum, cassava, maize; cattle important.",RAB; FAO ECOCROP; OFRA Rwanda
Rwanda,Eastern,Bugesera,Alluvial,alluvial,57,Agricultural,1447,993.0,407.0,22.7,71.4,6.26,sorghum,B,78,2023-10-12,Moderate potential,"Drier plateau and Bugesera. Banana, sorghum, cassava, maize; cattle important.",RAB; OFRA Rwanda; IFAD
Rwanda,Eastern,Bugesera,Sandy,sandy,58,Fallow,1562,656.0,107.0,23.3,48.7,5.8,tomato,C,96,2024-11-13,High potential,"Drier plateau and Bugesera. Banana, sorghum, cassava, maize; cattle important.",RAB; FAO ECOCROP
Rwanda,Eastern,Bugesera,Loamy,loamy,44,Agricultural,1595,769.0,286.0,23.1,69.0,6.52,cassava,A,96,2023-10-28,High potential,"Drier plateau and Bugesera. Banana, sorghum, cassava, maize; cattle important.",RAB; IITA; IFAD crop suitability
Rwanda,Eastern,Bugesera,Clayey,clayey,68,Agricultural,1369,759.0,293.0,23.4,72.8,5.45,beans,B,98,2025-03-12,High potential,"Drier plateau and Bugesera. Banana, sorghum, cassava, maize; cattle important.",RAB; OFRA Rwanda; NISR
Rwanda,Eastern,Bugesera,Alluvial,alluvial,70,Agricultural,1528,945.0,153.0,21.5,52.7,6.64,soybean,C,94,2024-08-11,High potential,"Drier plateau and Bugesera. Banana, sorghum, cassava, maize; cattle important.",RAB; OFRA Rwanda
Rwanda,Eastern,Bugesera,Sandy,sandy,52,Agricultural,1313,901.0,385.0,24.7,67.8,5.72,maize,A,99,2025-07-09,High potential,"Drier plateau and Bugesera. Banana, sorghum, cassava, maize; cattle important.",RAB CIP; OFRA Rwanda; FAO ECOCROP
Rwanda,Eastern,Bugesera,Clayey,clayey,61,Homestead,1459,772.0,302.0,25.0,72.0,5.9,banana,B,94,2025-03-11,High potential,"Drier plateau and Bugesera. Banana, sorghum, cassava, maize; cattle important.",RAB; FAO ECOCROP; OFRA Rwanda
Rwanda,Eastern,Bugesera,Clayey,clayey,40,Agricultural,1209,841.0,131.0,19.7,55.5,6.17,rice,C,86,2025-06-03,High potential,"Drier plateau and Bugesera. Banana, sorghum, cassava, maize; cattle important.",RAB; RwaSIS; OFRA Rwanda
Rwanda,Eastern,Bugesera,Clayey,clayey,55,Agricultural,1543,685.0,231.0,23.2,55.0,6.71,banana,A,90,2024-01-26,High potential,"Drier plateau and Bugesera. Banana, sorghum, cassava, maize; cattle important.",RAB; FAO ECOCROP; OFRA Rwanda
Rwanda,Eastern,Bugesera,Sandy,sandy,61,Agricultural,1314,817.0,396.0,24.2,72.5,5.87,banana,B,73,2025-01-14,Moderate potential,"Drier plateau and Bugesera. Banana, sorghum, cassava, maize; cattle important.",RAB; FAO ECOCROP; OFRA Rwanda
Rwanda,Eastern,Bugesera,Loamy,loamy,71,Agricultural,1486,845.0,136.0,21.5,56.5,6.56,soybean,C,95,2024-07-03,High potential,"Drier plateau and Bugesera. Banana, sorghum, cassava, maize; cattle important.",RAB; OFRA Rwanda
Rwanda,Eastern,Bugesera,Sandy,sandy,55,Agricultural,1432,936.0,330.0,26.4,69.3,6.74,beans,A,76,2023-12-19,Moderate potential,"Drier plateau and Bugesera. Banana, sorghum, cassava, maize; cattle important.",RAB; OFRA Rwanda; NISR
Rwanda,Eastern,Bugesera,Clayey,clayey,72,Agricultural,1521,654.0,257.0,23.6,76.3,6.23,banana,B,93,2025-01-30,High potential,"Drier plateau and Bugesera. Banana, sorghum, cassava, maize; cattle important.",RAB; FAO ECOCROP; OFRA Rwanda
Rwanda,Eastern,Bugesera,Alluvial,alluvial,55,Marshland,1242,931.0,182.0,23.2,52.3,6.41,beans,C,96,2024-04-30,High potential,"Drier plateau and Bugesera. Banana, sorghum, cassava, maize; cattle important.",RAB; OFRA Rwanda; NISR
Rwanda,Eastern,Bugesera,Loamy,loamy,46,Agricultural,1536,935.0,380.0,22.8,53.2,5.68,banana,A,91,2024-12-09,High potential,"Drier plateau and Bugesera. Banana, sorghum, cassava, maize; cattle important.",RAB; FAO ECOCROP; OFRA Rwanda
Rwanda,Eastern,Bugesera,Sandy,sandy,45,Agricultural,1231,724.0,313.0,25.0,65.2,6.79,sorghum,B,99,2024-11-14,High potential,"Drier plateau and Bugesera. Banana, sorghum, cassava, maize; cattle important.",RAB; OFRA Rwanda; IFAD
Rwanda,Eastern,Bugesera,Clayey,clayey,46,Agricultural,1266,624.0,102.0,20.1,52.3,5.49,soybean,C,94,2023-11-21,High potential,"Drier plateau and Bugesera. Banana, sorghum, cassava, maize; cattle important.",RAB; OFRA Rwanda
Rwanda,Eastern,Bugesera,Clayey,clayey,40,Agricultural,1209,946.0,322.0,24.1,60.3,6.77,sorghum,A,99,2025-01-09,High potential,"Drier plateau and Bugesera. Banana, sorghum, cassava, maize; cattle important.",RAB; OFRA Rwanda; IFAD
Rwanda,Eastern,Bugesera,Loamy,loamy,63,Agricultural,1561,918.0,375.0,23.3,67.1,5.8,maize,B,98,2025-05-29,High potential,"Drier plateau and Bugesera. Banana, sorghum, cassava, maize; cattle important.",RAB CIP; OFRA Rwanda; FAO ECOCROP
Rwanda,Eastern,Bugesera,Loamy,loamy,74,Agricultural,1398,840.0,135.0,20.3,52.1,6.83,tomato,C,97,2023-11-09,High potential,"Drier plateau and Bugesera. Banana, sorghum, cassava, maize; cattle important.",RAB; FAO ECOCROP
Rwanda,Eastern,Bugesera,Loamy,loamy,70,Marshland,1491,725.0,269.0,25.0,58.7,6.11,maize,A,97,2025-05-02,High potential,"Drier plateau and Bugesera. Banana, sorghum, cassava, maize; cattle important.",RAB CIP; OFRA Rwanda; FAO ECOCROP
Rwanda,Eastern,Bugesera,Loamy,loamy,65,Agricultural,1330,832.0,392.0,23.3,69.4,6.38,cassava,B,97,2024-11-02,High potential,"Drier plateau and Bugesera. Banana, sorghum, cassava, maize; cattle important.",RAB; IITA; IFAD crop suitability
Rwanda,Eastern,Bugesera,Sandy,sandy,63,Agricultural,1600,639.0,95.0,21.0,56.8,5.83,rice,C,65,2025-04-04,Moderate potential,"Drier plateau and Bugesera. Banana, sorghum, cassava, maize; cattle important.",RAB; RwaSIS; OFRA Rwanda
Rwanda,Eastern,Bugesera,Sandy,sandy,65,Agricultural,1448,822.0,294.0,25.8,61.0,6.31,sorghum,A,99,2023-12-31,High potential,"Drier plateau and Bugesera. Banana, sorghum, cassava, maize; cattle important.",RAB; OFRA Rwanda; IFAD
Rwanda,Eastern,Bugesera,Sandy,sandy,70,Marshland,1416,727.0,285.0,24.5,66.2,6.5,sorghum,B,99,2025-01-22,High potential,"Drier plateau and Bugesera. Banana, sorghum, cassava, maize; cattle important.",RAB; OFRA Rwanda; IFAD
Rwanda,Eastern,Bugesera,Clayey,clayey,75,Agricultural,1485,733.0,133.0,19.9,46.5,6.93,tomato,C,73,2025-02-10,Moderate potential,"Drier plateau and Bugesera. Banana, sorghum, cassava, maize; cattle important.",RAB; FAO ECOCROP
Rwanda,Eastern,Bugesera,Clayey,clayey,44,Agricultural,1571,771.0,269.0,21.8,73.3,5.43,groundnut,A,75,2023-12-09,Moderate potential,"Drier plateau and Bugesera. Banana, sorghum, cassava, maize; cattle important.",RAB; FAO ECOCROP; IFAD
Rwanda,Eastern,Bugesera,Clayey,clayey,46,Agricultural,1592,900.0,367.0,22.2,71.8,5.75,cassava,B,97,2024-03-27,High potential,"Drier plateau and Bugesera. Banana, sorghum, cassava, maize; cattle important.",RAB; IITA; IFAD crop suitability
Rwanda,Eastern,Bugesera,Sandy,sandy,51,Marshland,1406,646.0,111.0,22.3,49.5,6.01,rice,C,62,2025-03-03,Moderate potential,"Drier plateau and Bugesera. Banana, sorghum, cassava, maize; cattle important.",RAB; RwaSIS; OFRA Rwanda
Rwanda,Eastern,Bugesera,Loamy,loamy,54,Agricultural,1446,785.0,304.0,24.4,61.9,6.34,maize,A,98,2024-12-12,High potential,"Drier plateau and Bugesera. Banana, sorghum, cassava, maize; cattle important.",RAB CIP; OFRA Rwanda; FAO ECOCROP
Rwanda,Eastern,Bugesera,Loamy,loamy,74,Agricultural,1453,890.0,396.0,24.2,64.5,5.53,sorghum,B,100,2025-06-13,High potential,"Drier plateau and Bugesera. Banana, sorghum, cassava, maize; cattle important.",RAB; OFRA Rwanda; IFAD
Rwanda,Eastern,Bugesera,Alluvial,alluvial,47,Agricultural,1562,625.0,121.0,22.1,54.8,6.96,rice,C,86,2024-02-06,High potential,"Drier plateau and Bugesera. Banana, sorghum, cassava, maize; cattle important.",RAB; RwaSIS; OFRA Rwanda
Rwanda,Eastern,Bugesera,Alluvial,alluvial,72,Fallow,1588,922.0,358.0,22.7,58.5,6.57,beans,A,99,2025-03-12,High potential,"Drier plateau and Bugesera. Banana, sorghum, cassava, maize; cattle important.",RAB; OFRA Rwanda; NISR
Rwanda,Eastern,Bugesera,Alluvial,alluvial,45,Marshland,1315,851.0,392.0,26.7,68.7,6.25,beans,B,98,2025-06-23,High potential,"Drier plateau and Bugesera. Banana, sorghum, cassava, maize; cattle important.",RAB; OFRA Rwanda; NISR
Rwanda,Kigali,Gasabo,Loamy,loamy,58,Agricultural,1721,1063.0,350.0,21.3,64.4,6.34,beans,A,99,2024-09-25,High potential,"Peri-urban mixed farms and marshland vegetables around Gasabo, Kicukiro, Nyarugenge.",RAB; OFRA Rwanda; NISR
Rwanda,Kigali,Gasabo,Alluvial,alluvial,78,Agricultural,1494,1114.0,567.0,22.8,75.9,6.2,tomato,B,100,2023-12-15,High potential,"Peri-urban mixed farms and marshland vegetables around Gasabo, Kicukiro, Nyarugenge.",RAB; FAO ECOCROP
Rwanda,Kigali,Gasabo,Loamy,loamy,74,Agricultural,1709,1123.0,174.0,17.2,55.1,5.41,tomato,C,96,2025-07-17,High potential,"Peri-urban mixed farms and marshland vegetables around Gasabo, Kicukiro, Nyarugenge.",RAB; FAO ECOCROP
Rwanda,Kigali,Gasabo,Clayey,clayey,74,Agricultural,1725,1164.0,492.0,20.0,64.8,6.09,sweet_potato,A,78,2025-07-12,Moderate potential,"Peri-urban mixed farms and marshland vegetables around Gasabo, Kicukiro, Nyarugenge.",RAB; CIP; FAO ECOCROP
Rwanda,Kigali,Gasabo,Clayey,clayey,59,Agricultural,1793,1213.0,536.0,22.6,72.4,6.14,maize,B,100,2024-10-26,High potential,"Peri-urban mixed farms and marshland vegetables around Gasabo, Kicukiro, Nyarugenge.",RAB CIP; OFRA Rwanda; FAO ECOCROP
Rwanda,Kigali,Gasabo,Loamy,loamy,74,Agricultural,1492,1059.0,205.0,17.1,54.5,5.93,beans,C,97,2025-07-19,High potential,"Peri-urban mixed farms and marshland vegetables around Gasabo, Kicukiro, Nyarugenge.",RAB; OFRA Rwanda; NISR
Rwanda,Kigali,Gasabo,Alluvial,alluvial,53,Agricultural,1783,1208.0,432.0,21.2,70.5,5.33,maize,A,98,2025-07-18,High potential,"Peri-urban mixed farms and marshland vegetables around Gasabo, Kicukiro, Nyarugenge.",RAB CIP; OFRA Rwanda; FAO ECOCROP
Rwanda,Kigali,Gasabo,Alluvial,alluvial,78,Agricultural,1463,1165.0,476.0,23.4,71.2,6.07,banana,B,96,2024-05-16,High potential,"Peri-urban mixed farms and marshland vegetables around Gasabo, Kicukiro, Nyarugenge.",RAB; FAO ECOCROP; OFRA Rwanda
Rwanda,Kigali,Gasabo,Clayey,clayey,77,Agricultural,1793,971.0,159.0,19.1,58.0,6.7,rice,C,86,2024-04-14,High potential,"Peri-urban mixed farms and marshland vegetables around Gasabo, Kicukiro, Nyarugenge.",RAB; RwaSIS; OFRA Rwanda
Rwanda,Kigali,Gasabo,Clayey,clayey,49,Agricultural,1509,1051.0,384.0,19.9,61.0,6.48,beans,A,100,2024-03-26,High potential,"Peri-urban mixed farms and marshland vegetables around Gasabo, Kicukiro, Nyarugenge.",RAB; OFRA Rwanda; NISR
Rwanda,Kigali,Gasabo,Clayey,clayey,61,Agricultural,1800,1149.0,529.0,21.4,73.5,5.93,beans,B,100,2023-12-21,High potential,"Peri-urban mixed farms and marshland vegetables around Gasabo, Kicukiro, Nyarugenge.",RAB; OFRA Rwanda; NISR
Rwanda,Kigali,Gasabo,Clayey,clayey,52,Agricultural,1774,903.0,157.0,18.9,54.0,5.45,soybean,C,95,2025-07-31,High potential,"Peri-urban mixed farms and marshland vegetables around Gasabo, Kicukiro, Nyarugenge.",RAB; OFRA Rwanda
Rwanda,Kigali,Gasabo,Alluvial,alluvial,67,Agricultural,1693,944.0,380.0,22.2,70.6,6.41,maize,A,98,2024-08-16,High potential,"Peri-urban mixed farms and marshland vegetables around Gasabo, Kicukiro, Nyarugenge.",RAB CIP; OFRA Rwanda; FAO ECOCROP
Rwanda,Kigali,Gasabo,Clayey,clayey,71,Agricultural,1651,1207.0,548.0,22.7,72.5,6.18,beans,B,100,2023-11-15,High potential,"Peri-urban mixed farms and marshland vegetables around Gasabo, Kicukiro, Nyarugenge.",RAB; OFRA Rwanda; NISR
Rwanda,Kigali,Gasabo,Alluvial,alluvial,55,Agricultural,1444,840.0,141.0,19.6,54.8,6.25,beans,C,97,2024-03-29,High potential,"Peri-urban mixed farms and marshland vegetables around Gasabo, Kicukiro, Nyarugenge.",RAB; OFRA Rwanda; NISR
Rwanda,Kigali,Gasabo,Loamy,loamy,49,Homestead,1832,948.0,354.0,21.3,79.0,5.38,tomato,A,98,2024-05-01,High potential,"Peri-urban mixed farms and marshland vegetables around Gasabo, Kicukiro, Nyarugenge.",RAB; FAO ECOCROP
Rwanda,Kigali,Gasabo,Alluvial,alluvial,68,Homestead,1443,1052.0,508.0,21.4,74.3,6.19,beans,B,100,2024-11-03,High potential,"Peri-urban mixed farms and marshland vegetables around Gasabo, Kicukiro, Nyarugenge.",RAB; OFRA Rwanda; NISR
Rwanda,Kigali,Gasabo,Loamy,loamy,53,Agricultural,1397,1018.0,158.0,18.6,59.5,6.27,sweet_potato,C,96,2024-12-18,High potential,"Peri-urban mixed farms and marshland vegetables around Gasabo, Kicukiro, Nyarugenge.",RAB; CIP; FAO ECOCROP
Rwanda,Kigali,Gasabo,Loamy,loamy,66,Agricultural,1714,1150.0,449.0,21.3,74.1,6.67,banana,A,96,2025-07-15,High potential,"Peri-urban mixed farms and marshland vegetables around Gasabo, Kicukiro, Nyarugenge.",RAB; FAO ECOCROP; OFRA Rwanda
Rwanda,Kigali,Gasabo,Loamy,loamy,50,Agricultural,1551,1227.0,545.0,20.7,75.1,5.42,banana,B,96,2024-06-05,High potential,"Peri-urban mixed farms and marshland vegetables around Gasabo, Kicukiro, Nyarugenge.",RAB; FAO ECOCROP; OFRA Rwanda
Rwanda,Kigali,Gasabo,Alluvial,alluvial,74,Agricultural,1726,943.0,153.0,16.7,54.5,6.77,tomato,C,97,2024-08-16,High potential,"Peri-urban mixed farms and marshland vegetables around Gasabo, Kicukiro, Nyarugenge.",RAB; FAO ECOCROP
Rwanda,Kigali,Gasabo,Clayey,clayey,45,Agricultural,1605,914.0,369.0,22.7,63.4,5.33,sweet_potato,A,76,2024-11-21,Moderate potential,"Peri-urban mixed farms and marshland vegetables around Gasabo, Kicukiro, Nyarugenge.",RAB; CIP; FAO ECOCROP
Rwanda,Kigali,Gasabo,Clayey,clayey,65,Agricultural,1663,975.0,408.0,21.1,76.1,6.19,cassava,B,98,2023-09-18,High potential,"Peri-urban mixed farms and marshland vegetables around Gasabo, Kicukiro, Nyarugenge.",RAB; IITA; IFAD crop suitability
Rwanda,Kigali,Gasabo,Loamy,loamy,60,Agricultural,1383,982.0,157.0,17.4,51.5,6.06,sweet_potato,C,94,2024-12-30,High potential,"Peri-urban mixed farms and marshland vegetables around Gasabo, Kicukiro, Nyarugenge.",RAB; CIP; FAO ECOCROP
Rwanda,Kigali,Gasabo,Loamy,loamy,55,Agricultural,1513,1116.0,403.0,22.5,71.4,5.65,tomato,A,100,2023-10-16,High potential,"Peri-urban mixed farms and marshland vegetables around Gasabo, Kicukiro, Nyarugenge.",RAB; FAO ECOCROP
Rwanda,Kigali,Gasabo,Alluvial,alluvial,58,Agricultural,1443,933.0,388.0,21.0,74.4,6.53,banana,B,95,2024-03-11,High potential,"Peri-urban mixed farms and marshland vegetables around Gasabo, Kicukiro, Nyarugenge.",RAB; FAO ECOCROP; OFRA Rwanda
Rwanda,Kigali,Gasabo,Loamy,loamy,47,Agricultural,1847,953.0,167.0,18.2,52.3,6.37,sweet_potato,C,94,2025-05-10,High potential,"Peri-urban mixed farms and marshland vegetables around Gasabo, Kicukiro, Nyarugenge.",RAB; CIP; FAO ECOCROP
Rwanda,Kigali,Gasabo,Clayey,clayey,49,Agricultural,1805,960.0,360.0,19.3,67.4,6.1,banana,A,94,2024-01-30,High potential,"Peri-urban mixed farms and marshland vegetables around Gasabo, Kicukiro, Nyarugenge.",RAB; FAO ECOCROP; OFRA Rwanda
Rwanda,Kigali,Gasabo,Loamy,loamy,55,Fallow,1565,1214.0,537.0,24.2,65.9,6.63,cassava,B,99,2024-10-27,High potential,"Peri-urban mixed farms and marshland vegetables around Gasabo, Kicukiro, Nyarugenge.",RAB; IITA; IFAD crop suitability
Rwanda,Kigali,Gasabo,Loamy,loamy,69,Agricultural,1840,1016.0,159.0,20.4,58.4,5.62,beans,C,97,2023-11-22,High potential,"Peri-urban mixed farms and marshland vegetables around Gasabo, Kicukiro, Nyarugenge.",RAB; OFRA Rwanda; NISR
Rwanda,Kigali,Gasabo,Loamy,loamy,78,Agricultural,1718,957.0,399.0,22.0,67.6,5.35,tomato,A,99,2024-11-07,High potential,"Peri-urban mixed farms and marshland vegetables around Gasabo, Kicukiro, Nyarugenge.",RAB; FAO ECOCROP
Rwanda,Kigali,Gasabo,Loamy,loamy,60,Marshland,1417,1142.0,467.0,21.2,70.7,6.52,beans,B,100,2023-12-25,High potential,"Peri-urban mixed farms and marshland vegetables around Gasabo, Kicukiro, Nyarugenge.",RAB; OFRA Rwanda; NISR
Rwanda,Kigali,Gasabo,Loamy,loamy,76,Agricultural,1823,979.0,190.0,19.2,50.2,5.71,sweet_potato,C,94,2025-02-26,High potential,"Peri-urban mixed farms and marshland vegetables around Gasabo, Kicukiro, Nyarugenge.",RAB; CIP; FAO ECOCROP
Rwanda,Kigali,Gasabo,Loamy,loamy,63,Agricultural,1433,1150.0,433.0,21.7,56.7,6.56,maize,A,99,2025-03-22,High potential,"Peri-urban mixed farms and marshland vegetables around Gasabo, Kicukiro, Nyarugenge.",RAB CIP; OFRA Rwanda; FAO ECOCROP
Rwanda,Kigali,Gasabo,Loamy,loamy,56,Agricultural,1638,1099.0,551.0,20.7,74.9,6.26,beans,B,100,2024-04-09,High potential,"Peri-urban mixed farms and marshland vegetables around Gasabo, Kicukiro, Nyarugenge.",RAB; OFRA Rwanda; NISR
Rwanda,Kigali,Gasabo,Loamy,loamy,59,Agricultural,1706,1090.0,175.0,19.3,58.1,6.79,beans,C,97,2024-05-08,High potential,"Peri-urban mixed farms and marshland vegetables around Gasabo, Kicukiro, Nyarugenge.",RAB; OFRA Rwanda; NISR
Rwanda,Kigali,Gasabo,Alluvial,alluvial,56,Agricultural,1783,1097.0,385.0,20.5,65.2,5.83,tomato,A,100,2023-09-14,High potential,"Peri-urban mixed farms and marshland vegetables around Gasabo, Kicukiro, Nyarugenge.",RAB; FAO ECOCROP
Rwanda,Kigali,Gasabo,Alluvial,alluvial,50,Marshland,1560,1216.0,493.0,21.2,70.8,5.24,cassava,B,77,2023-11-29,Moderate potential,"Peri-urban mixed farms and marshland vegetables around Gasabo, Kicukiro, Nyarugenge.",RAB; IITA; IFAD crop suitability
Rwanda,Kigali,Gasabo,Loamy,loamy,71,Homestead,1495,1075.0,205.0,19.2,56.3,5.94,soybean,C,96,2024-02-13,High potential,"Peri-urban mixed farms and marshland vegetables around Gasabo, Kicukiro, Nyarugenge.",RAB; OFRA Rwanda
Rwanda,Kigali,Gasabo,Alluvial,alluvial,78,Marshland,1757,964.0,354.0,19.2,64.8,6.6,maize,A,98,2025-04-08,High potential,"Peri-urban mixed farms and marshland vegetables around Gasabo, Kicukiro, Nyarugenge.",RAB CIP; OFRA Rwanda; FAO ECOCROP
Rwanda,Kigali,Gasabo,Clayey,clayey,66,Marshland,1480,1038.0,497.0,19.4,74.6,6.03,tomato,B,78,2024-12-20,Moderate potential,"Peri-urban mixed farms and marshland vegetables around Gasabo, Kicukiro, Nyarugenge.",RAB; FAO ECOCROP
Rwanda,Kigali,Gasabo,Alluvial,alluvial,57,Agricultural,1741,959.0,184.0,20.2,58.6,6.38,sweet_potato,C,96,2023-09-22,High potential,"Peri-urban mixed farms and marshland vegetables around Gasabo, Kicukiro, Nyarugenge.",RAB; CIP; FAO ECOCROP
Rwanda,Kigali,Gasabo,Alluvial,alluvial,56,Agricultural,1830,946.0,392.0,21.9,67.6,5.98,maize,A,99,2023-12-03,High potential,"Peri-urban mixed farms and marshland vegetables around Gasabo, Kicukiro, Nyarugenge.",RAB CIP; OFRA Rwanda; FAO ECOCROP
Rwanda,Kigali,Gasabo,Clayey,clayey,46,Agricultural,1753,1038.0,525.0,19.9,80.1,6.44,tomato,B,78,2024-10-23,Moderate potential,"Peri-urban mixed farms and marshland vegetables around Gasabo, Kicukiro, Nyarugenge.",RAB; FAO ECOCROP
Rwanda,Kigali,Gasabo,Alluvial,alluvial,77,Agricultural,1541,964.0,179.0,20.0,56.2,6.55,sweet_potato,C,96,2024-10-05,High potential,"Peri-urban mixed farms and marshland vegetables around Gasabo, Kicukiro, Nyarugenge.",RAB; CIP; FAO ECOCROP
Rwanda,Kigali,Gasabo,Loamy,loamy,50,Agricultural,1465,1040.0,349.0,19.6,68.2,5.42,beans,A,99,2025-01-09,High potential,"Peri-urban mixed farms and marshland vegetables around Gasabo, Kicukiro, Nyarugenge.",RAB; OFRA Rwanda; NISR
Rwanda,Kigali,Gasabo,Loamy,loamy,62,Agricultural,1759,1160.0,495.0,19.7,68.8,6.63,banana,B,96,2025-07-01,High potential,"Peri-urban mixed farms and marshland vegetables around Gasabo, Kicukiro, Nyarugenge.",RAB; FAO ECOCROP; OFRA Rwanda
Rwanda,Kigali,Gasabo,Alluvial,alluvial,54,Agricultural,1389,924.0,134.0,16.1,57.8,5.57,rice,C,78,2023-12-16,Moderate potential,"Peri-urban mixed farms and marshland vegetables around Gasabo, Kicukiro, Nyarugenge.",RAB; RwaSIS; OFRA Rwanda
Rwanda,Kigali,Gasabo,Alluvial,alluvial,60,Agricultural,1726,979.0,411.0,21.6,71.1,5.48,tomato,A,100,2024-11-13,High potential,"Peri-urban mixed farms and marshland vegetables around Gasabo, Kicukiro, Nyarugenge.",RAB; FAO ECOCROP
Rwanda,Kigali,Gasabo,Alluvial,alluvial,54,Agricultural,1699,1062.0,549.0,19.9,76.3,5.97,cassava,B,77,2023-12-15,Moderate potential,"Peri-urban mixed farms and marshland vegetables around Gasabo, Kicukiro, Nyarugenge.",RAB; IITA; IFAD crop suitability
Rwanda,Kigali,Gasabo,Clayey,clayey,72,Agricultural,1671,910.0,164.0,18.6,52.1,5.6,beans,C,96,2024-11-07,High potential,"Peri-urban mixed farms and marshland vegetables around Gasabo, Kicukiro, Nyarugenge.",RAB; OFRA Rwanda; NISR
Rwanda,Kigali,Gasabo,Loamy,loamy,63,Agricultural,1696,1046.0,424.0,20.2,72.6,5.98,banana,A,95,2024-12-07,High potential,"Peri-urban mixed farms and marshland vegetables around Gasabo, Kicukiro, Nyarugenge.",RAB; FAO ECOCROP; OFRA Rwanda
Rwanda,Kigali,Gasabo,Loamy,loamy,45,Agricultural,1548,957.0,367.0,18.8,79.0,5.82,tomato,B,100,2025-04-17,High potential,"Peri-urban mixed farms and marshland vegetables around Gasabo, Kicukiro, Nyarugenge.",RAB; FAO ECOCROP
Rwanda,Kigali,Gasabo,Clayey,clayey,74,Homestead,1435,865.0,138.0,17.1,58.6,5.31,sweet_potato,C,73,2025-04-15,Moderate potential,"Peri-urban mixed farms and marshland vegetables around Gasabo, Kicukiro, Nyarugenge.",RAB; CIP; FAO ECOCROP
Rwanda,Kigali,Gasabo,Loamy,loamy,61,Agricultural,1702,1042.0,354.0,20.6,63.9,6.73,beans,A,99,2023-09-03,High potential,"Peri-urban mixed farms and marshland vegetables around Gasabo, Kicukiro, Nyarugenge.",RAB; OFRA Rwanda; NISR
Rwanda,Kigali,Gasabo,Alluvial,alluvial,72,Homestead,1681,1238.0,631.0,21.9,76.6,6.21,beans,B,100,2025-01-28,High potential,"Peri-urban mixed farms and marshland vegetables around Gasabo, Kicukiro, Nyarugenge.",RAB; OFRA Rwanda; NISR
Rwanda,Kigali,Gasabo,Alluvial,alluvial,62,Agricultural,1628,970.0,173.0,18.1,47.3,6.0,beans,C,93,2024-02-05,High potential,"Peri-urban mixed farms and marshland vegetables around Gasabo, Kicukiro, Nyarugenge.",RAB; OFRA Rwanda; NISR
Rwanda,Kigali,Gasabo,Alluvial,alluvial,51,Agricultural,1583,1098.0,422.0,20.9,63.3,5.55,maize,A,99,2024-03-15,High potential,"Peri-urban mixed farms and marshland vegetables around Gasabo, Kicukiro, Nyarugenge.",RAB CIP; OFRA Rwanda; FAO ECOCROP
Rwanda,Kigali,Gasabo,Alluvial,alluvial,63,Agricultural,1582,957.0,420.0,22.2,73.3,5.99,tomato,B,100,2025-04-03,High potential,"Peri-urban mixed farms and marshland vegetables around Gasabo, Kicukiro, Nyarugenge.",RAB; FAO ECOCROP
Rwanda,Kigali,Gasabo,Loamy,loamy,75,Agricultural,1639,1111.0,165.0,18.2,51.8,5.45,beans,C,95,2025-01-13,High potential,"Peri-urban mixed farms and marshland vegetables around Gasabo, Kicukiro, Nyarugenge.",RAB; OFRA Rwanda; NISR
Rwanda,Kigali,Gasabo,Loamy,loamy,60,Agricultural,1611,1029.0,385.0,22.2,67.0,5.8,tomato,A,100,2025-07-17,High potential,"Peri-urban mixed farms and marshland vegetables around Gasabo, Kicukiro, Nyarugenge.",RAB; FAO ECOCROP
Rwanda,Kigali,Gasabo,Alluvial,alluvial,65,Marshland,1638,1102.0,528.0,21.6,70.1,5.92,cassava,B,77,2024-10-12,Moderate potential,"Peri-urban mixed farms and marshland vegetables around Gasabo, Kicukiro, Nyarugenge.",RAB; IITA; IFAD crop suitability
Rwanda,Kigali,Gasabo,Loamy,loamy,65,Marshland,1620,959.0,153.0,19.5,56.3,5.87,tomato,C,97,2024-11-16,High potential,"Peri-urban mixed farms and marshland vegetables around Gasabo, Kicukiro, Nyarugenge.",RAB; FAO ECOCROP
Rwanda,Kigali,Gasabo,Alluvial,alluvial,62,Agricultural,1498,927.0,362.0,21.1,65.8,5.27,tomato,A,98,2024-04-03,High potential,"Peri-urban mixed farms and marshland vegetables around Gasabo, Kicukiro, Nyarugenge.",RAB; FAO ECOCROP
Rwanda,Kigali,Gasabo,Alluvial,alluvial,56,Agricultural,1623,942.0,391.0,21.2,79.4,5.8,maize,B,99,2024-12-17,High potential,"Peri-urban mixed farms and marshland vegetables around Gasabo, Kicukiro, Nyarugenge.",RAB CIP; OFRA Rwanda; FAO ECOCROP
Rwanda,Kigali,Gasabo,Clayey,clayey,51,Marshland,1541,917.0,153.0,19.4,55.4,5.6,tomato,C,75,2024-05-16,Moderate potential,"Peri-urban mixed farms and marshland vegetables around Gasabo, Kicukiro, Nyarugenge.",RAB; FAO ECOCROP
Rwanda,Kigali,Gasabo,Loamy,loamy,50,Agricultural,1592,920.0,392.0,21.2,58.8,6.32,banana,A,94,2025-03-13,High potential,"Peri-urban mixed farms and marshland vegetables around Gasabo, Kicukiro, Nyarugenge.",RAB; FAO ECOCROP; OFRA Rwanda
Rwanda,Kigali,Gasabo,Alluvial,alluvial,58,Agricultural,1656,1152.0,559.0,20.5,77.6,5.35,maize,B,99,2024-01-20,High potential,"Peri-urban mixed farms and marshland vegetables around Gasabo, Kicukiro, Nyarugenge.",RAB CIP; OFRA Rwanda; FAO ECOCROP
Rwanda,Kigali,Gasabo,Clayey,clayey,61,Agricultural,1475,943.0,141.0,19.4,55.7,5.31,rice,C,84,2024-10-08,High potential,"Peri-urban mixed farms and marshland vegetables around Gasabo, Kicukiro, Nyarugenge.",RAB; RwaSIS; OFRA Rwanda
Rwanda,Kigali,Gasabo,Loamy,loamy,51,Agricultural,1709,1193.0,387.0,21.3,68.9,6.33,beans,A,100,2024-12-05,High potential,"Peri-urban mixed farms and marshland vegetables around Gasabo, Kicukiro, Nyarugenge.",RAB; OFRA Rwanda; NISR
Rwanda,Kigali,Gasabo,Alluvial,alluvial,66,Fallow,1604,985.0,464.0,21.0,70.9,6.65,cassava,B,76,2024-11-27,Moderate potential,"Peri-urban mixed farms and marshland vegetables around Gasabo, Kicukiro, Nyarugenge.",RAB; IITA; IFAD crop suitability
Rwanda,Kigali,Gasabo,Alluvial,alluvial,68,Agricultural,1754,1043.0,153.0,17.9,60.7,6.69,soybean,C,95,2025-03-30,High potential,"Peri-urban mixed farms and marshland vegetables around Gasabo, Kicukiro, Nyarugenge.",RAB; OFRA Rwanda
Rwanda,Kigali,Gasabo,Clayey,clayey,64,Agricultural,1697,987.0,394.0,20.2,68.1,6.6,sweet_potato,A,77,2024-06-15,Moderate potential,"Peri-urban mixed farms and marshland vegetables around Gasabo, Kicukiro, Nyarugenge.",RAB; CIP; FAO ECOCROP
Rwanda,Kigali,Gasabo,Loamy,loamy,74,Agricultural,1528,1142.0,461.0,20.6,72.8,6.19,tomato,B,100,2025-01-01,High potential,"Peri-urban mixed farms and marshland vegetables around Gasabo, Kicukiro, Nyarugenge.",RAB; FAO ECOCROP
Rwanda,Kigali,Gasabo,Alluvial,alluvial,49,Agricultural,1610,837.0,148.0,20.0,57.7,6.5,beans,C,97,2024-07-31,High potential,"Peri-urban mixed farms and marshland vegetables around Gasabo, Kicukiro, Nyarugenge.",RAB; OFRA Rwanda; NISR
Rwanda,Kigali,Gasabo,Clayey,clayey,52,Agricultural,1520,941.0,358.0,20.8,73.1,6.59,maize,A,98,2024-07-04,High potential,"Peri-urban mixed farms and marshland vegetables around Gasabo, Kicukiro, Nyarugenge.",RAB CIP; OFRA Rwanda; FAO ECOCROP
Rwanda,Kigali,Gasabo,Loamy,loamy,76,Agricultural,1712,989.0,424.0,20.7,81.2,6.63,banana,B,95,2025-07-01,High potential,"Peri-urban mixed farms and marshland vegetables around Gasabo, Kicukiro, Nyarugenge.",RAB; FAO ECOCROP; OFRA Rwanda
Rwanda,Kigali,Gasabo,Alluvial,alluvial,66,Agricultural,1387,1094.0,160.0,19.1,54.7,5.8,sweet_potato,C,96,2025-06-16,High potential,"Peri-urban mixed farms and marshland vegetables around Gasabo, Kicukiro, Nyarugenge.",RAB; CIP; FAO ECOCROP
Rwanda,Kigali,Gasabo,Clayey,clayey,69,Agricultural,1641,1120.0,376.0,21.5,71.5,5.55,tomato,A,78,2024-05-29,Moderate potential,"Peri-urban mixed farms and marshland vegetables around Gasabo, Kicukiro, Nyarugenge.",RAB; FAO ECOCROP
Rwanda,Kigali,Gasabo,Alluvial,alluvial,60,Agricultural,1563,1031.0,517.0,21.9,72.3,5.72,beans,B,100,2025-04-30,High potential,"Peri-urban mixed farms and marshland vegetables around Gasabo, Kicukiro, Nyarugenge.",RAB; OFRA Rwanda; NISR
Rwanda,Kigali,Gasabo,Alluvial,alluvial,48,Agricultural,1680,960.0,165.0,17.4,49.6,5.84,tomato,C,97,2024-08-25,High potential,"Peri-urban mixed farms and marshland vegetables around Gasabo, Kicukiro, Nyarugenge.",RAB; FAO ECOCROP
Rwanda,Kigali,Gasabo,Alluvial,alluvial,77,Agricultural,1594,1151.0,445.0,19.9,67.7,6.7,sweet_potato,A,99,2024-08-24,High potential,"Peri-urban mixed farms and marshland vegetables around Gasabo, Kicukiro, Nyarugenge.",RAB; CIP; FAO ECOCROP
Rwanda,Kigali,Gasabo,Loamy,loamy,52,Agricultural,1548,1189.0,514.0,18.0,74.3,5.87,beans,B,100,2024-05-20,High potential,"Peri-urban mixed farms and marshland vegetables around Gasabo, Kicukiro, Nyarugenge.",RAB; OFRA Rwanda; NISR
Rwanda,Kigali,Gasabo,Alluvial,alluvial,56,Agricultural,1503,1036.0,199.0,19.8,52.9,5.51,rice,C,86,2024-01-11,High potential,"Peri-urban mixed farms and marshland vegetables around Gasabo, Kicukiro, Nyarugenge.",RAB; RwaSIS; OFRA Rwanda
Rwanda,Kigali,Gasabo,Loamy,loamy,48,Agricultural,1383,1045.0,360.0,21.5,72.1,5.83,maize,A,98,2024-03-13,High potential,"Peri-urban mixed farms and marshland vegetables around Gasabo, Kicukiro, Nyarugenge.",RAB CIP; OFRA Rwanda; FAO ECOCROP
Rwanda,Kigali,Gasabo,Clayey,clayey,48,Agricultural,1807,1023.0,504.0,19.7,73.0,6.0,maize,B,100,2023-12-03,High potential,"Peri-urban mixed farms and marshland vegetables around Gasabo, Kicukiro, Nyarugenge.",RAB CIP; OFRA Rwanda; FAO ECOCROP
Rwanda,Kigali,Gasabo,Clayey,clayey,63,Agricultural,1439,955.0,173.0,18.9,56.0,6.11,rice,C,85,2025-07-05,High potential,"Peri-urban mixed farms and marshland vegetables around Gasabo, Kicukiro, Nyarugenge.",RAB; RwaSIS; OFRA Rwanda
Rwanda,Kigali,Gasabo,Clayey,clayey,75,Agricultural,1540,987.0,364.0,20.0,69.1,6.49,beans,A,100,2023-12-01,High potential,"Peri-urban mixed farms and marshland vegetables around Gasabo, Kicukiro, Nyarugenge.",RAB; OFRA Rwanda; NISR
Rwanda,Kigali,Gasabo,Loamy,loamy,54,Agricultural,1625,1174.0,537.0,21.9,71.3,5.6,cassava,B,99,2025-01-04,High potential,"Peri-urban mixed farms and marshland vegetables around Gasabo, Kicukiro, Nyarugenge.",RAB; IITA; IFAD crop suitability
Rwanda,Kigali,Gasabo,Clayey,clayey,77,Agricultural,1698,1075.0,207.0,17.6,57.1,5.88,rice,C,83,2023-12-19,High potential,"Peri-urban mixed farms and marshland vegetables around Gasabo, Kicukiro, Nyarugenge.",RAB; RwaSIS; OFRA Rwanda
Rwanda,Kigali,Gasabo,Clayey,clayey,70,Agricultural,1570,1079.0,363.0,19.8,69.2,5.93,maize,A,98,2024-07-27,High potential,"Peri-urban mixed farms and marshland vegetables around Gasabo, Kicukiro, Nyarugenge.",RAB CIP; OFRA Rwanda; FAO ECOCROP
Rwanda,Kigali,Gasabo,Loamy,loamy,57,Agricultural,1593,1029.0,396.0,23.1,83.9,6.3,beans,B,100,2024-12-06,High potential,"Peri-urban mixed farms and marshland vegetables around Gasabo, Kicukiro, Nyarugenge.",RAB; OFRA Rwanda; NISR
Rwanda,Kigali,Gasabo,Alluvial,alluvial,67,Agricultural,1622,994.0,164.0,19.0,56.1,5.58,soybean,C,96,2024-03-19,High potential,"Peri-urban mixed farms and marshland vegetables around Gasabo, Kicukiro, Nyarugenge.",RAB; OFRA Rwanda
Rwanda,Kigali,Gasabo,Loamy,loamy,72,Agricultural,1657,1118.0,402.0,21.5,62.6,6.61,tomato,A,100,2023-12-10,High potential,"Peri-urban mixed farms and marshland vegetables around Gasabo, Kicukiro, Nyarugenge.",RAB; FAO ECOCROP
Rwanda,Kigali,Gasabo,Alluvial,alluvial,47,Agricultural,1521,1067.0,503.0,19.8,73.6,5.25,banana,B,94,2025-07-13,High potential,"Peri-urban mixed farms and marshland vegetables around Gasabo, Kicukiro, Nyarugenge.",RAB; FAO ECOCROP; OFRA Rwanda
Rwanda,Kigali,Gasabo,Alluvial,alluvial,77,Agricultural,1560,902.0,150.0,21.0,51.7,5.68,sweet_potato,C,94,2024-12-02,High potential,"Peri-urban mixed farms and marshland vegetables around Gasabo, Kicukiro, Nyarugenge.",RAB; CIP; FAO ECOCROP
Rwanda,Kigali,Gasabo,Alluvial,alluvial,65,Agricultural,1640,1087.0,383.0,19.9,67.4,6.28,tomato,A,100,2024-01-17,High potential,"Peri-urban mixed farms and marshland vegetables around Gasabo, Kicukiro, Nyarugenge.",RAB; FAO ECOCROP
Rwanda,Kigali,Gasabo,Loamy,loamy,76,Marshland,1458,1025.0,527.0,20.3,71.0,5.7,banana,B,97,2025-04-05,High potential,"Peri-urban mixed farms and marshland vegetables around Gasabo, Kicukiro, Nyarugenge.",RAB; FAO ECOCROP; OFRA Rwanda
Rwanda,Kigali,Gasabo,Clayey,clayey,74,Agricultural,1498,1149.0,175.0,18.3,48.0,5.39,beans,C,93,2024-07-24,High potential,"Peri-urban mixed farms and marshland vegetables around Gasabo, Kicukiro, Nyarugenge.",RAB; OFRA Rwanda; NISR
Rwanda,Kigali,Gasabo,Alluvial,alluvial,68,Agricultural,1616,1182.0,390.0,20.3,66.4,5.62,beans,A,100,2025-03-24,High potential,"Peri-urban mixed farms and marshland vegetables around Gasabo, Kicukiro, Nyarugenge.",RAB; OFRA Rwanda; NISR
Rwanda,Kigali,Gasabo,Clayey,clayey,49,Fallow,1460,1166.0,486.0,19.2,72.0,5.58,banana,B,96,2024-07-05,High potential,"Peri-urban mixed farms and marshland vegetables around Gasabo, Kicukiro, Nyarugenge.",RAB; FAO ECOCROP; OFRA Rwanda
Rwanda,Kigali,Gasabo,Loamy,loamy,70,Agricultural,1473,844.0,132.0,18.7,57.1,6.68,tomato,C,97,2024-11-21,High potential,"Peri-urban mixed farms and marshland vegetables around Gasabo, Kicukiro, Nyarugenge.",RAB; FAO ECOCROP
Rwanda,Kigali,Gasabo,Clayey,clayey,48,Fallow,1831,1049.0,420.0,21.9,65.2,6.59,maize,A,99,2025-03-17,High potential,"Peri-urban mixed farms and marshland vegetables around Gasabo, Kicukiro, Nyarugenge.",RAB CIP; OFRA Rwanda; FAO ECOCROP
Rwanda,Kigali,Gasabo,Loamy,loamy,46,Fallow,1539,1022.0,483.0,17.7,76.1,6.04,banana,B,95,2024-11-28,High potential,"Peri-urban mixed farms and marshland vegetables around Gasabo, Kicukiro, Nyarugenge.",RAB; FAO ECOCROP; OFRA Rwanda
Rwanda,Kigali,Gasabo,Clayey,clayey,77,Homestead,1645,1018.0,191.0,18.9,56.4,5.45,soybean,C,96,2024-05-16,High potential,"Peri-urban mixed farms and marshland vegetables around Gasabo, Kicukiro, Nyarugenge.",RAB; OFRA Rwanda
Rwanda,Kigali,Gasabo,Alluvial,alluvial,64,Agricultural,1571,922.0,358.0,19.9,74.4,6.14,banana,A,94,2025-06-27,High potential,"Peri-urban mixed farms and marshland vegetables around Gasabo, Kicukiro, Nyarugenge.",RAB; FAO ECOCROP; OFRA Rwanda
Rwanda,Kigali,Gasabo,Clayey,clayey,60,Agricultural,1408,1142.0,554.0,21.6,76.1,6.68,tomato,B,78,2024-07-18,Moderate potential,"Peri-urban mixed farms and marshland vegetables around Gasabo, Kicukiro, Nyarugenge.",RAB; FAO ECOCROP
Rwanda,Kigali,Gasabo,Loamy,loamy,54,Fallow,1605,901.0,166.0,17.2,57.4,6.2,rice,C,59,2024-02-23,Requires attention,"Peri-urban mixed farms and marshland vegetables around Gasabo, Kicukiro, Nyarugenge.",RAB; RwaSIS; OFRA Rwanda
Rwanda,Kigali,Gasabo,Alluvial,alluvial,77,Agricultural,1798,981.0,336.0,20.5,67.7,6.72,sweet_potato,A,98,2025-04-23,High potential,"Peri-urban mixed farms and marshland vegetables around Gasabo, Kicukiro, Nyarugenge.",RAB; CIP; FAO ECOCROP
Rwanda,Kigali,Gasabo,Loamy,loamy,58,Agricultural,1382,1111.0,538.0,21.8,74.9,5.92,banana,B,97,2025-02-03,High potential,"Peri-urban mixed farms and marshland vegetables around Gasabo, Kicukiro, Nyarugenge.",RAB; FAO ECOCROP; OFRA Rwanda
Rwanda,Kigali,Kicukiro,Clayey,clayey,45,Agricultural,1579,993.0,363.0,20.8,71.7,5.95,tomato,A,78,2023-11-27,Moderate potential,"Peri-urban mixed farms and marshland vegetables around Gasabo, Kicukiro, Nyarugenge.",RAB; FAO ECOCROP
Rwanda,Kigali,Kicukiro,Loamy,loamy,49,Agricultural,1676,931.0,466.0,22.6,74.0,5.69,cassava,B,98,2024-06-08,High potential,"Peri-urban mixed farms and marshland vegetables around Gasabo, Kicukiro, Nyarugenge.",RAB; IITA; IFAD crop suitability
Rwanda,Kigali,Kicukiro,Clayey,clayey,62,Agricultural,1713,1088.0,190.0,19.0,60.9,5.49,rice,C,88,2024-03-21,High potential,"Peri-urban mixed farms and marshland vegetables around Gasabo, Kicukiro, Nyarugenge.",RAB; RwaSIS; OFRA Rwanda
Rwanda,Kigali,Kicukiro,Clayey,clayey,65,Agricultural,1417,1092.0,384.0,22.7,63.7,5.72,banana,A,95,2024-06-10,High potential,"Peri-urban mixed farms and marshland vegetables around Gasabo, Kicukiro, Nyarugenge.",RAB; FAO ECOCROP; OFRA Rwanda
Rwanda,Kigali,Kicukiro,Alluvial,alluvial,60,Agricultural,1701,1012.0,401.0,22.7,72.9,5.94,beans,B,100,2024-03-26,High potential,"Peri-urban mixed farms and marshland vegetables around Gasabo, Kicukiro, Nyarugenge.",RAB; OFRA Rwanda; NISR
Rwanda,Kigali,Kicukiro,Loamy,loamy,59,Agricultural,1451,1064.0,160.0,19.3,62.8,6.68,sweet_potato,C,96,2024-12-06,High potential,"Peri-urban mixed farms and marshland vegetables around Gasabo, Kicukiro, Nyarugenge.",RAB; CIP; FAO ECOCROP
Rwanda,Kigali,Kicukiro,Alluvial,alluvial,55,Homestead,1750,1013.0,420.0,21.3,69.2,5.64,sweet_potato,A,99,2024-11-15,High potential,"Peri-urban mixed farms and marshland vegetables around Gasabo, Kicukiro, Nyarugenge.",RAB; CIP; FAO ECOCROP
Rwanda,Kigali,Kicukiro,Clayey,clayey,71,Agricultural,1820,953.0,437.0,20.4,72.6,5.3,tomato,B,76,2024-12-27,Moderate potential,"Peri-urban mixed farms and marshland vegetables around Gasabo, Kicukiro, Nyarugenge.",RAB; FAO ECOCROP
Rwanda,Kigali,Kicukiro,Loamy,loamy,73,Agricultural,1447,880.0,152.0,18.3,55.0,5.94,tomato,C,97,2023-10-08,High potential,"Peri-urban mixed farms and marshland vegetables around Gasabo, Kicukiro, Nyarugenge.",RAB; FAO ECOCROP
Rwanda,Kigali,Kicukiro,Alluvial,alluvial,70,Agricultural,1688,1057.0,423.0,22.5,63.0,6.77,sweet_potato,A,99,2023-11-13,High potential,"Peri-urban mixed farms and marshland vegetables around Gasabo, Kicukiro, Nyarugenge.",RAB; CIP; FAO ECOCROP
Rwanda,Kigali,Kicukiro,Alluvial,alluvial,55,Agricultural,1806,1073.0,472.0,20.3,67.8,6.55,banana,B,96,2023-11-23,High potential,"Peri-urban mixed farms and marshland vegetables around Gasabo, Kicukiro, Nyarugenge.",RAB; FAO ECOCROP; OFRA Rwanda
Rwanda,Kigali,Kicukiro,Loamy,loamy,45,Agricultural,1471,1003.0,159.0,19.2,58.9,5.47,soybean,C,95,2024-02-15,High potential,"Peri-urban mixed farms and marshland vegetables around Gasabo, Kicukiro, Nyarugenge.",RAB; OFRA Rwanda
Rwanda,Kigali,Kicukiro,Clayey,clayey,67,Agricultural,1450,1162.0,408.0,19.4,66.0,5.99,banana,A,95,2024-03-10,High potential,"Peri-urban mixed farms and marshland vegetables around Gasabo, Kicukiro, Nyarugenge.",RAB; FAO ECOCROP; OFRA Rwanda
Rwanda,Kigali,Kicukiro,Loamy,loamy,56,Fallow,1602,1150.0,453.0,20.7,75.4,5.65,cassava,B,98,2024-10-08,High potential,"Peri-urban mixed farms and marshland vegetables around Gasabo, Kicukiro, Nyarugenge.",RAB; IITA; IFAD crop suitability
Rwanda,Kigali,Kicukiro,Clayey,clayey,56,Agricultural,1517,1069.0,198.0,17.1,47.6,6.36,sweet_potato,C,71,2024-10-01,Moderate potential,"Peri-urban mixed farms and marshland vegetables around Gasabo, Kicukiro, Nyarugenge.",RAB; CIP; FAO ECOCROP
Rwanda,Kigali,Kicukiro,Alluvial,alluvial,50,Agricultural,1730,987.0,403.0,21.6,72.7,6.26,banana,A,95,2025-03-27,High potential,"Peri-urban mixed farms and marshland vegetables around Gasabo, Kicukiro, Nyarugenge.",RAB; FAO ECOCROP; OFRA Rwanda
Rwanda,Kigali,Kicukiro,Loamy,loamy,55,Agricultural,1402,929.0,439.0,22.0,72.5,6.42,banana,B,95,2025-01-27,High potential,"Peri-urban mixed farms and marshland vegetables around Gasabo, Kicukiro, Nyarugenge.",RAB; FAO ECOCROP; OFRA Rwanda
Rwanda,Kigali,Kicukiro,Clayey,clayey,70,Agricultural,1492,914.0,178.0,17.5,51.9,5.34,tomato,C,74,2024-10-20,Moderate potential,"Peri-urban mixed farms and marshland vegetables around Gasabo, Kicukiro, Nyarugenge.",RAB; FAO ECOCROP
Rwanda,Kigali,Kicukiro,Loamy,loamy,66,Agricultural,1831,1082.0,470.0,21.5,71.8,6.49,beans,A,100,2024-01-06,High potential,"Peri-urban mixed farms and marshland vegetables around Gasabo, Kicukiro, Nyarugenge.",RAB; OFRA Rwanda; NISR
Rwanda,Kigali,Kicukiro,Alluvial,alluvial,55,Agricultural,1407,1008.0,397.0,21.8,70.2,6.08,tomato,B,100,2024-03-21,High potential,"Peri-urban mixed farms and marshland vegetables around Gasabo, Kicukiro, Nyarugenge.",RAB; FAO ECOCROP
Rwanda,Kigali,Kicukiro,Alluvial,alluvial,58,Agricultural,1848,1097.0,183.0,18.9,60.4,5.49,sweet_potato,C,96,2024-05-12,High potential,"Peri-urban mixed farms and marshland vegetables around Gasabo, Kicukiro, Nyarugenge.",RAB; CIP; FAO ECOCROP
Rwanda,Kigali,Kicukiro,Alluvial,alluvial,48,Agricultural,1622,1174.0,447.0,22.2,65.1,6.31,beans,A,100,2025-04-05,High potential,"Peri-urban mixed farms and marshland vegetables around Gasabo, Kicukiro, Nyarugenge.",RAB; OFRA Rwanda; NISR
Rwanda,Kigali,Kicukiro,Alluvial,alluvial,46,Agricultural,1515,974.0,465.0,19.6,70.4,5.5,tomato,B,100,2024-06-11,High potential,"Peri-urban mixed farms and marshland vegetables around Gasabo, Kicukiro, Nyarugenge.",RAB; FAO ECOCROP
Rwanda,Kigali,Kicukiro,Loamy,loamy,75,Homestead,1492,1051.0,157.0,17.7,61.5,5.88,rice,C,62,2024-07-04,Moderate potential,"Peri-urban mixed farms and marshland vegetables around Gasabo, Kicukiro, Nyarugenge.",RAB; RwaSIS; OFRA Rwanda
Rwanda,Kigali,Kicukiro,Alluvial,alluvial,71,Agricultural,1797,1074.0,349.0,20.5,72.3,5.81,tomato,A,99,2024-06-01,High potential,"Peri-urban mixed farms and marshland vegetables around Gasabo, Kicukiro, Nyarugenge.",RAB; FAO ECOCROP
Rwanda,Kigali,Kicukiro,Loamy,loamy,64,Agricultural,1546,1091.0,478.0,20.0,72.0,5.51,cassava,B,98,2024-06-20,High potential,"Peri-urban mixed farms and marshland vegetables around Gasabo, Kicukiro, Nyarugenge.",RAB; IITA; IFAD crop suitability
Rwanda,Kigali,Kicukiro,Loamy,loamy,67,Agricultural,1696,1050.0,180.0,19.6,61.6,6.22,tomato,C,97,2023-11-11,High potential,"Peri-urban mixed farms and marshland vegetables around Gasabo, Kicukiro, Nyarugenge.",RAB; FAO ECOCROP
Rwanda,Kigali,Kicukiro,Loamy,loamy,66,Agricultural,1689,1033.0,382.0,20.4,68.9,5.24,beans,A,98,2025-02-01,High potential,"Peri-urban mixed farms and marshland vegetables around Gasabo, Kicukiro, Nyarugenge.",RAB; OFRA Rwanda; NISR
Rwanda,Kigali,Kicukiro,Clayey,clayey,62,Agricultural,1407,1091.0,489.0,21.2,64.6,6.55,banana,B,96,2023-09-30,High potential,"Peri-urban mixed farms and marshland vegetables around Gasabo, Kicukiro, Nyarugenge.",RAB; FAO ECOCROP; OFRA Rwanda
Rwanda,Kigali,Kicukiro,Clayey,clayey,55,Agricultural,1451,856.0,162.0,20.3,61.4,5.47,beans,C,97,2025-06-11,High potential,"Peri-urban mixed farms and marshland vegetables around Gasabo, Kicukiro, Nyarugenge.",RAB; OFRA Rwanda; NISR
Rwanda,Kigali,Kicukiro,Loamy,loamy,71,Agricultural,1491,947.0,352.0,20.2,65.8,6.67,maize,A,98,2025-05-03,High potential,"Peri-urban mixed farms and marshland vegetables around Gasabo, Kicukiro, Nyarugenge.",RAB CIP; OFRA Rwanda; FAO ECOCROP
Rwanda,Kigali,Kicukiro,Clayey,clayey,65,Agricultural,1801,1180.0,598.0,21.2,80.0,5.59,maize,B,100,2023-11-30,High potential,"Peri-urban mixed farms and marshland vegetables around Gasabo, Kicukiro, Nyarugenge.",RAB CIP; OFRA Rwanda; FAO ECOCROP
Rwanda,Kigali,Kicukiro,Alluvial,alluvial,60,Agricultural,1577,1079.0,172.0,18.0,57.5,6.04,tomato,C,97,2024-07-17,High potential,"Peri-urban mixed farms and marshland vegetables around Gasabo, Kicukiro, Nyarugenge.",RAB; FAO ECOCROP
Rwanda,Kigali,Kicukiro,Alluvial,alluvial,75,Agricultural,1637,891.0,365.0,20.3,69.7,5.23,beans,A,97,2025-05-09,High potential,"Peri-urban mixed farms and marshland vegetables around Gasabo, Kicukiro, Nyarugenge.",RAB; OFRA Rwanda; NISR
Rwanda,Kigali,Kicukiro,Alluvial,alluvial,58,Agricultural,1654,1152.0,468.0,20.9,75.5,6.36,maize,B,100,2024-11-18,High potential,"Peri-urban mixed farms and marshland vegetables around Gasabo, Kicukiro, Nyarugenge.",RAB CIP; OFRA Rwanda; FAO ECOCROP
Rwanda,Kigali,Kicukiro,Alluvial,alluvial,52,Fallow,1757,959.0,181.0,18.1,46.2,6.04,rice,C,78,2025-05-29,Moderate potential,"Peri-urban mixed farms and marshland vegetables around Gasabo, Kicukiro, Nyarugenge.",RAB; RwaSIS; OFRA Rwanda
Rwanda,Kigali,Kicukiro,Clayey,clayey,68,Agricultural,1473,1145.0,434.0,19.7,63.6,5.32,sweet_potato,A,77,2024-06-29,Moderate potential,"Peri-urban mixed farms and marshland vegetables around Gasabo, Kicukiro, Nyarugenge.",RAB; CIP; FAO ECOCROP
Rwanda,Kigali,Kicukiro,Clayey,clayey,57,Agricultural,1573,1114.0,443.0,21.0,77.2,5.36,beans,B,99,2025-07-10,High potential,"Peri-urban mixed farms and marshland vegetables around Gasabo, Kicukiro, Nyarugenge.",RAB; OFRA Rwanda; NISR
Rwanda,Kigali,Kicukiro,Loamy,loamy,57,Agricultural,1679,854.0,157.0,17.5,49.9,5.85,soybean,C,92,2024-08-02,High potential,"Peri-urban mixed farms and marshland vegetables around Gasabo, Kicukiro, Nyarugenge.",RAB; OFRA Rwanda
Rwanda,Kigali,Kicukiro,Loamy,loamy,72,Agricultural,1415,1079.0,380.0,20.6,60.5,5.44,tomato,A,99,2024-11-05,High potential,"Peri-urban mixed farms and marshland vegetables around Gasabo, Kicukiro, Nyarugenge.",RAB; FAO ECOCROP
Rwanda,Kigali,Kicukiro,Alluvial,alluvial,64,Agricultural,1429,1128.0,494.0,21.9,82.5,5.91,beans,B,100,2025-07-06,High potential,"Peri-urban mixed farms and marshland vegetables around Gasabo, Kicukiro, Nyarugenge.",RAB; OFRA Rwanda; NISR
Rwanda,Kigali,Kicukiro,Clayey,clayey,48,Agricultural,1735,964.0,167.0,17.8,55.6,5.33,sweet_potato,C,74,2024-07-13,Moderate potential,"Peri-urban mixed farms and marshland vegetables around Gasabo, Kicukiro, Nyarugenge.",RAB; CIP; FAO ECOCROP
Rwanda,Kigali,Kicukiro,Loamy,loamy,47,Agricultural,1428,1026.0,390.0,21.0,67.9,6.57,beans,A,100,2024-02-16,High potential,"Peri-urban mixed farms and marshland vegetables around Gasabo, Kicukiro, Nyarugenge.",RAB; OFRA Rwanda; NISR
Rwanda,Kigali,Kicukiro,Alluvial,alluvial,48,Agricultural,1506,953.0,420.0,23.9,83.5,6.54,beans,B,100,2024-02-03,High potential,"Peri-urban mixed farms and marshland vegetables around Gasabo, Kicukiro, Nyarugenge.",RAB; OFRA Rwanda; NISR
Rwanda,Kigali,Kicukiro,Alluvial,alluvial,67,Agricultural,1662,1093.0,205.0,18.8,55.2,5.34,soybean,C,95,2023-11-14,High potential,"Peri-urban mixed farms and marshland vegetables around Gasabo, Kicukiro, Nyarugenge.",RAB; OFRA Rwanda
Rwanda,Kigali,Kicukiro,Loamy,loamy,65,Agricultural,1802,959.0,321.0,18.8,64.4,5.32,tomato,A,98,2023-12-20,High potential,"Peri-urban mixed farms and marshland vegetables around Gasabo, Kicukiro, Nyarugenge.",RAB; FAO ECOCROP
Rwanda,Kigali,Kicukiro,Loamy,loamy,56,Agricultural,1591,1198.0,532.0,24.1,71.6,5.63,tomato,B,100,2023-12-03,High potential,"Peri-urban mixed farms and marshland vegetables around Gasabo, Kicukiro, Nyarugenge.",RAB; FAO ECOCROP
Rwanda,Kigali,Kicukiro,Loamy,loamy,70,Agricultural,1627,1030.0,165.0,17.5,62.5,5.57,tomato,C,97,2023-10-12,High potential,"Peri-urban mixed farms and marshland vegetables around Gasabo, Kicukiro, Nyarugenge.",RAB; FAO ECOCROP
Rwanda,Kigali,Kicukiro,Loamy,loamy,60,Agricultural,1601,1132.0,429.0,20.2,66.7,6.54,sweet_potato,A,99,2024-09-05,High potential,"Peri-urban mixed farms and marshland vegetables around Gasabo, Kicukiro, Nyarugenge.",RAB; CIP; FAO ECOCROP
Rwanda,Kigali,Kicukiro,Loamy,loamy,55,Homestead,1816,1010.0,404.0,19.6,68.9,6.61,banana,B,95,2023-09-11,High potential,"Peri-urban mixed farms and marshland vegetables around Gasabo, Kicukiro, Nyarugenge.",RAB; FAO ECOCROP; OFRA Rwanda
Rwanda,Kigali,Kicukiro,Clayey,clayey,62,Agricultural,1444,886.0,134.0,18.8,52.5,5.31,soybean,C,93,2025-01-01,High potential,"Peri-urban mixed farms and marshland vegetables around Gasabo, Kicukiro, Nyarugenge.",RAB; OFRA Rwanda
Rwanda,Kigali,Kicukiro,Loamy,loamy,54,Homestead,1556,1184.0,442.0,20.7,66.6,5.8,banana,A,96,2025-07-13,High potential,"Peri-urban mixed farms and marshland vegetables around Gasabo, Kicukiro, Nyarugenge.",RAB; FAO ECOCROP; OFRA Rwanda
Rwanda,Kigali,Kicukiro,Alluvial,alluvial,54,Agricultural,1775,1202.0,494.0,22.7,82.7,6.78,maize,B,100,2025-05-23,High potential,"Peri-urban mixed farms and marshland vegetables around Gasabo, Kicukiro, Nyarugenge.",RAB CIP; OFRA Rwanda; FAO ECOCROP
Rwanda,Kigali,Kicukiro,Loamy,loamy,74,Agricultural,1772,849.0,155.0,19.8,61.3,6.77,tomato,C,97,2024-08-17,High potential,"Peri-urban mixed farms and marshland vegetables around Gasabo, Kicukiro, Nyarugenge.",RAB; FAO ECOCROP
Rwanda,Kigali,Kicukiro,Clayey,clayey,78,Agricultural,1586,1016.0,438.0,19.3,69.7,6.58,maize,A,99,2025-03-01,High potential,"Peri-urban mixed farms and marshland vegetables around Gasabo, Kicukiro, Nyarugenge.",RAB CIP; OFRA Rwanda; FAO ECOCROP
Rwanda,Kigali,Kicukiro,Clayey,clayey,45,Agricultural,1753,1004.0,432.0,22.4,77.0,6.3,tomato,B,78,2024-10-05,Moderate potential,"Peri-urban mixed farms and marshland vegetables around Gasabo, Kicukiro, Nyarugenge.",RAB; FAO ECOCROP
Rwanda,Kigali,Kicukiro,Loamy,loamy,59,Agricultural,1412,1113.0,216.0,19.2,53.1,5.8,beans,C,97,2025-01-17,High potential,"Peri-urban mixed farms and marshland vegetables around Gasabo, Kicukiro, Nyarugenge.",RAB; OFRA Rwanda; NISR
Rwanda,Kigali,Kicukiro,Loamy,loamy,58,Marshland,1489,893.0,342.0,19.6,73.2,6.15,sweet_potato,A,98,2024-07-13,High potential,"Peri-urban mixed farms and marshland vegetables around Gasabo, Kicukiro, Nyarugenge.",RAB; CIP; FAO ECOCROP
Rwanda,Kigali,Kicukiro,Loamy,loamy,52,Agricultural,1569,1035.0,435.0,19.5,67.4,6.27,beans,B,100,2024-07-01,High potential,"Peri-urban mixed farms and marshland vegetables around Gasabo, Kicukiro, Nyarugenge.",RAB; OFRA Rwanda; NISR
Rwanda,Kigali,Kicukiro,Loamy,loamy,58,Agricultural,1475,831.0,150.0,18.8,56.3,5.95,soybean,C,96,2024-07-23,High potential,"Peri-urban mixed farms and marshland vegetables around Gasabo, Kicukiro, Nyarugenge.",RAB; OFRA Rwanda
Rwanda,Kigali,Kicukiro,Clayey,clayey,47,Marshland,1696,1062.0,408.0,20.6,67.6,5.95,tomato,A,78,2023-10-12,Moderate potential,"Peri-urban mixed farms and marshland vegetables around Gasabo, Kicukiro, Nyarugenge.",RAB; FAO ECOCROP
Rwanda,Kigali,Kicukiro,Alluvial,alluvial,69,Agricultural,1807,915.0,385.0,23.4,76.5,5.4,maize,B,98,2023-10-30,High potential,"Peri-urban mixed farms and marshland vegetables around Gasabo, Kicukiro, Nyarugenge.",RAB CIP; OFRA Rwanda; FAO ECOCROP
Rwanda,Kigali,Kicukiro,Clayey,clayey,74,Agricultural,1452,957.0,157.0,17.2,49.7,5.89,tomato,C,75,2025-07-26,Moderate potential,"Peri-urban mixed farms and marshland vegetables around Gasabo, Kicukiro, Nyarugenge.",RAB; FAO ECOCROP
Rwanda,Kigali,Kicukiro,Alluvial,alluvial,61,Agricultural,1749,912.0,300.0,22.2,72.5,6.62,beans,A,99,2024-12-30,High potential,"Peri-urban mixed farms and marshland vegetables around Gasabo, Kicukiro, Nyarugenge.",RAB; OFRA Rwanda; NISR
Rwanda,Kigali,Kicukiro,Alluvial,alluvial,45,Agricultural,1383,1115.0,527.0,20.9,76.1,5.84,beans,B,100,2024-09-24,High potential,"Peri-urban mixed farms and marshland vegetables around Gasabo, Kicukiro, Nyarugenge.",RAB; OFRA Rwanda; NISR
Rwanda,Kigali,Kicukiro,Clayey,clayey,65,Agricultural,1710,983.0,181.0,18.0,49.9,6.29,beans,C,95,2024-06-24,High potential,"Peri-urban mixed farms and marshland vegetables around Gasabo, Kicukiro, Nyarugenge.",RAB; OFRA Rwanda; NISR
Rwanda,Kigali,Kicukiro,Clayey,clayey,67,Agricultural,1624,1148.0,436.0,21.2,68.8,5.2,tomato,A,76,2024-10-19,Moderate potential,"Peri-urban mixed farms and marshland vegetables around Gasabo, Kicukiro, Nyarugenge.",RAB; FAO ECOCROP
Rwanda,Kigali,Kicukiro,Loamy,loamy,67,Marshland,1444,1175.0,554.0,19.3,69.6,6.62,banana,B,97,2024-04-03,High potential,"Peri-urban mixed farms and marshland vegetables around Gasabo, Kicukiro, Nyarugenge.",RAB; FAO ECOCROP; OFRA Rwanda
Rwanda,Kigali,Kicukiro,Alluvial,alluvial,58,Agricultural,1526,937.0,177.0,19.0,57.2,5.24,tomato,C,95,2025-07-18,High potential,"Peri-urban mixed farms and marshland vegetables around Gasabo, Kicukiro, Nyarugenge.",RAB; FAO ECOCROP
Rwanda,Kigali,Kicukiro,Alluvial,alluvial,71,Agricultural,1830,1073.0,410.0,21.1,65.9,6.3,banana,A,95,2023-11-14,High potential,"Peri-urban mixed farms and marshland vegetables around Gasabo, Kicukiro, Nyarugenge.",RAB; FAO ECOCROP; OFRA Rwanda
Rwanda,Kigali,Kicukiro,Alluvial,alluvial,47,Marshland,1423,1066.0,425.0,23.8,75.7,6.04,maize,B,99,2024-10-15,High potential,"Peri-urban mixed farms and marshland vegetables around Gasabo, Kicukiro, Nyarugenge.",RAB CIP; OFRA Rwanda; FAO ECOCROP
Rwanda,Kigali,Kicukiro,Loamy,loamy,72,Fallow,1782,907.0,172.0,20.5,50.1,6.62,rice,C,63,2025-05-11,Moderate potential,"Peri-urban mixed farms and marshland vegetables around Gasabo, Kicukiro, Nyarugenge.",RAB; RwaSIS; OFRA Rwanda
Rwanda,Kigali,Kicukiro,Loamy,loamy,72,Agricultural,1647,923.0,381.0,20.9,65.8,6.5,banana,A,95,2023-12-03,High potential,"Peri-urban mixed farms and marshland vegetables around Gasabo, Kicukiro, Nyarugenge.",RAB; FAO ECOCROP; OFRA Rwanda
Rwanda,Kigali,Kicukiro,Loamy,loamy,76,Agricultural,1516,1146.0,539.0,21.9,76.1,6.15,cassava,B,99,2023-10-31,High potential,"Peri-urban mixed farms and marshland vegetables around Gasabo, Kicukiro, Nyarugenge.",RAB; IITA; IFAD crop suitability
Rwanda,Kigali,Kicukiro,Alluvial,alluvial,47,Agricultural,1588,934.0,154.0,16.6,55.1,6.44,sweet_potato,C,96,2025-05-22,High potential,"Peri-urban mixed farms and marshland vegetables around Gasabo, Kicukiro, Nyarugenge.",RAB; CIP; FAO ECOCROP
Rwanda,Kigali,Kicukiro,Alluvial,alluvial,74,Agricultural,1683,1012.0,439.0,20.8,63.3,6.32,banana,A,95,2024-11-05,High potential,"Peri-urban mixed farms and marshland vegetables around Gasabo, Kicukiro, Nyarugenge.",RAB; FAO ECOCROP; OFRA Rwanda
Rwanda,Kigali,Kicukiro,Clayey,clayey,52,Agricultural,1508,1157.0,545.0,23.0,76.7,5.57,beans,B,100,2025-06-25,High potential,"Peri-urban mixed farms and marshland vegetables around Gasabo, Kicukiro, Nyarugenge.",RAB; OFRA Rwanda; NISR
Rwanda,Kigali,Kicukiro,Alluvial,alluvial,73,Agricultural,1827,846.0,128.0,18.4,54.0,6.61,sweet_potato,C,95,2023-12-22,High potential,"Peri-urban mixed farms and marshland vegetables around Gasabo, Kicukiro, Nyarugenge.",RAB; CIP; FAO ECOCROP
Rwanda,Kigali,Kicukiro,Clayey,clayey,58,Homestead,1509,961.0,399.0,20.8,79.4,6.74,sweet_potato,A,77,2025-03-20,Moderate potential,"Peri-urban mixed farms and marshland vegetables around Gasabo, Kicukiro, Nyarugenge.",RAB; CIP; FAO ECOCROP
Rwanda,Kigali,Kicukiro,Clayey,clayey,75,Agricultural,1619,1068.0,517.0,23.5,70.7,5.59,tomato,B,78,2025-03-11,Moderate potential,"Peri-urban mixed farms and marshland vegetables around Gasabo, Kicukiro, Nyarugenge.",RAB; FAO ECOCROP
Rwanda,Kigali,Kicukiro,Loamy,loamy,47,Fallow,1630,918.0,165.0,19.1,55.3,5.31,sweet_potato,C,96,2025-01-06,High potential,"Peri-urban mixed farms and marshland vegetables around Gasabo, Kicukiro, Nyarugenge.",RAB; CIP; FAO ECOCROP
Rwanda,Kigali,Kicukiro,Clayey,clayey,49,Fallow,1423,1117.0,381.0,21.6,70.5,5.3,sweet_potato,A,77,2024-05-31,Moderate potential,"Peri-urban mixed farms and marshland vegetables around Gasabo, Kicukiro, Nyarugenge.",RAB; CIP; FAO ECOCROP
Rwanda,Kigali,Kicukiro,Clayey,clayey,73,Agricultural,1428,1114.0,562.0,18.9,73.5,6.35,banana,B,97,2025-02-26,High potential,"Peri-urban mixed farms and marshland vegetables around Gasabo, Kicukiro, Nyarugenge.",RAB; FAO ECOCROP; OFRA Rwanda
Rwanda,Kigali,Kicukiro,Clayey,clayey,53,Agricultural,1839,1038.0,197.0,20.1,59.5,6.62,tomato,C,75,2024-12-01,Moderate potential,"Peri-urban mixed farms and marshland vegetables around Gasabo, Kicukiro, Nyarugenge.",RAB; FAO ECOCROP
Rwanda,Kigali,Kicukiro,Alluvial,alluvial,50,Homestead,1609,951.0,350.0,21.3,67.4,5.74,tomato,A,99,2023-09-06,High potential,"Peri-urban mixed farms and marshland vegetables around Gasabo, Kicukiro, Nyarugenge.",RAB; FAO ECOCROP
Rwanda,Kigali,Kicukiro,Clayey,clayey,50,Homestead,1623,1069.0,502.0,22.4,74.7,5.64,tomato,B,78,2024-05-01,Moderate potential,"Peri-urban mixed farms and marshland vegetables around Gasabo, Kicukiro, Nyarugenge.",RAB; FAO ECOCROP
Rwanda,Kigali,Kicukiro,Clayey,clayey,60,Agricultural,1678,1113.0,178.0,19.8,59.3,6.21,beans,C,97,2025-04-12,High potential,"Peri-urban mixed farms and marshland vegetables around Gasabo, Kicukiro, Nyarugenge.",RAB; OFRA Rwanda; NISR
Rwanda,Kigali,Kicukiro,Clayey,clayey,57,Agricultural,1721,1108.0,372.0,21.2,62.8,5.68,maize,A,98,2024-08-31,High potential,"Peri-urban mixed farms and marshland vegetables around Gasabo, Kicukiro, Nyarugenge.",RAB CIP; OFRA Rwanda; FAO ECOCROP
Rwanda,Kigali,Kicukiro,Clayey,clayey,71,Agricultural,1616,1197.0,593.0,21.9,72.5,6.33,banana,B,97,2024-07-08,High potential,"Peri-urban mixed farms and marshland vegetables around Gasabo, Kicukiro, Nyarugenge.",RAB; FAO ECOCROP; OFRA Rwanda
Rwanda,Kigali,Kicukiro,Loamy,loamy,53,Agricultural,1415,868.0,130.0,19.1,52.4,6.64,tomato,C,97,2024-03-13,High potential,"Peri-urban mixed farms and marshland vegetables around Gasabo, Kicukiro, Nyarugenge.",RAB; FAO ECOCROP
Rwanda,Kigali,Kicukiro,Loamy,loamy,68,Agricultural,1660,901.0,367.0,22.0,67.7,5.25,maize,A,96,2023-11-17,High potential,"Peri-urban mixed farms and marshland vegetables around Gasabo, Kicukiro, Nyarugenge.",RAB CIP; OFRA Rwanda; FAO ECOCROP
Rwanda,Kigali,Kicukiro,Clayey,clayey,60,Marshland,1755,1094.0,425.0,21.6,72.4,6.28,maize,B,99,2025-02-01,High potential,"Peri-urban mixed farms and marshland vegetables around Gasabo, Kicukiro, Nyarugenge.",RAB CIP; OFRA Rwanda; FAO ECOCROP
Rwanda,Kigali,Kicukiro,Alluvial,alluvial,63,Agricultural,1676,1044.0,176.0,20.0,57.5,6.79,beans,C,97,2024-10-15,High potential,"Peri-urban mixed farms and marshland vegetables around Gasabo, Kicukiro, Nyarugenge.",RAB; OFRA Rwanda; NISR
Rwanda,Kigali,Kicukiro,Clayey,clayey,50,Agricultural,1696,1096.0,432.0,21.8,63.9,5.35,tomato,A,77,2025-01-18,Moderate potential,"Peri-urban mixed farms and marshland vegetables around Gasabo, Kicukiro, Nyarugenge.",RAB; FAO ECOCROP
Rwanda,Kigali,Kicukiro,Loamy,loamy,52,Fallow,1416,1157.0,569.0,22.2,78.4,6.64,banana,B,97,2024-08-27,High potential,"Peri-urban mixed farms and marshland vegetables around Gasabo, Kicukiro, Nyarugenge.",RAB; FAO ECOCROP; OFRA Rwanda
Rwanda,Kigali,Kicukiro,Alluvial,alluvial,73,Agricultural,1774,928.0,174.0,18.1,56.2,6.34,tomato,C,97,2024-10-25,High potential,"Peri-urban mixed farms and marshland vegetables around Gasabo, Kicukiro, Nyarugenge.",RAB; FAO ECOCROP
Rwanda,Kigali,Kicukiro,Alluvial,alluvial,45,Agricultural,1559,944.0,324.0,21.7,73.9,6.55,banana,A,94,2025-04-13,High potential,"Peri-urban mixed farms and marshland vegetables around Gasabo, Kicukiro, Nyarugenge.",RAB; FAO ECOCROP; OFRA Rwanda
Rwanda,Kigali,Kicukiro,Loamy,loamy,74,Agricultural,1631,1143.0,560.0,21.2,67.6,5.76,beans,B,100,2025-02-25,High potential,"Peri-urban mixed farms and marshland vegetables around Gasabo, Kicukiro, Nyarugenge.",RAB; OFRA Rwanda; NISR
Rwanda,Kigali,Kicukiro,Loamy,loamy,56,Agricultural,1392,995.0,184.0,17.6,64.0,6.69,tomato,C,97,2023-12-11,High potential,"Peri-urban mixed farms and marshland vegetables around Gasabo, Kicukiro, Nyarugenge.",RAB; FAO ECOCROP
Rwanda,Kigali,Kicukiro,Loamy,loamy,74,Homestead,1463,1121.0,400.0,20.6,73.9,6.79,tomato,A,100,2025-04-16,High potential,"Peri-urban mixed farms and marshland vegetables around Gasabo, Kicukiro, Nyarugenge.",RAB; FAO ECOCROP
Rwanda,Kigali,Kicukiro,Alluvial,alluvial,52,Agricultural,1481,1180.0,509.0,20.6,69.8,5.79,tomato,B,100,2023-09-11,High potential,"Peri-urban mixed farms and marshland vegetables around Gasabo, Kicukiro, Nyarugenge.",RAB; FAO ECOCROP
Rwanda,Kigali,Kicukiro,Alluvial,alluvial,50,Agricultural,1482,1047.0,190.0,20.4,48.0,6.45,rice,C,84,2024-12-10,High potential,"Peri-urban mixed farms and marshland vegetables around Gasabo, Kicukiro, Nyarugenge.",RAB; RwaSIS; OFRA Rwanda
Rwanda,Kigali,Kicukiro,Loamy,loamy,68,Agricultural,1385,1158.0,386.0,19.4,61.2,6.76,banana,A,95,2024-11-16,High potential,"Peri-urban mixed farms and marshland vegetables around Gasabo, Kicukiro, Nyarugenge.",RAB; FAO ECOCROP; OFRA Rwanda
Rwanda,Kigali,Kicukiro,Alluvial,alluvial,75,Agricultural,1502,929.0,374.0,20.8,72.7,5.22,maize,B,96,2025-07-09,High potential,"Peri-urban mixed farms and marshland vegetables around Gasabo, Kicukiro, Nyarugenge.",RAB CIP; OFRA Rwanda; FAO ECOCROP
Rwanda,Kigali,Kicukiro,Clayey,clayey,45,Agricultural,1841,1022.0,167.0,17.6,56.7,5.58,beans,C,97,2025-04-22,High potential,"Peri-urban mixed farms and marshland vegetables around Gasabo, Kicukiro, Nyarugenge.",RAB; OFRA Rwanda; NISR
Rwanda,Kigali,Kicukiro,Clayey,clayey,61,Fallow,1485,1147.0,495.0,21.7,73.8,5.54,tomato,A,78,2024-02-17,Moderate potential,"Peri-urban mixed farms and marshland vegetables around Gasabo, Kicukiro, Nyarugenge.",RAB; FAO ECOCROP
Rwanda,Kigali,Kicukiro,Loamy,loamy,59,Agricultural,1609,994.0,429.0,22.2,71.2,6.15,cassava,B,98,2025-02-10,High potential,"Peri-urban mixed farms and marshland vegetables around Gasabo, Kicukiro, Nyarugenge.",RAB; IITA; IFAD crop suitability
Rwanda,Kigali,Kicukiro,Alluvial,alluvial,72,Agricultural,1451,816.0,132.0,20.2,50.0,6.64,rice,C,84,2024-05-24,High potential,"Peri-urban mixed farms and marshland vegetables around Gasabo, Kicukiro, Nyarugenge.",RAB; RwaSIS; OFRA Rwanda
Rwanda,Kigali,Kicukiro,Alluvial,alluvial,75,Agricultural,1544,977.0,349.0,20.4,65.7,5.5,beans,A,99,2025-06-05,High potential,"Peri-urban mixed farms and marshland vegetables around Gasabo, Kicukiro, Nyarugenge.",RAB; OFRA Rwanda; NISR
Rwanda,Kigali,Kicukiro,Alluvial,alluvial,75,Agricultural,1638,1199.0,577.0,21.3,75.7,6.62,cassava,B,78,2024-12-09,Moderate potential,"Peri-urban mixed farms and marshland vegetables around Gasabo, Kicukiro, Nyarugenge.",RAB; IITA; IFAD crop suitability
Rwanda,Kigali,Nyarugenge,Loamy,loamy,68,Agricultural,1621,922.0,360.0,19.8,72.1,5.35,banana,A,93,2025-06-16,High potential,"Peri-urban mixed farms and marshland vegetables around Gasabo, Kicukiro, Nyarugenge.",RAB; FAO ECOCROP; OFRA Rwanda
Rwanda,Kigali,Nyarugenge,Loamy,loamy,60,Agricultural,1679,994.0,445.0,20.5,75.4,6.11,cassava,B,98,2025-06-08,High potential,"Peri-urban mixed farms and marshland vegetables around Gasabo, Kicukiro, Nyarugenge.",RAB; IITA; IFAD crop suitability
Rwanda,Kigali,Nyarugenge,Loamy,loamy,64,Agricultural,1491,940.0,178.0,18.4,48.9,5.9,soybean,C,93,2023-12-29,High potential,"Peri-urban mixed farms and marshland vegetables around Gasabo, Kicukiro, Nyarugenge.",RAB; OFRA Rwanda
Rwanda,Kigali,Nyarugenge,Clayey,clayey,64,Marshland,1478,1084.0,460.0,19.7,72.5,6.5,maize,A,100,2025-06-27,High potential,"Peri-urban mixed farms and marshland vegetables around Gasabo, Kicukiro, Nyarugenge.",RAB CIP; OFRA Rwanda; FAO ECOCROP
Rwanda,Kigali,Nyarugenge,Alluvial,alluvial,65,Marshland,1779,949.0,483.0,20.3,76.0,6.79,maize,B,100,2024-06-14,High potential,"Peri-urban mixed farms and marshland vegetables around Gasabo, Kicukiro, Nyarugenge.",RAB CIP; OFRA Rwanda; FAO ECOCROP
Rwanda,Kigali,Nyarugenge,Alluvial,alluvial,60,Marshland,1465,1099.0,168.0,19.1,55.3,6.22,rice,C,85,2024-10-24,High potential,"Peri-urban mixed farms and marshland vegetables around Gasabo, Kicukiro, Nyarugenge.",RAB; RwaSIS; OFRA Rwanda
Rwanda,Kigali,Nyarugenge,Alluvial,alluvial,75,Homestead,1757,955.0,351.0,21.2,63.6,5.99,maize,A,98,2024-07-20,High potential,"Peri-urban mixed farms and marshland vegetables around Gasabo, Kicukiro, Nyarugenge.",RAB CIP; OFRA Rwanda; FAO ECOCROP
Rwanda,Kigali,Nyarugenge,Alluvial,alluvial,70,Agricultural,1522,991.0,446.0,21.5,79.3,6.64,beans,B,100,2024-04-08,High potential,"Peri-urban mixed farms and marshland vegetables around Gasabo, Kicukiro, Nyarugenge.",RAB; OFRA Rwanda; NISR
Rwanda,Kigali,Nyarugenge,Alluvial,alluvial,55,Agricultural,1666,1123.0,178.0,17.4,54.8,5.65,beans,C,97,2023-10-02,High potential,"Peri-urban mixed farms and marshland vegetables around Gasabo, Kicukiro, Nyarugenge.",RAB; OFRA Rwanda; NISR
Rwanda,Kigali,Nyarugenge,Alluvial,alluvial,53,Agricultural,1751,1059.0,437.0,21.6,64.1,6.73,maize,A,99,2025-01-31,High potential,"Peri-urban mixed farms and marshland vegetables around Gasabo, Kicukiro, Nyarugenge.",RAB CIP; OFRA Rwanda; FAO ECOCROP
Rwanda,Kigali,Nyarugenge,Clayey,clayey,64,Fallow,1767,1114.0,474.0,23.0,74.3,5.46,maize,B,99,2024-06-27,High potential,"Peri-urban mixed farms and marshland vegetables around Gasabo, Kicukiro, Nyarugenge.",RAB CIP; OFRA Rwanda; FAO ECOCROP
Rwanda,Kigali,Nyarugenge,Clayey,clayey,49,Agricultural,1456,1054.0,196.0,18.6,52.7,5.58,soybean,C,95,2025-07-07,High potential,"Peri-urban mixed farms and marshland vegetables around Gasabo, Kicukiro, Nyarugenge.",RAB; OFRA Rwanda
Rwanda,Kigali,Nyarugenge,Clayey,clayey,62,Agricultural,1463,1047.0,376.0,19.7,74.3,5.27,banana,A,93,2024-10-27,High potential,"Peri-urban mixed farms and marshland vegetables around Gasabo, Kicukiro, Nyarugenge.",RAB; FAO ECOCROP; OFRA Rwanda
Rwanda,Kigali,Nyarugenge,Alluvial,alluvial,78,Agricultural,1425,1212.0,540.0,21.2,75.8,6.67,maize,B,100,2024-06-25,High potential,"Peri-urban mixed farms and marshland vegetables around Gasabo, Kicukiro, Nyarugenge.",RAB CIP; OFRA Rwanda; FAO ECOCROP
Rwanda,Kigali,Nyarugenge,Loamy,loamy,49,Agricultural,1541,1160.0,180.0,19.5,57.4,5.42,beans,C,97,2023-10-07,High potential,"Peri-urban mixed farms and marshland vegetables around Gasabo, Kicukiro, Nyarugenge.",RAB; OFRA Rwanda; NISR
Rwanda,Kigali,Nyarugenge,Clayey,clayey,71,Agricultural,1678,1031.0,353.0,21.0,72.5,6.22,banana,A,94,2024-06-20,High potential,"Peri-urban mixed farms and marshland vegetables around Gasabo, Kicukiro, Nyarugenge.",RAB; FAO ECOCROP; OFRA Rwanda
Rwanda,Kigali,Nyarugenge,Loamy,loamy,75,Agricultural,1780,1063.0,512.0,21.5,72.8,5.28,maize,B,98,2024-12-29,High potential,"Peri-urban mixed farms and marshland vegetables around Gasabo, Kicukiro, Nyarugenge.",RAB CIP; OFRA Rwanda; FAO ECOCROP
Rwanda,Kigali,Nyarugenge,Loamy,loamy,49,Marshland,1409,1117.0,180.0,18.1,52.9,6.08,tomato,C,97,2024-11-29,High potential,"Peri-urban mixed farms and marshland vegetables around Gasabo, Kicukiro, Nyarugenge.",RAB; FAO ECOCROP
Rwanda,Kigali,Nyarugenge,Loamy,loamy,57,Homestead,1456,1162.0,386.0,21.8,71.9,5.94,sweet_potato,A,99,2024-10-23,High potential,"Peri-urban mixed farms and marshland vegetables around Gasabo, Kicukiro, Nyarugenge.",RAB; CIP; FAO ECOCROP
Rwanda,Kigali,Nyarugenge,Clayey,clayey,69,Fallow,1828,1043.0,434.0,20.1,79.1,6.51,maize,B,99,2025-03-06,High potential,"Peri-urban mixed farms and marshland vegetables around Gasabo, Kicukiro, Nyarugenge.",RAB CIP; OFRA Rwanda; FAO ECOCROP
Rwanda,Kigali,Nyarugenge,Alluvial,alluvial,49,Agricultural,1430,887.0,167.0,19.1,50.0,5.23,soybean,C,91,2024-02-17,High potential,"Peri-urban mixed farms and marshland vegetables around Gasabo, Kicukiro, Nyarugenge.",RAB; OFRA Rwanda
Rwanda,Kigali,Nyarugenge,Clayey,clayey,55,Homestead,1492,1040.0,449.0,23.5,71.3,5.87,sweet_potato,A,77,2024-10-24,Moderate potential,"Peri-urban mixed farms and marshland vegetables around Gasabo, Kicukiro, Nyarugenge.",RAB; CIP; FAO ECOCROP
Rwanda,Kigali,Nyarugenge,Clayey,clayey,57,Agricultural,1596,1130.0,564.0,20.2,66.6,6.15,banana,B,97,2025-04-25,High potential,"Peri-urban mixed farms and marshland vegetables around Gasabo, Kicukiro, Nyarugenge.",RAB; FAO ECOCROP; OFRA Rwanda
Rwanda,Kigali,Nyarugenge,Clayey,clayey,60,Agricultural,1568,1184.0,172.0,17.8,46.9,6.03,tomato,C,74,2024-01-19,Moderate potential,"Peri-urban mixed farms and marshland vegetables around Gasabo, Kicukiro, Nyarugenge.",RAB; FAO ECOCROP
Rwanda,Kigali,Nyarugenge,Alluvial,alluvial,76,Agricultural,1636,1010.0,384.0,21.2,63.6,5.65,maize,A,99,2023-12-09,High potential,"Peri-urban mixed farms and marshland vegetables around Gasabo, Kicukiro, Nyarugenge.",RAB CIP; OFRA Rwanda; FAO ECOCROP
Rwanda,Kigali,Nyarugenge,Loamy,loamy,60,Agricultural,1845,1027.0,510.0,22.8,69.0,6.72,tomato,B,100,2023-12-24,High potential,"Peri-urban mixed farms and marshland vegetables around Gasabo, Kicukiro, Nyarugenge.",RAB; FAO ECOCROP
Rwanda,Kigali,Nyarugenge,Loamy,loamy,51,Agricultural,1370,1004.0,179.0,18.5,53.4,5.65,soybean,C,95,2025-05-05,High potential,"Peri-urban mixed farms and marshland vegetables around Gasabo, Kicukiro, Nyarugenge.",RAB; OFRA Rwanda
Rwanda,Kigali,Nyarugenge,Alluvial,alluvial,53,Agricultural,1778,1046.0,435.0,22.8,72.0,6.24,maize,A,99,2023-12-12,High potential,"Peri-urban mixed farms and marshland vegetables around Gasabo, Kicukiro, Nyarugenge.",RAB CIP; OFRA Rwanda; FAO ECOCROP
Rwanda,Kigali,Nyarugenge,Alluvial,alluvial,74,Agricultural,1747,1182.0,508.0,20.0,74.1,5.21,beans,B,98,2024-06-23,High potential,"Peri-urban mixed farms and marshland vegetables around Gasabo, Kicukiro, Nyarugenge.",RAB; OFRA Rwanda; NISR
Rwanda,Kigali,Nyarugenge,Alluvial,alluvial,73,Agricultural,1705,1062.0,179.0,20.4,55.3,5.89,rice,C,87,2024-06-20,High potential,"Peri-urban mixed farms and marshland vegetables around Gasabo, Kicukiro, Nyarugenge.",RAB; RwaSIS; OFRA Rwanda
Rwanda,Kigali,Nyarugenge,Loamy,loamy,61,Fallow,1673,1043.0,382.0,21.3,65.2,6.14,banana,A,95,2024-08-05,High potential,"Peri-urban mixed farms and marshland vegetables around Gasabo, Kicukiro, Nyarugenge.",RAB; FAO ECOCROP; OFRA Rwanda
Rwanda,Kigali,Nyarugenge,Loamy,loamy,69,Agricultural,1509,1107.0,569.0,23.1,72.9,5.57,cassava,B,100,2025-06-12,High potential,"Peri-urban mixed farms and marshland vegetables around Gasabo, Kicukiro, Nyarugenge.",RAB; IITA; IFAD crop suitability
Rwanda,Kigali,Nyarugenge,Alluvial,alluvial,48,Agricultural,1492,1029.0,177.0,17.9,49.8,5.32,tomato,C,96,2024-06-16,High potential,"Peri-urban mixed farms and marshland vegetables around Gasabo, Kicukiro, Nyarugenge.",RAB; FAO ECOCROP
Rwanda,Kigali,Nyarugenge,Loamy,loamy,75,Agricultural,1636,1184.0,455.0,23.3,65.2,6.25,tomato,A,100,2025-04-30,High potential,"Peri-urban mixed farms and marshland vegetables around Gasabo, Kicukiro, Nyarugenge.",RAB; FAO ECOCROP
Rwanda,Kigali,Nyarugenge,Alluvial,alluvial,70,Agricultural,1489,1141.0,521.0,21.3,75.0,5.5,beans,B,100,2025-01-11,High potential,"Peri-urban mixed farms and marshland vegetables around Gasabo, Kicukiro, Nyarugenge.",RAB; OFRA Rwanda; NISR
Rwanda,Kigali,Nyarugenge,Loamy,loamy,59,Agricultural,1496,1100.0,203.0,19.1,57.1,5.22,beans,C,95,2024-03-18,High potential,"Peri-urban mixed farms and marshland vegetables around Gasabo, Kicukiro, Nyarugenge.",RAB; OFRA Rwanda; NISR
Rwanda,Kigali,Nyarugenge,Clayey,clayey,60,Marshland,1488,927.0,384.0,20.6,66.6,6.03,maize,A,99,2025-07-27,High potential,"Peri-urban mixed farms and marshland vegetables around Gasabo, Kicukiro, Nyarugenge.",RAB CIP; OFRA Rwanda; FAO ECOCROP
Rwanda,Kigali,Nyarugenge,Alluvial,alluvial,56,Agricultural,1703,1127.0,485.0,20.4,71.2,5.86,banana,B,96,2025-04-24,High potential,"Peri-urban mixed farms and marshland vegetables around Gasabo, Kicukiro, Nyarugenge.",RAB; FAO ECOCROP; OFRA Rwanda
Rwanda,Kigali,Nyarugenge,Alluvial,alluvial,45,Agricultural,1505,1026.0,155.0,17.9,54.3,5.85,rice,C,81,2024-12-12,High potential,"Peri-urban mixed farms and marshland vegetables around Gasabo, Kicukiro, Nyarugenge.",RAB; RwaSIS; OFRA Rwanda
Rwanda,Kigali,Nyarugenge,Clayey,clayey,76,Agricultural,1825,1020.0,391.0,22.4,66.8,5.39,tomato,A,77,2024-08-09,Moderate potential,"Peri-urban mixed farms and marshland vegetables around Gasabo, Kicukiro, Nyarugenge.",RAB; FAO ECOCROP
Rwanda,Kigali,Nyarugenge,Clayey,clayey,45,Agricultural,1820,1066.0,411.0,21.9,73.4,5.64,cassava,B,98,2024-10-31,High potential,"Peri-urban mixed farms and marshland vegetables around Gasabo, Kicukiro, Nyarugenge.",RAB; IITA; IFAD crop suitability
Rwanda,Kigali,Nyarugenge,Clayey,clayey,60,Agricultural,1453,1082.0,178.0,18.6,59.1,5.98,beans,C,97,2025-07-06,High potential,"Peri-urban mixed farms and marshland vegetables around Gasabo, Kicukiro, Nyarugenge.",RAB; OFRA Rwanda; NISR
Rwanda,Kigali,Nyarugenge,Alluvial,alluvial,66,Agricultural,1520,920.0,358.0,22.7,64.5,6.54,sweet_potato,A,98,2024-12-21,High potential,"Peri-urban mixed farms and marshland vegetables around Gasabo, Kicukiro, Nyarugenge.",RAB; CIP; FAO ECOCROP
Rwanda,Kigali,Nyarugenge,Alluvial,alluvial,49,Agricultural,1679,928.0,429.0,23.7,80.8,5.34,maize,B,98,2024-11-15,High potential,"Peri-urban mixed farms and marshland vegetables around Gasabo, Kicukiro, Nyarugenge.",RAB CIP; OFRA Rwanda; FAO ECOCROP
Rwanda,Kigali,Nyarugenge,Loamy,loamy,78,Agricultural,1668,971.0,145.0,18.8,61.0,5.66,rice,C,65,2023-10-18,Moderate potential,"Peri-urban mixed farms and marshland vegetables around Gasabo, Kicukiro, Nyarugenge.",RAB; RwaSIS; OFRA Rwanda
Rwanda,Kigali,Nyarugenge,Alluvial,alluvial,73,Agricultural,1541,905.0,365.0,21.6,73.1,5.77,banana,A,95,2025-04-25,High potential,"Peri-urban mixed farms and marshland vegetables around Gasabo, Kicukiro, Nyarugenge.",RAB; FAO ECOCROP; OFRA Rwanda
Rwanda,Kigali,Nyarugenge,Alluvial,alluvial,58,Agricultural,1485,1136.0,498.0,22.6,72.9,5.82,maize,B,100,2024-05-17,High potential,"Peri-urban mixed farms and marshland vegetables around Gasabo, Kicukiro, Nyarugenge.",RAB CIP; OFRA Rwanda; FAO ECOCROP
Rwanda,Kigali,Nyarugenge,Loamy,loamy,61,Agricultural,1667,971.0,169.0,17.0,58.5,5.89,soybean,C,93,2024-02-03,High potential,"Peri-urban mixed farms and marshland vegetables around Gasabo, Kicukiro, Nyarugenge.",RAB; OFRA Rwanda
Rwanda,Kigali,Nyarugenge,Alluvial,alluvial,51,Agricultural,1737,965.0,352.0,22.0,69.1,5.59,beans,A,99,2025-03-09,High potential,"Peri-urban mixed farms and marshland vegetables around Gasabo, Kicukiro, Nyarugenge.",RAB; OFRA Rwanda; NISR
Rwanda,Kigali,Nyarugenge,Clayey,clayey,78,Agricultural,1404,1201.0,540.0,21.8,73.2,5.57,maize,B,100,2025-03-21,High potential,"Peri-urban mixed farms and marshland vegetables around Gasabo, Kicukiro, Nyarugenge.",RAB CIP; OFRA Rwanda; FAO ECOCROP
Rwanda,Kigali,Nyarugenge,Loamy,loamy,51,Marshland,1716,981.0,158.0,20.0,58.8,6.57,sweet_potato,C,96,2025-03-24,High potential,"Peri-urban mixed farms and marshland vegetables around Gasabo, Kicukiro, Nyarugenge.",RAB; CIP; FAO ECOCROP
Rwanda,Kigali,Nyarugenge,Clayey,clayey,76,Marshland,1478,1152.0,425.0,20.2,62.7,6.23,maize,A,99,2024-09-21,High potential,"Peri-urban mixed farms and marshland vegetables around Gasabo, Kicukiro, Nyarugenge.",RAB CIP; OFRA Rwanda; FAO ECOCROP
Rwanda,Kigali,Nyarugenge,Clayey,clayey,57,Agricultural,1557,1217.0,531.0,21.2,74.2,6.38,tomato,B,78,2024-06-05,Moderate potential,"Peri-urban mixed farms and marshland vegetables around Gasabo, Kicukiro, Nyarugenge.",RAB; FAO ECOCROP
Rwanda,Kigali,Nyarugenge,Alluvial,alluvial,53,Agricultural,1682,973.0,151.0,19.4,54.3,6.51,tomato,C,97,2025-04-24,High potential,"Peri-urban mixed farms and marshland vegetables around Gasabo, Kicukiro, Nyarugenge.",RAB; FAO ECOCROP
Rwanda,Kigali,Nyarugenge,Alluvial,alluvial,57,Agricultural,1802,1113.0,436.0,22.2,68.3,5.94,beans,A,100,2025-03-08,High potential,"Peri-urban mixed farms and marshland vegetables around Gasabo, Kicukiro, Nyarugenge.",RAB; OFRA Rwanda; NISR
Rwanda,Kigali,Nyarugenge,Clayey,clayey,46,Agricultural,1605,1141.0,514.0,21.5,83.5,5.58,banana,B,96,2025-05-31,High potential,"Peri-urban mixed farms and marshland vegetables around Gasabo, Kicukiro, Nyarugenge.",RAB; FAO ECOCROP; OFRA Rwanda
Rwanda,Kigali,Nyarugenge,Loamy,loamy,74,Agricultural,1445,886.0,128.0,18.2,53.9,5.55,rice,C,60,2024-09-09,Moderate potential,"Peri-urban mixed farms and marshland vegetables around Gasabo, Kicukiro, Nyarugenge.",RAB; RwaSIS; OFRA Rwanda
Rwanda,Kigali,Nyarugenge,Alluvial,alluvial,47,Agricultural,1712,1159.0,472.0,23.0,67.4,6.74,sweet_potato,A,100,2024-12-31,High potential,"Peri-urban mixed farms and marshland vegetables around Gasabo, Kicukiro, Nyarugenge.",RAB; CIP; FAO ECOCROP
Rwanda,Kigali,Nyarugenge,Loamy,loamy,51,Agricultural,1722,1174.0,571.0,22.1,76.9,6.2,maize,B,100,2024-08-02,High potential,"Peri-urban mixed farms and marshland vegetables around Gasabo, Kicukiro, Nyarugenge.",RAB CIP; OFRA Rwanda; FAO ECOCROP
Rwanda,Kigali,Nyarugenge,Clayey,clayey,64,Agricultural,1702,883.0,158.0,19.1,56.9,5.51,beans,C,97,2024-09-28,High potential,"Peri-urban mixed farms and marshland vegetables around Gasabo, Kicukiro, Nyarugenge.",RAB; OFRA Rwanda; NISR
Rwanda,Kigali,Nyarugenge,Clayey,clayey,75,Agricultural,1572,1072.0,373.0,20.1,67.3,6.08,sweet_potato,A,76,2024-03-08,Moderate potential,"Peri-urban mixed farms and marshland vegetables around Gasabo, Kicukiro, Nyarugenge.",RAB; CIP; FAO ECOCROP
Rwanda,Kigali,Nyarugenge,Clayey,clayey,63,Agricultural,1829,1074.0,520.0,20.3,76.8,6.08,cassava,B,99,2025-04-07,High potential,"Peri-urban mixed farms and marshland vegetables around Gasabo, Kicukiro, Nyarugenge.",RAB; IITA; IFAD crop suitability
Rwanda,Kigali,Nyarugenge,Clayey,clayey,56,Agricultural,1797,900.0,154.0,18.2,59.5,6.14,tomato,C,75,2023-12-29,Moderate potential,"Peri-urban mixed farms and marshland vegetables around Gasabo, Kicukiro, Nyarugenge.",RAB; FAO ECOCROP
Rwanda,Kigali,Nyarugenge,Alluvial,alluvial,52,Agricultural,1638,1102.0,455.0,20.9,73.1,6.5,maize,A,99,2023-09-08,High potential,"Peri-urban mixed farms and marshland vegetables around Gasabo, Kicukiro, Nyarugenge.",RAB CIP; OFRA Rwanda; FAO ECOCROP
Rwanda,Kigali,Nyarugenge,Alluvial,alluvial,58,Agricultural,1548,952.0,480.0,21.1,77.5,6.04,tomato,B,100,2024-10-29,High potential,"Peri-urban mixed farms and marshland vegetables around Gasabo, Kicukiro, Nyarugenge.",RAB; FAO ECOCROP
Rwanda,Kigali,Nyarugenge,Clayey,clayey,75,Agricultural,1538,900.0,148.0,19.0,58.1,6.34,tomato,C,75,2024-08-14,Moderate potential,"Peri-urban mixed farms and marshland vegetables around Gasabo, Kicukiro, Nyarugenge.",RAB; FAO ECOCROP
Rwanda,Kigali,Nyarugenge,Clayey,clayey,56,Agricultural,1413,1072.0,369.0,21.4,69.4,6.49,tomato,A,78,2023-10-14,Moderate potential,"Peri-urban mixed farms and marshland vegetables around Gasabo, Kicukiro, Nyarugenge.",RAB; FAO ECOCROP
Rwanda,Kigali,Nyarugenge,Alluvial,alluvial,67,Agricultural,1597,1063.0,429.0,21.0,73.5,6.25,maize,B,99,2024-11-23,High potential,"Peri-urban mixed farms and marshland vegetables around Gasabo, Kicukiro, Nyarugenge.",RAB CIP; OFRA Rwanda; FAO ECOCROP
Rwanda,Kigali,Nyarugenge,Clayey,clayey,69,Homestead,1552,1056.0,205.0,20.0,59.1,5.93,soybean,C,96,2023-10-05,High potential,"Peri-urban mixed farms and marshland vegetables around Gasabo, Kicukiro, Nyarugenge.",RAB; OFRA Rwanda
Rwanda,Kigali,Nyarugenge,Loamy,loamy,63,Agricultural,1451,946.0,343.0,23.6,63.7,5.87,tomato,A,99,2025-07-21,High potential,"Peri-urban mixed farms and marshland vegetables around Gasabo, Kicukiro, Nyarugenge.",RAB; FAO ECOCROP
Rwanda,Kigali,Nyarugenge,Clayey,clayey,63,Marshland,1596,1129.0,561.0,20.9,76.2,6.4,maize,B,100,2023-09-12,High potential,"Peri-urban mixed farms and marshland vegetables around Gasabo, Kicukiro, Nyarugenge.",RAB CIP; OFRA Rwanda; FAO ECOCROP
Rwanda,Kigali,Nyarugenge,Loamy,loamy,64,Agricultural,1687,872.0,149.0,17.0,59.3,6.25,tomato,C,97,2024-01-28,High potential,"Peri-urban mixed farms and marshland vegetables around Gasabo, Kicukiro, Nyarugenge.",RAB; FAO ECOCROP
Rwanda,Kigali,Nyarugenge,Alluvial,alluvial,61,Agricultural,1717,1002.0,423.0,20.5,68.4,6.66,maize,A,99,2025-06-09,High potential,"Peri-urban mixed farms and marshland vegetables around Gasabo, Kicukiro, Nyarugenge.",RAB CIP; OFRA Rwanda; FAO ECOCROP
Rwanda,Kigali,Nyarugenge,Clayey,clayey,47,Agricultural,1777,1072.0,522.0,18.9,73.4,6.38,banana,B,97,2024-11-13,High potential,"Peri-urban mixed farms and marshland vegetables around Gasabo, Kicukiro, Nyarugenge.",RAB; FAO ECOCROP; OFRA Rwanda
Rwanda,Kigali,Nyarugenge,Clayey,clayey,77,Marshland,1646,935.0,140.0,20.5,59.8,6.58,tomato,C,75,2023-12-22,Moderate potential,"Peri-urban mixed farms and marshland vegetables around Gasabo, Kicukiro, Nyarugenge.",RAB; FAO ECOCROP
Rwanda,Kigali,Nyarugenge,Loamy,loamy,71,Agricultural,1507,1181.0,468.0,22.7,69.2,5.52,tomato,A,100,2024-04-02,High potential,"Peri-urban mixed farms and marshland vegetables around Gasabo, Kicukiro, Nyarugenge.",RAB; FAO ECOCROP
Rwanda,Kigali,Nyarugenge,Alluvial,alluvial,49,Agricultural,1442,1107.0,473.0,22.0,72.3,6.54,maize,B,100,2025-01-02,High potential,"Peri-urban mixed farms and marshland vegetables around Gasabo, Kicukiro, Nyarugenge.",RAB CIP; OFRA Rwanda; FAO ECOCROP
Rwanda,Kigali,Nyarugenge,Loamy,loamy,45,Agricultural,1449,1036.0,154.0,19.2,46.6,6.59,tomato,C,95,2024-12-11,High potential,"Peri-urban mixed farms and marshland vegetables around Gasabo, Kicukiro, Nyarugenge.",RAB; FAO ECOCROP
Rwanda,Kigali,Nyarugenge,Clayey,clayey,64,Agricultural,1451,1118.0,400.0,22.0,69.8,5.29,maize,A,97,2025-07-22,High potential,"Peri-urban mixed farms and marshland vegetables around Gasabo, Kicukiro, Nyarugenge.",RAB CIP; OFRA Rwanda; FAO ECOCROP
Rwanda,Kigali,Nyarugenge,Loamy,loamy,63,Agricultural,1730,963.0,429.0,22.7,76.3,6.54,beans,B,100,2024-07-25,High potential,"Peri-urban mixed farms and marshland vegetables around Gasabo, Kicukiro, Nyarugenge.",RAB; OFRA Rwanda; NISR
Rwanda,Kigali,Nyarugenge,Clayey,clayey,55,Agricultural,1517,1077.0,204.0,17.8,68.2,6.6,tomato,C,76,2024-09-21,Moderate potential,"Peri-urban mixed farms and marshland vegetables around Gasabo, Kicukiro, Nyarugenge.",RAB; FAO ECOCROP
Rwanda,Kigali,Nyarugenge,Clayey,clayey,69,Agricultural,1728,1189.0,401.0,20.0,73.8,6.14,sweet_potato,A,77,2024-08-13,Moderate potential,"Peri-urban mixed farms and marshland vegetables around Gasabo, Kicukiro, Nyarugenge.",RAB; CIP; FAO ECOCROP
Rwanda,Kigali,Nyarugenge,Clayey,clayey,63,Homestead,1769,1253.0,630.0,22.5,76.2,6.78,tomato,B,78,2023-09-13,Moderate potential,"Peri-urban mixed farms and marshland vegetables around Gasabo, Kicukiro, Nyarugenge.",RAB; FAO ECOCROP
Rwanda,Kigali,Nyarugenge,Alluvial,alluvial,53,Agricultural,1553,1066.0,171.0,20.3,49.8,5.66,tomato,C,97,2025-02-05,High potential,"Peri-urban mixed farms and marshland vegetables around Gasabo, Kicukiro, Nyarugenge.",RAB; FAO ECOCROP
Rwanda,Kigali,Nyarugenge,Loamy,loamy,57,Agricultural,1826,1043.0,417.0,23.4,69.7,5.93,sweet_potato,A,99,2024-12-27,High potential,"Peri-urban mixed farms and marshland vegetables around Gasabo, Kicukiro, Nyarugenge.",RAB; CIP; FAO ECOCROP
Rwanda,Kigali,Nyarugenge,Loamy,loamy,73,Agricultural,1606,1116.0,510.0,21.8,74.7,5.52,tomato,B,100,2024-01-29,High potential,"Peri-urban mixed farms and marshland vegetables around Gasabo, Kicukiro, Nyarugenge.",RAB; FAO ECOCROP
Rwanda,Kigali,Nyarugenge,Alluvial,alluvial,57,Agricultural,1374,1047.0,170.0,18.8,56.2,6.67,beans,C,97,2024-12-17,High potential,"Peri-urban mixed farms and marshland vegetables around Gasabo, Kicukiro, Nyarugenge.",RAB; OFRA Rwanda; NISR
Rwanda,Kigali,Nyarugenge,Loamy,loamy,55,Agricultural,1372,1114.0,443.0,21.3,69.6,5.53,maize,A,99,2025-05-23,High potential,"Peri-urban mixed farms and marshland vegetables around Gasabo, Kicukiro, Nyarugenge.",RAB CIP; OFRA Rwanda; FAO ECOCROP
Rwanda,Kigali,Nyarugenge,Loamy,loamy,74,Agricultural,1512,1183.0,474.0,21.4,74.8,5.52,maize,B,100,2024-05-10,High potential,"Peri-urban mixed farms and marshland vegetables around Gasabo, Kicukiro, Nyarugenge.",RAB CIP; OFRA Rwanda; FAO ECOCROP
Rwanda,Kigali,Nyarugenge,Alluvial,alluvial,77,Agricultural,1498,850.0,152.0,19.2,59.7,6.74,rice,C,87,2025-01-31,High potential,"Peri-urban mixed farms and marshland vegetables around Gasabo, Kicukiro, Nyarugenge.",RAB; RwaSIS; OFRA Rwanda
Rwanda,Kigali,Nyarugenge,Alluvial,alluvial,75,Agricultural,1590,1180.0,477.0,19.7,65.5,6.45,sweet_potato,A,100,2024-08-20,High potential,"Peri-urban mixed farms and marshland vegetables around Gasabo, Kicukiro, Nyarugenge.",RAB; CIP; FAO ECOCROP
Rwanda,Kigali,Nyarugenge,Loamy,loamy,61,Agricultural,1700,1051.0,483.0,20.0,73.6,5.89,cassava,B,99,2025-01-04,High potential,"Peri-urban mixed farms and marshland vegetables around Gasabo, Kicukiro, Nyarugenge.",RAB; IITA; IFAD crop suitability
Rwanda,Kigali,Nyarugenge,Loamy,loamy,52,Agricultural,1378,1042.0,185.0,17.9,60.1,5.99,rice,C,63,2024-02-20,Moderate potential,"Peri-urban mixed farms and marshland vegetables around Gasabo, Kicukiro, Nyarugenge.",RAB; RwaSIS; OFRA Rwanda
Rwanda,Kigali,Nyarugenge,Loamy,loamy,65,Agricultural,1504,1080.0,439.0,20.3,70.6,6.19,beans,A,100,2024-06-28,High potential,"Peri-urban mixed farms and marshland vegetables around Gasabo, Kicukiro, Nyarugenge.",RAB; OFRA Rwanda; NISR
Rwanda,Kigali,Nyarugenge,Loamy,loamy,57,Fallow,1418,1076.0,488.0,20.4,75.6,6.73,maize,B,100,2023-12-28,High potential,"Peri-urban mixed farms and marshland vegetables around Gasabo, Kicukiro, Nyarugenge.",RAB CIP; OFRA Rwanda; FAO ECOCROP
Rwanda,Kigali,Nyarugenge,Loamy,loamy,64,Agricultural,1669,849.0,157.0,17.3,54.2,6.71,sweet_potato,C,95,2023-12-18,High potential,"Peri-urban mixed farms and marshland vegetables around Gasabo, Kicukiro, Nyarugenge.",RAB; CIP; FAO ECOCROP
Rwanda,Kigali,Nyarugenge,Loamy,loamy,57,Agricultural,1690,1178.0,439.0,21.2,71.2,5.42,banana,A,95,2024-07-20,High potential,"Peri-urban mixed farms and marshland vegetables around Gasabo, Kicukiro, Nyarugenge.",RAB; FAO ECOCROP; OFRA Rwanda
Rwanda,Kigali,Nyarugenge,Alluvial,alluvial,76,Agricultural,1760,1171.0,524.0,18.3,72.5,6.75,tomato,B,100,2024-02-09,High potential,"Peri-urban mixed farms and marshland vegetables around Gasabo, Kicukiro, Nyarugenge.",RAB; FAO ECOCROP
Rwanda,Kigali,Nyarugenge,Clayey,clayey,51,Agricultural,1513,1072.0,161.0,19.5,49.2,6.56,rice,C,83,2024-01-19,High potential,"Peri-urban mixed farms and marshland vegetables around Gasabo, Kicukiro, Nyarugenge.",RAB; RwaSIS; OFRA Rwanda
Rwanda,Kigali,Nyarugenge,Alluvial,alluvial,62,Marshland,1613,1052.0,388.0,20.6,74.1,6.32,beans,A,100,2024-09-15,High potential,"Peri-urban mixed farms and marshland vegetables around Gasabo, Kicukiro, Nyarugenge.",RAB; OFRA Rwanda; NISR
Rwanda,Kigali,Nyarugenge,Clayey,clayey,51,Agricultural,1505,965.0,395.0,21.8,71.8,5.23,beans,B,98,2025-05-12,High potential,"Peri-urban mixed farms and marshland vegetables around Gasabo, Kicukiro, Nyarugenge.",RAB; OFRA Rwanda; NISR
Rwanda,Kigali,Nyarugenge,Clayey,clayey,59,Agricultural,1717,975.0,181.0,19.8,49.1,5.5,soybean,C,93,2025-07-05,High potential,"Peri-urban mixed farms and marshland vegetables around Gasabo, Kicukiro, Nyarugenge.",RAB; OFRA Rwanda
Rwanda,Kigali,Nyarugenge,Loamy,loamy,62,Agricultural,1434,906.0,387.0,21.5,60.8,6.47,tomato,A,100,2024-07-22,High potential,"Peri-urban mixed farms and marshland vegetables around Gasabo, Kicukiro, Nyarugenge.",RAB; FAO ECOCROP
Rwanda,Kigali,Nyarugenge,Alluvial,alluvial,70,Agricultural,1798,952.0,385.0,21.5,73.3,5.71,maize,B,99,2025-06-25,High potential,"Peri-urban mixed farms and marshland vegetables around Gasabo, Kicukiro, Nyarugenge.",RAB CIP; OFRA Rwanda; FAO ECOCROP
Rwanda,Kigali,Nyarugenge,Loamy,loamy,74,Agricultural,1626,845.0,134.0,20.9,59.4,6.33,tomato,C,97,2025-03-05,High potential,"Peri-urban mixed farms and marshland vegetables around Gasabo, Kicukiro, Nyarugenge.",RAB; FAO ECOCROP
Rwanda,Kigali,Nyarugenge,Loamy,loamy,55,Marshland,1420,1130.0,426.0,22.5,67.4,6.76,tomato,A,100,2025-04-22,High potential,"Peri-urban mixed farms and marshland vegetables around Gasabo, Kicukiro, Nyarugenge.",RAB; FAO ECOCROP
Rwanda,Kigali,Nyarugenge,Alluvial,alluvial,57,Marshland,1548,1101.0,450.0,21.0,73.1,6.5,cassava,B,76,2024-12-10,Moderate potential,"Peri-urban mixed farms and marshland vegetables around Gasabo, Kicukiro, Nyarugenge.",RAB; IITA; IFAD crop suitability
Rwanda,Kigali,Nyarugenge,Clayey,clayey,58,Agricultural,1435,1007.0,162.0,19.4,59.0,5.98,sweet_potato,C,74,2024-09-10,Moderate potential,"Peri-urban mixed farms and marshland vegetables around Gasabo, Kicukiro, Nyarugenge.",RAB; CIP; FAO ECOCROP
Rwanda,Kigali,Nyarugenge,Clayey,clayey,72,Agricultural,1698,983.0,319.0,23.4,66.6,5.88,tomato,A,77,2024-02-22,Moderate potential,"Peri-urban mixed farms and marshland vegetables around Gasabo, Kicukiro, Nyarugenge.",RAB; FAO ECOCROP
Rwanda,Kigali,Nyarugenge,Loamy,loamy,64,Agricultural,1668,1137.0,450.0,19.6,74.4,5.87,banana,B,96,2025-05-15,High potential,"Peri-urban mixed farms and marshland vegetables around Gasabo, Kicukiro, Nyarugenge.",RAB; FAO ECOCROP; OFRA Rwanda
