plot_id,date,season,district,crop_id,variety,soil_texture,lab_ph,nitrogen,phosphorus,potassium,ec_us_cm,moisture_vwc,yield_t_ha,fertilizer_applied
PLT-0001,2025-03-16,C,Burera,irish_potatoes,Cruza,loamy,6.74,34.3,40.0,46.0,174.2,31.5,3.1,None
PLT-0002,2024-08-25,A,Gatsibo,banana,Local,clayey,7.38,64.8,37.4,91.5,354.1,56.7,5.81,Manure
PLT-0003,2026-01-09,A,Rulindo,barley,Local,loamy,5.65,70.5,45.2,40.8,422.6,52.1,1.06,NPK+Manure
PLT-0004,2024-10-10,B,Ngororero,tea,Improved,loamy,4.62,71.8,35.2,54.4,518.7,68.3,0.96,DAP+Urea
PLT-0005,2024-07-17,A,Rwamagana,sorghum,Local,sandy,6.87,31.1,32.8,37.7,263.4,49.5,1.01,Urea
PLT-0006,2025-07-19,A,Bugesera,groundnut,Improved,sandy,6.73,31.8,37.8,44.3,553.5,46.2,0.82,NPK 17-17-17
PLT-0007,2024-04-17,B,Kamonyi,sugarcane,Improved,loamy,5.33,81.7,32.2,57.9,389.3,32.5,23.13,Urea
PLT-0008,2025-07-17,B,Kirehe,groundnut,Local,loamy,6.38,27.1,34.1,32.1,597.9,50.4,0.57,DAP+Urea
PLT-0009,2024-09-02,C,Rubavu,beans,Climbing,sandy,6.7,37.4,32.0,37.5,311.5,66.5,0.58,DAP+Urea
PLT-0010,2025-06-19,B,Muhanga,soybean,Improved,loamy,5.24,39.7,45.7,47.5,160.8,30.6,0.75,NPK 17-17-17
PLT-0011,2026-07-10,B,Nyaruguru,soybean,Local,clayey,5.6,22.2,18.9,28.6,582.0,38.1,0.46,None
PLT-0012,2026-07-09,A,Nyagatare,sweet_potato,Improved,sandy,7.25,46.4,39.7,81.8,197.4,69.1,5.76,NPK 17-17-17
PLT-0013,2024-06-06,A,Ngoma,sugarcane,Local,alluvial,6.49,60.7,47.3,73.2,386.5,58.6,36.5,Manure
PLT-0014,2025-08-09,B,Ngoma,soybean,Improved,loamy,6.57,33.6,38.0,38.7,205.0,47.7,0.93,Urea
PLT-0015,2024-12-22,B,Huye,beans,Bush,loamy,5.44,38.7,37.6,39.2,302.7,39.6,0.7,NPK 17-17-17
PLT-0016,2025-09-11,C,Rusizi,beans,Mutiki,sandy,5.84,30.8,27.6,30.1,269.6,54.0,0.62,Manure
PLT-0017,2024-01-23,A,Nyamagabe,sugarcane,Local,clayey,7.02,56.1,46.1,65.8,169.3,41.8,24.49,Manure
PLT-0018,2024-01-03,A,Rwamagana,sunflower,Local,sandy,7.59,53.0,48.2,49.4,266.7,37.6,1.06,NPK+Manure
PLT-0019,2026-01-11,A,Ngoma,cassava,Gisari,loamy,6.83,30.5,27.3,56.7,372.1,48.6,12.72,Manure
PLT-0020,2026-09-20,C,Nyarugenge,tomatoes,Local,sandy,6.58,29.4,25.3,40.3,140.2,33.2,5.52,None
PLT-0021,2024-11-22,A,Kayonza,groundnut,Improved,sandy,6.7,14.4,23.1,14.1,168.8,56.8,0.35,None
PLT-0022,2024-10-16,C,Rwamagana,rice,Kigori,alluvial,6.26,97.1,40.1,46.9,156.0,33.1,4.13,DAP+Urea
PLT-0023,2025-06-25,B,Ngoma,groundnut,Improved,loamy,6.13,21.0,25.9,24.4,551.0,51.2,0.75,Urea
PLT-0024,2026-04-09,A,Rwamagana,groundnut,Improved,sandy,5.59,27.7,31.7,28.1,215.7,38.1,0.62,DAP+Urea
PLT-0025,2024-09-10,A,Rulindo,corn,Kigega,clayey,7.35,53.5,43.4,32.7,216.6,45.2,1.1,DAP+Urea
PLT-0026,2026-10-02,A,Musanze,sweet_potato,Local,sandy,6.46,39.7,47.3,86.0,166.6,48.3,6.27,NPK+Manure
PLT-0027,2024-11-11,C,Kirehe,soybean,Improved,loamy,6.87,45.2,52.7,57.3,537.2,36.9,1.01,NPK 17-17-17
PLT-0028,2024-05-19,B,Kayonza,sugarcane,Local,alluvial,5.22,82.3,52.7,77.8,180.6,52.7,30.82,NPK+Manure
PLT-0029,2025-10-14,A,Gicumbi,corn,Kigega,alluvial,6.82,58.4,32.3,42.5,511.5,57.9,1.61,Urea
PLT-0030,2026-05-04,C,Karongi,coffee,Local,loamy,5.59,31.5,15.4,29.5,403.1,61.4,0.37,None
PLT-0031,2025-03-16,B,Ngoma,sorghum,Local,sandy,6.68,32.0,26.2,38.0,567.0,61.1,0.77,DAP+Urea
PLT-0032,2025-08-16,B,Nyamasheke,coffee,Local,loamy,6.99,47.5,36.5,59.6,423.8,38.6,0.46,DAP+Urea
PLT-0033,2026-10-20,A,Ngoma,sugarcane,Local,loamy,6.21,88.8,56.9,92.4,241.6,60.9,42.41,NPK 17-17-17
PLT-0034,2025-10-28,A,Gatsibo,groundnut,Local,loamy,7.05,18.6,30.2,25.3,265.5,38.4,0.44,DAP+Urea
PLT-0035,2025-08-20,B,Rulindo,wheat,Local,clayey,5.85,43.7,42.2,24.6,365.7,59.8,1.02,Urea
PLT-0036,2026-11-01,A,Rulindo,tomatoes,Local,sandy,6.93,75.4,71.5,89.8,169.2,30.1,13.93,NPK+Manure
PLT-0037,2026-03-06,A,Nyabihu,cassava,Ndamirabana,clayey,7.23,53.0,31.9,88.5,295.5,45.2,10.4,NPK+Manure
PLT-0038,2025-01-23,B,Gatsibo,rice,Zhongeng,loamy,6.32,101.0,45.1,39.0,358.1,43.1,3.35,NPK+Manure
PLT-0039,2024-03-25,A,Rusizi,corn,Hybrid WH,loamy,7.7,67.5,36.9,33.1,187.8,41.8,1.61,DAP+Urea
PLT-0040,2026-12-14,B,Rwamagana,cassava,Gisari,clayey,4.99,58.9,32.1,91.2,126.6,62.9,11.53,DAP+Urea
PLT-0041,2025-12-06,B,Nyagatare,cotton,Improved,clayey,6.65,36.0,20.6,22.9,585.5,32.1,0.51,None
PLT-0042,2026-12-23,B,Nyarugenge,tomatoes,Local,sandy,7.28,73.1,38.7,74.8,121.0,38.9,6.11,Manure
PLT-0043,2024-07-19,B,Gicumbi,tea,Local,clayey,4.13,26.2,23.5,38.7,402.4,61.2,0.5,None
PLT-0044,2025-06-04,A,Musanze,tea,Local,clayey,5.3,57.5,27.9,62.2,168.2,33.1,1.08,Manure
PLT-0045,2024-08-17,A,Gisagara,banana,Improved,loamy,6.33,35.4,13.4,45.0,442.8,44.9,3.46,None
PLT-0046,2024-01-24,B,Burera,wheat,Local,loamy,6.23,63.1,46.5,41.1,166.1,31.5,1.58,DAP+Urea
PLT-0047,2025-12-20,A,Gicumbi,irish_potatoes,Kinigi,clayey,5.87,71.5,49.7,107.8,370.1,49.4,7.36,Urea
PLT-0048,2024-06-27,A,Kamonyi,banana,Local,clayey,5.39,52.0,29.5,111.9,182.9,31.9,4.31,Manure
PLT-0049,2024-02-02,B,Burera,pea,Improved,clayey,6.91,27.8,35.8,31.0,411.3,33.3,0.69,DAP+Urea
PLT-0050,2024-03-04,A,Gatsibo,sunflower,Local,sandy,7.17,37.3,45.9,36.7,305.2,50.7,0.95,Manure
PLT-0051,2026-09-14,A,Rubavu,tea,Local,loamy,5.82,88.6,36.3,85.7,466.1,60.1,1.45,NPK 17-17-17
PLT-0052,2025-07-13,C,Bugesera,soybean,Improved,clayey,6.32,34.8,42.9,47.3,581.0,62.8,0.94,Manure
PLT-0053,2025-07-05,A,Ngoma,cotton,Improved,loamy,5.54,61.4,34.4,45.4,267.3,53.6,0.88,Manure
PLT-0054,2026-05-20,C,Nyabihu,irish_potatoes,Kinigi,clayey,5.32,35.1,42.1,65.0,577.2,66.5,4.77,None
PLT-0055,2025-02-05,C,Muhanga,coffee,Improved,clayey,5.26,65.7,40.8,91.1,258.0,56.5,0.97,NPK+Manure
PLT-0056,2025-01-03,C,Bugesera,soybean,Local,clayey,5.93,21.4,22.2,20.7,307.5,49.3,0.34,None
PLT-0057,2026-04-15,C,Musanze,pea,Improved,loamy,5.25,33.2,35.7,24.5,148.5,69.9,0.78,Manure
PLT-0058,2025-03-21,C,Gakenke,pea,Improved,loamy,5.43,44.5,41.5,47.1,291.9,57.0,1.08,DAP+Urea
PLT-0059,2024-06-17,C,Kamonyi,soybean,Improved,loamy,5.0,43.6,52.5,46.4,260.3,35.5,0.94,NPK 17-17-17
PLT-0060,2026-03-10,B,Rwamagana,sorghum,Improved,sandy,6.53,50.1,39.9,45.7,598.0,60.8,1.17,NPK 17-17-17
PLT-0061,2024-01-26,A,Ngororero,irish_potatoes,Cruza,loamy,5.1,63.0,66.1,89.4,443.9,69.8,5.75,DAP+Urea
PLT-0062,2026-10-23,A,Kayonza,sunflower,Improved,loamy,5.55,37.1,31.1,31.1,127.9,53.1,0.77,Manure
PLT-0063,2024-05-12,B,Kayonza,sorghum,Local,loamy,7.64,49.6,43.2,39.8,277.3,51.8,1.16,NPK+Manure
PLT-0064,2024-07-11,B,Kirehe,groundnut,Improved,loamy,6.85,24.5,32.2,36.2,488.4,41.9,0.74,DAP+Urea
PLT-0065,2025-08-16,A,Burera,tea,Local,loamy,4.63,42.8,13.2,28.0,126.1,34.1,0.81,None
PLT-0066,2026-08-10,A,Gicumbi,sweet_potato,Local,sandy,5.61,30.4,28.2,66.7,231.0,69.1,3.74,Manure
PLT-0067,2026-12-10,C,Muhanga,banana,Improved,loamy,6.27,83.3,40.9,135.2,348.2,56.9,7.73,DAP+Urea
PLT-0068,2025-11-16,A,Rwamagana,sunflower,Local,sandy,7.33,21.4,21.6,22.1,542.8,34.6,0.67,None
PLT-0069,2025-01-14,C,Nyanza,banana,Improved,alluvial,6.69,89.8,36.9,145.7,517.4,66.9,10.41,NPK+Manure
PLT-0070,2025-08-14,C,Nyarugenge,rice,Zhongeng,loamy,7.41,105.9,37.5,46.1,169.5,43.1,2.96,NPK+Manure
PLT-0071,2025-01-28,B,Nyanza,banana,Local,alluvial,6.25,87.5,46.4,178.8,238.0,62.9,8.57,NPK 17-17-17
PLT-0072,2024-07-23,B,Rulindo,barley,Improved,sandy,7.75,68.0,41.7,45.2,366.7,66.1,1.44,NPK+Manure
PLT-0073,2025-12-23,C,Ngororero,coffee,Improved,loamy,4.74,60.3,43.8,92.7,361.6,35.9,0.61,DAP+Urea
PLT-0074,2025-02-04,B,Gisagara,corn,Kigega,loamy,6.52,74.8,35.1,45.8,490.9,51.9,1.66,DAP+Urea
PLT-0075,2024-05-02,B,Kayonza,cassava,Gahene,loamy,4.87,41.5,26.6,71.3,214.2,51.8,9.04,DAP+Urea
PLT-0076,2026-09-15,C,Nyamasheke,coffee,Improved,clayey,6.51,38.6,24.4,63.0,125.1,65.6,0.5,Manure
PLT-0077,2026-02-26,A,Rwamagana,groundnut,Improved,loamy,6.41,35.7,40.4,36.3,307.2,58.1,0.85,DAP+Urea
PLT-0078,2024-05-24,A,Gicumbi,tomatoes,Local,clayey,5.91,94.5,71.4,72.7,410.2,51.8,14.32,DAP+Urea
PLT-0079,2024-01-14,B,Musanze,barley,Improved,sandy,6.47,64.2,40.5,42.2,332.5,36.1,1.36,DAP+Urea
PLT-0080,2024-05-08,B,Karongi,coffee,Improved,clayey,6.09,54.6,26.5,56.1,171.0,65.1,0.58,Urea
PLT-0081,2025-01-03,A,Nyamagabe,sweet_potato,Improved,sandy,5.16,36.1,44.2,89.5,374.5,42.2,5.48,DAP+Urea
PLT-0082,2026-07-19,B,Rwamagana,sorghum,Local,sandy,5.66,56.2,37.0,45.3,216.5,36.4,1.11,DAP+Urea
PLT-0083,2026-11-09,A,Nyaruguru,sugarcane,Improved,alluvial,6.15,44.9,22.6,25.1,326.2,45.2,12.78,None
PLT-0084,2024-02-04,A,Rwamagana,sorghum,Improved,loamy,6.08,56.4,44.0,40.4,148.7,51.2,1.42,NPK 17-17-17
PLT-0085,2024-01-28,A,Kayonza,sunflower,Local,loamy,6.47,46.8,52.3,46.6,397.6,39.8,1.4,NPK 17-17-17
PLT-0086,2025-07-04,A,Nyamasheke,tea,Improved,clayey,4.74,91.6,46.4,94.1,582.0,41.8,1.86,NPK+Manure
PLT-0087,2024-08-11,A,Musanze,pea,Improved,loamy,5.85,13.6,14.5,12.6,133.0,49.0,0.46,None
PLT-0088,2025-11-09,B,Gisagara,sugarcane,Local,clayey,6.75,106.0,55.3,89.6,430.2,55.1,43.9,NPK+Manure
PLT-0089,2025-03-01,C,Rubavu,coffee,Local,loamy,6.53,48.8,35.1,65.5,514.8,54.9,0.43,DAP+Urea
PLT-0090,2026-06-11,B,Kirehe,cotton,Local,alluvial,7.34,31.9,27.4,19.7,248.4,43.7,0.65,None
PLT-0091,2024-09-13,B,Kayonza,groundnut,Local,loamy,5.83,31.6,44.6,42.5,494.8,51.1,0.93,NPK 17-17-17
PLT-0092,2026-05-28,A,Ngoma,groundnut,Local,sandy,6.86,24.2,33.2,36.6,485.1,68.6,0.57,Urea
PLT-0093,2025-04-05,B,Rulindo,barley,Local,sandy,6.74,25.6,19.9,13.0,527.4,61.2,0.5,None
PLT-0094,2024-04-22,B,Gicumbi,tea,Local,loamy,4.06,85.0,36.4,78.7,527.5,43.4,1.16,NPK+Manure
PLT-0095,2024-09-04,B,Bugesera,sorghum,Local,clayey,5.36,53.3,38.0,47.8,110.0,69.4,1.09,DAP+Urea
PLT-0096,2025-04-18,A,Ngoma,banana,Improved,alluvial,5.87,24.1,20.7,87.9,283.3,68.7,3.47,None
PLT-0097,2024-03-01,A,Bugesera,banana,Local,clayey,6.98,77.3,36.5,167.3,108.5,33.2,9.72,DAP+Urea
PLT-0098,2026-11-10,A,Rubavu,tea,Improved,loamy,5.38,57.8,37.3,49.5,482.5,54.8,1.16,Urea
PLT-0099,2026-05-24,B,Bugesera,rice,Intsindagirabigega,alluvial,6.32,62.5,26.6,36.8,107.0,40.1,2.74,Manure
PLT-0100,2024-12-01,A,Ngoma,corn,Hybrid WH,sandy,5.31,71.5,39.2,31.7,311.2,68.2,1.66,Manure
PLT-0101,2026-04-25,A,Musanze,pea,Improved,loamy,5.84,22.5,18.7,12.1,240.6,62.4,0.53,None
PLT-0102,2025-09-25,B,Gakenke,barley,Local,loamy,7.78,54.3,35.8,36.9,129.4,57.8,0.8,DAP+Urea
PLT-0103,2024-11-09,C,Rusizi,beans,Bush,sandy,5.22,29.0,32.5,29.5,243.2,68.4,0.49,Urea
PLT-0104,2025-07-09,B,Kicukiro,soybean,Local,loamy,5.64,42.0,46.1,55.5,286.7,69.1,1.07,DAP+Urea
PLT-0105,2026-06-22,A,Gakenke,pea,Local,clayey,7.48,24.2,32.8,37.1,128.0,42.8,0.77,Manure
PLT-0106,2025-12-03,B,Gasabo,rice,Intsindagirabigega,clayey,6.85,60.9,37.5,25.3,266.1,31.9,2.94,DAP+Urea
PLT-0107,2026-12-04,B,Nyamagabe,cassava,Gahene,loamy,5.0,37.9,22.5,55.9,415.6,47.4,9.49,Urea
PLT-0108,2026-10-04,A,Musanze,barley,Local,sandy,7.05,51.8,35.1,28.9,281.1,53.2,1.29,Urea
PLT-0109,2024-05-22,B,Musanze,wheat,Local,clayey,5.66,80.0,58.2,44.9,441.2,51.7,1.75,NPK+Manure
PLT-0110,2026-01-07,B,Rulindo,pea,Local,clayey,7.1,45.4,36.1,42.4,599.3,55.3,0.83,NPK 17-17-17
PLT-0111,2026-03-19,C,Rwamagana,soybean,Local,loamy,6.99,12.6,23.9,17.1,574.3,67.3,0.39,None
PLT-0112,2026-10-04,A,Ruhango,banana,Local,alluvial,6.13,72.3,41.7,149.6,149.1,30.7,10.03,NPK+Manure
PLT-0113,2024-07-15,A,Nyanza,cassava,Gisari,sandy,5.86,29.0,13.6,27.5,543.9,57.5,7.04,None
PLT-0114,2025-01-11,A,Rulindo,tea,Local,loamy,5.53,70.7,29.3,50.3,275.9,48.1,1.22,Urea
PLT-0115,2024-10-27,B,Gakenke,irish_potatoes,Kinigi,clayey,5.43,61.7,58.4,101.8,435.6,68.6,5.77,Manure
PLT-0116,2024-03-26,A,Rubavu,cassava,Gisari,clayey,6.33,25.0,13.7,30.5,581.3,54.5,6.71,None
PLT-0117,2025-10-01,B,Gicumbi,wheat,Improved,sandy,6.55,61.6,41.2,32.7,162.9,41.4,1.02,Urea
PLT-0118,2026-11-27,B,Muhanga,banana,Improved,clayey,5.5,68.5,30.5,126.1,232.7,47.4,6.41,Urea
PLT-0119,2024-03-13,A,Nyamagabe,sugarcane,Local,clayey,5.42,89.4,53.2,87.9,100.6,40.9,39.92,NPK+Manure
PLT-0120,2024-01-10,B,Gatsibo,sunflower,Local,sandy,6.79,38.7,46.3,33.9,209.2,46.0,0.81,Urea
PLT-0121,2024-02-08,B,Nyagatare,sugarcane,Improved,alluvial,5.56,83.0,50.0,90.1,564.0,30.9,49.28,NPK+Manure
PLT-0122,2025-02-15,A,Huye,tomatoes,Improved,clayey,6.32,51.1,46.1,54.6,479.5,48.8,10.26,Urea
PLT-0123,2024-06-01,A,Kayonza,cotton,Improved,clayey,5.35,46.6,44.2,35.3,202.8,63.4,0.66,Manure
PLT-0124,2026-03-02,A,Ruhango,cassava,Ndamirabana,clayey,6.96,48.8,27.9,90.6,108.0,63.1,16.41,NPK+Manure
PLT-0125,2024-12-19,A,Musanze,irish_potatoes,Kirundo,sandy,5.27,102.2,90.6,136.7,547.1,39.0,10.39,DAP+Urea
PLT-0126,2025-04-23,A,Ngoma,sunflower,Improved,sandy,5.55,34.8,35.1,31.9,216.1,37.0,0.96,Manure
PLT-0127,2024-04-23,B,Nyarugenge,beans,Bush,sandy,6.37,44.7,40.1,36.7,541.5,61.3,0.73,NPK 17-17-17
PLT-0128,2026-04-26,B,Rulindo,barley,Local,clayey,7.34,56.5,40.2,37.3,385.6,59.6,1.64,NPK+Manure
PLT-0129,2024-02-10,A,Gatsibo,groundnut,Improved,sandy,6.32,19.8,34.3,28.1,483.2,58.4,0.66,Urea
PLT-0130,2025-08-16,A,Burera,barley,Local,loamy,5.78,47.1,33.0,27.3,263.7,54.7,0.75,DAP+Urea
PLT-0131,2026-05-06,A,Bugesera,groundnut,Local,loamy,5.33,24.2,35.0,32.6,337.2,56.3,0.56,Manure
PLT-0132,2024-01-14,A,Rulindo,tea,Improved,clayey,5.34,72.2,33.1,74.8,210.4,63.5,1.21,DAP+Urea
PLT-0133,2025-05-28,A,Nyaruguru,sugarcane,Improved,clayey,5.36,81.5,34.7,66.5,198.3,31.0,29.56,Manure
PLT-0134,2025-04-14,C,Kicukiro,rice,Zhongeng,loamy,5.15,30.9,20.8,13.2,217.6,33.6,1.05,None
PLT-0135,2024-03-25,A,Kayonza,sunflower,Local,sandy,5.97,36.0,32.8,40.4,259.9,34.8,0.82,Urea
PLT-0136,2026-11-28,C,Nyanza,soybean,Local,loamy,6.81,41.6,58.8,49.0,273.2,31.6,1.25,NPK 17-17-17
PLT-0137,2024-12-21,B,Rwamagana,cotton,Local,clayey,7.49,48.2,37.6,30.8,549.8,56.6,0.94,Manure
PLT-0138,2026-04-21,B,Nyabihu,beans,Bush,loamy,6.82,26.1,34.2,33.0,361.5,58.2,0.54,Manure
PLT-0139,2024-01-08,A,Rulindo,barley,Improved,sandy,7.46,36.7,36.2,35.5,373.4,30.5,1.15,DAP+Urea
PLT-0140,2024-10-04,C,Gicumbi,pea,Improved,loamy,7.31,32.0,36.7,35.4,350.6,31.0,0.59,Urea
PLT-0141,2024-11-01,A,Kirehe,cotton,Improved,alluvial,6.88,74.4,51.4,55.9,585.4,43.9,1.54,NPK 17-17-17
PLT-0142,2026-11-09,A,Rwamagana,banana,Improved,clayey,7.38,55.9,28.1,130.2,550.9,65.3,6.35,Manure
PLT-0143,2025-01-04,A,Ngoma,cotton,Improved,loamy,5.42,46.5,40.8,37.5,144.0,60.2,0.61,Manure
PLT-0144,2024-05-25,B,Kirehe,cotton,Local,alluvial,5.74,35.1,16.7,16.0,396.4,47.3,0.36,None
PLT-0145,2024-09-10,A,Nyarugenge,corn,Kigega,sandy,5.3,93.9,49.5,46.2,497.5,65.4,2.11,DAP+Urea
PLT-0146,2024-12-08,A,Kayonza,cotton,Local,loamy,5.83,24.2,28.4,15.5,193.6,61.0,0.64,None
PLT-0147,2025-06-17,A,Gasabo,corn,Kigega,sandy,5.91,43.6,21.9,29.2,509.4,57.2,0.84,None
PLT-0148,2024-01-26,A,Nyamasheke,irish_potatoes,Cruza,sandy,5.6,67.4,63.5,80.7,282.2,47.0,7.29,Manure
PLT-0149,2024-11-14,A,Bugesera,sugarcane,Local,alluvial,7.1,81.4,46.0,72.2,370.9,68.2,43.9,DAP+Urea
PLT-0150,2026-09-28,B,Gatsibo,rice,Kigori,clayey,5.85,100.4,46.7,44.9,357.5,62.2,3.39,DAP+Urea
PLT-0151,2024-06-07,B,Rubavu,cassava,Ndamirabana,loamy,5.5,31.2,22.5,73.5,147.3,35.8,11.73,DAP+Urea
PLT-0152,2025-08-04,B,Nyarugenge,corn,Kigega,alluvial,5.05,54.6,46.7,47.1,120.9,67.1,1.21,DAP+Urea
PLT-0153,2025-12-02,A,Rulindo,corn,Kigega,sandy,7.4,58.2,38.6,42.9,366.8,39.8,1.41,DAP+Urea
PLT-0154,2026-06-03,C,Gakenke,pea,Local,loamy,6.53,34.3,25.4,33.4,557.2,53.2,0.96,DAP+Urea
PLT-0155,2026-12-27,B,Ruhango,soybean,Local,clayey,6.09,39.9,46.6,50.0,198.6,58.0,1.05,DAP+Urea
PLT-0156,2025-03-03,A,Musanze,barley,Local,sandy,6.96,38.4,25.1,30.3,587.9,66.4,1.28,Urea
PLT-0157,2024-05-11,B,Nyabihu,irish_potatoes,Cruza,loamy,6.82,68.9,53.2,111.7,131.0,57.4,4.21,DAP+Urea
PLT-0158,2026-08-10,B,Bugesera,cotton,Local,clayey,7.77,34.1,18.9,28.3,369.7,49.5,0.37,None
PLT-0159,2025-06-23,A,Nyarugenge,banana,Improved,loamy,5.52,86.7,42.9,140.2,279.3,69.8,8.85,DAP+Urea
PLT-0160,2025-07-24,B,Ngoma,groundnut,Improved,loamy,5.93,31.8,37.3,45.2,539.4,50.7,0.91,NPK+Manure
PLT-0161,2026-01-05,C,Gakenke,tea,Local,loamy,5.48,59.5,30.4,70.2,490.9,64.2,1.09,Urea
PLT-0162,2024-09-05,C,Rusizi,banana,Local,alluvial,5.86,25.0,15.0,56.0,367.3,60.4,3.02,None
PLT-0163,2025-11-26,A,Rwamagana,sunflower,Improved,loamy,7.44,51.4,50.1,58.5,289.1,48.9,1.58,DAP+Urea
PLT-0164,2026-06-20,B,Bugesera,groundnut,Local,sandy,7.19,27.5,31.5,27.3,378.8,65.7,0.43,DAP+Urea
PLT-0165,2024-06-20,A,Gatsibo,corn,Hybrid WH,loamy,5.02,72.9,33.8,46.9,471.9,64.1,1.5,Manure
PLT-0166,2024-02-01,B,Musanze,tea,Local,loamy,5.06,88.6,39.4,81.4,206.8,58.7,1.86,NPK+Manure
PLT-0167,2024-01-17,B,Nyanza,sugarcane,Improved,loamy,5.2,70.1,33.8,51.6,584.1,44.6,27.23,Manure
PLT-0168,2025-11-25,B,Rubavu,tea,Improved,loamy,4.31,62.8,26.5,74.5,224.0,54.5,1.06,Manure
PLT-0169,2026-01-06,C,Nyanza,sweet_potato,Improved,sandy,4.97,33.5,25.2,71.6,526.6,42.2,3.39,Urea
PLT-0170,2025-04-21,B,Bugesera,groundnut,Local,loamy,5.63,26.8,25.9,33.0,261.1,64.7,0.74,Urea
PLT-0171,2025-06-07,B,Ruhango,tomatoes,Improved,clayey,5.78,56.3,54.6,58.1,335.1,52.9,6.59,DAP+Urea
PLT-0172,2026-05-08,B,Burera,wheat,Improved,loamy,5.14,27.0,18.8,21.7,541.3,68.8,0.44,None
PLT-0173,2024-08-03,A,Rubavu,coffee,Improved,clayey,6.59,43.2,25.9,56.7,416.8,45.4,0.4,Urea
PLT-0174,2024-11-08,C,Musanze,beans,Bush,sandy,5.73,22.4,21.6,23.4,572.6,48.1,0.3,None
PLT-0175,2024-01-01,B,Rulindo,wheat,Local,loamy,7.25,81.9,58.9,42.6,191.7,43.4,1.18,NPK 17-17-17
PLT-0176,2025-06-10,A,Nyabihu,banana,Improved,clayey,5.12,94.1,37.3,144.5,237.9,50.7,7.0,NPK+Manure
PLT-0177,2025-12-06,B,Gatsibo,sugarcane,Improved,loamy,6.81,68.1,34.8,53.1,280.4,55.6,36.79,DAP+Urea
PLT-0178,2025-10-19,C,Rusizi,banana,Improved,clayey,5.0,92.2,42.3,177.3,184.8,31.0,8.41,DAP+Urea
PLT-0179,2025-06-17,A,Gicumbi,pea,Local,loamy,5.33,30.1,34.5,33.6,280.5,67.9,0.76,Manure
PLT-0180,2025-11-24,C,Musanze,pea,Local,clayey,5.94,17.4,12.6,16.3,434.7,36.8,0.44,None
PLT-0181,2026-03-09,A,Ngoma,sugarcane,Local,alluvial,5.71,83.4,58.9,90.0,420.2,51.8,41.49,NPK+Manure
PLT-0182,2025-04-02,B,Nyarugenge,rice,Zhongeng,loamy,5.74,66.7,29.7,29.8,527.6,42.9,2.89,Manure
PLT-0183,2024-02-20,A,Kirehe,sorghum,Local,clayey,5.77,50.5,44.9,46.2,280.2,66.5,1.19,NPK+Manure
PLT-0184,2026-10-04,A,Rubavu,beans,Climbing,loamy,5.96,13.1,12.5,22.2,265.6,66.0,0.38,None
PLT-0185,2025-03-04,A,Gasabo,sweet_potato,Improved,sandy,6.0,42.2,41.3,82.5,452.9,44.3,5.64,DAP+Urea
PLT-0186,2026-08-27,A,Kirehe,cassava,Ndamirabana,clayey,4.81,45.3,21.4,53.0,347.1,37.4,9.73,Manure
PLT-0187,2026-12-21,C,Ngororero,coffee,Improved,clayey,6.14,66.2,42.8,86.0,489.0,35.5,0.73,NPK+Manure
PLT-0188,2026-04-08,A,Rulindo,wheat,Improved,sandy,5.26,65.5,54.3,42.9,289.9,64.1,1.09,NPK 17-17-17
PLT-0189,2024-06-23,B,Rwamagana,sugarcane,Improved,loamy,6.84,71.8,36.2,72.6,391.0,39.1,26.58,DAP+Urea
PLT-0190,2024-10-11,B,Kirehe,sunflower,Improved,sandy,6.38,27.0,26.5,24.4,297.5,55.8,0.42,None
PLT-0191,2026-02-18,A,Nyamasheke,coffee,Local,clayey,4.65,42.5,29.3,71.4,194.1,66.1,0.6,DAP+Urea
PLT-0192,2024-09-10,B,Gakenke,wheat,Local,sandy,6.37,65.5,32.4,33.0,359.5,43.3,1.04,DAP+Urea
PLT-0193,2025-09-09,B,Ngoma,sunflower,Local,sandy,7.07,33.8,37.4,32.5,475.5,50.6,1.01,DAP+Urea
PLT-0194,2025-02-09,A,Gicumbi,barley,Local,loamy,6.31,66.6,43.8,36.1,393.9,48.0,1.82,NPK 17-17-17
PLT-0195,2026-10-18,C,Gasabo,sweet_potato,Local,loamy,5.46,21.3,15.1,40.7,345.8,50.2,2.24,None
PLT-0196,2025-09-09,B,Musanze,tea,Local,clayey,4.28,59.3,34.8,60.3,510.5,63.3,0.85,Manure
PLT-0197,2026-09-01,C,Gicumbi,tea,Improved,loamy,5.92,57.8,37.5,58.3,345.2,51.4,0.76,DAP+Urea
PLT-0198,2025-05-21,C,Nyanza,coffee,Local,loamy,6.69,35.0,20.7,36.1,378.5,49.5,0.34,None
PLT-0199,2024-03-17,B,Nyagatare,sorghum,Improved,loamy,6.2,35.4,32.9,34.8,527.0,67.2,1.1,DAP+Urea
PLT-0200,2025-07-26,A,Nyaruguru,cassava,Gisari,clayey,6.98,31.1,28.4,52.8,448.3,38.0,11.01,DAP+Urea
PLT-0201,2024-09-03,B,Kirehe,groundnut,Local,loamy,5.29,29.8,42.4,40.1,599.5,44.1,0.7,NPK+Manure
PLT-0202,2025-02-24,A,Ngororero,tea,Local,loamy,6.06,73.9,46.3,75.6,465.2,58.1,1.51,DAP+Urea
PLT-0203,2024-12-14,C,Gicumbi,irish_potatoes,Kirundo,sandy,5.45,72.0,60.1,72.8,398.8,62.0,5.25,DAP+Urea
PLT-0204,2026-08-17,B,Rulindo,tomatoes,Improved,sandy,6.14,78.7,68.8,89.6,522.7,52.5,15.24,DAP+Urea
PLT-0205,2025-06-24,B,Karongi,tea,Local,loamy,4.76,79.9,47.6,84.0,265.3,31.1,1.38,DAP+Urea
PLT-0206,2026-05-27,B,Rwamagana,sunflower,Local,loamy,5.56,45.1,44.3,30.2,437.6,56.9,0.95,Urea
PLT-0207,2025-06-07,A,Nyarugenge,sweet_potato,Local,loamy,5.88,32.7,34.1,54.2,306.2,46.8,5.0,Urea
PLT-0208,2024-06-12,A,Huye,tomatoes,Improved,clayey,6.66,30.2,33.9,37.1,170.7,63.9,6.7,None
PLT-0209,2026-10-20,B,Nyamasheke,banana,Improved,loamy,5.54,84.5,38.5,141.1,477.2,54.6,10.09,NPK+Manure
PLT-0210,2026-12-18,B,Ngoma,rice,Kigori,clayey,5.62,50.1,16.4,16.6,492.5,68.9,1.18,None
PLT-0211,2025-08-11,B,Musanze,wheat,Local,loamy,6.87,81.9,54.9,40.5,516.7,37.7,1.39,NPK 17-17-17
PLT-0212,2026-11-06,B,Rulindo,wheat,Improved,clayey,6.56,53.5,45.5,25.2,392.8,41.0,0.95,Manure
PLT-0213,2026-11-05,B,Gicumbi,irish_potatoes,Kinigi,sandy,6.07,55.7,48.3,103.5,436.5,53.7,5.73,Manure
PLT-0214,2026-11-07,B,Nyaruguru,coffee,Local,loamy,5.23,25.6,23.8,38.2,200.1,34.5,0.45,None
PLT-0215,2025-01-02,B,Rutsiro,tea,Improved,loamy,5.6,68.2,37.5,58.4,256.5,33.4,1.21,DAP+Urea
PLT-0216,2026-01-20,B,Huye,tomatoes,Local,clayey,5.97,63.3,54.2,69.2,283.5,50.9,9.86,Urea
PLT-0217,2025-07-13,B,Ruhango,rice,Intsindagirabigega,loamy,6.02,97.6,38.1,36.1,185.8,64.4,3.96,NPK+Manure
PLT-0218,2025-03-11,A,Nyaruguru,beans,Bush,clayey,6.48,16.8,13.0,20.4,121.8,66.7,0.37,None
PLT-0219,2026-03-07,B,Kayonza,sunflower,Improved,sandy,5.53,34.1,41.5,46.2,243.0,60.7,0.93,DAP+Urea
PLT-0220,2024-02-27,B,Nyagatare,cotton,Local,loamy,6.91,36.0,23.7,19.7,552.7,46.4,0.71,None
PLT-0221,2025-04-20,B,Gatsibo,sunflower,Improved,loamy,6.94,31.1,44.8,31.5,144.4,65.9,1.19,Urea
PLT-0222,2024-01-19,A,Nyamagabe,coffee,Local,loamy,5.47,67.7,41.4,91.2,432.3,50.3,0.93,NPK+Manure
PLT-0223,2025-11-14,A,Musanze,tomatoes,Local,loamy,6.43,50.7,42.1,73.5,327.9,63.8,8.08,Urea
PLT-0224,2025-10-10,B,Gakenke,corn,Kigega,alluvial,4.73,67.6,46.4,39.8,126.9,66.7,1.45,Urea
PLT-0225,2026-10-01,A,Gatsibo,sugarcane,Improved,alluvial,7.13,52.9,16.0,47.7,175.9,53.0,15.49,None
PLT-0226,2025-04-22,A,Nyamagabe,coffee,Local,clayey,5.96,26.0,18.1,42.3,430.9,35.8,0.3,None
PLT-0227,2024-11-08,A,Kirehe,sorghum,Local,loamy,6.47,41.4,30.2,27.0,480.1,64.6,0.89,Urea
PLT-0228,2025-05-27,B,Ngoma,groundnut,Local,loamy,6.62,28.5,31.4,29.1,168.9,33.6,0.7,Manure
PLT-0229,2024-07-23,B,Musanze,tomatoes,Improved,loamy,7.28,51.7,37.3,54.5,539.3,35.8,6.36,DAP+Urea
PLT-0230,2026-04-09,B,Rwamagana,sorghum,Local,loamy,5.61,15.9,16.6,18.4,273.0,51.7,0.52,None
PLT-0231,2026-07-13,B,Nyagatare,groundnut,Improved,loamy,6.22,28.5,36.2,24.6,285.9,53.8,0.62,Urea
PLT-0232,2026-08-10,A,Kayonza,sweet_potato,Local,loamy,5.88,37.8,42.3,78.7,354.0,48.4,6.86,DAP+Urea
PLT-0233,2025-03-25,B,Gakenke,tea,Improved,loamy,4.67,86.7,36.2,87.5,564.3,37.7,1.43,NPK 17-17-17
PLT-0234,2026-09-15,B,Nyagatare,cassava,Gisari,sandy,7.26,44.3,22.0,50.3,105.7,58.5,6.78,Urea
PLT-0235,2024-03-11,A,Burera,wheat,Improved,sandy,6.68,50.3,31.4,36.4,490.3,58.3,1.35,Manure
PLT-0236,2025-09-26,A,Ngoma,sunflower,Local,loamy,7.99,20.2,21.1,18.4,357.6,55.2,0.42,None
PLT-0237,2026-02-10,C,Rulindo,pea,Improved,clayey,5.15,18.0,23.6,18.8,342.2,60.4,0.51,None
PLT-0238,2024-04-08,C,Nyarugenge,sweet_potato,Local,sandy,4.84,29.8,32.6,67.0,501.0,56.1,4.29,Manure
PLT-0239,2024-12-06,C,Nyamasheke,beans,Climbing,clayey,6.04,30.0,28.4,37.7,359.8,66.1,0.45,DAP+Urea
PLT-0240,2025-01-04,A,Nyarugenge,tomatoes,Local,sandy,7.09,72.1,43.4,52.6,289.6,65.9,6.45,Manure
PLT-0241,2025-12-11,A,Gicumbi,irish_potatoes,Kinigi,clayey,4.97,66.7,73.1,87.3,471.3,56.9,5.9,DAP+Urea
PLT-0242,2025-06-12,C,Musanze,pea,Local,clayey,6.25,38.4,43.2,47.2,536.2,31.7,1.32,DAP+Urea
PLT-0243,2025-09-06,A,Kayonza,cassava,Gahene,sandy,6.02,35.1,26.9,55.4,215.1,44.9,11.54,DAP+Urea
PLT-0244,2026-01-16,A,Musanze,barley,Local,clayey,7.66,55.8,31.9,32.5,558.5,55.1,1.01,Urea
PLT-0245,2025-08-22,B,Bugesera,cotton,Improved,loamy,7.19,28.1,18.2,24.9,590.4,46.9,0.64,None
PLT-0246,2026-06-20,B,Gasabo,soybean,Local,clayey,7.3,22.6,18.8,19.1,506.8,69.5,0.29,None
PLT-0247,2026-03-16,A,Gisagara,coffee,Local,clayey,4.99,67.6,39.7,72.0,456.4,43.8,0.59,DAP+Urea
PLT-0248,2026-07-17,A,Kirehe,groundnut,Local,sandy,6.49,12.5,18.3,18.2,225.6,44.2,0.36,None
PLT-0249,2024-09-06,A,Gicumbi,barley,Local,loamy,6.01,40.8,28.9,29.8,326.3,55.5,1.01,DAP+Urea
PLT-0250,2025-02-08,B,Bugesera,sorghum,Local,loamy,6.73,43.2,26.1,27.1,501.6,50.2,0.94,DAP+Urea
PLT-0251,2024-12-23,A,Burera,irish_potatoes,Cruza,clayey,5.3,76.8,66.1,82.5,219.4,33.0,6.14,Urea
PLT-0252,2026-06-03,A,Nyarugenge,sweet_potato,Improved,loamy,5.05,37.5,24.5,53.8,567.6,42.3,4.2,Manure
PLT-0253,2026-04-12,B,Kicukiro,soybean,Local,clayey,5.16,27.9,39.7,34.2,157.9,39.8,0.64,DAP+Urea
PLT-0254,2024-09-10,A,Gicumbi,corn,Hybrid WH,sandy,5.5,92.0,49.8,47.5,585.7,58.9,2.07,NPK 17-17-17
PLT-0255,2025-12-22,B,Rubavu,banana,Local,loamy,7.39,48.4,26.1,94.7,299.0,58.5,6.36,Manure
PLT-0256,2026-02-22,B,Burera,barley,Local,sandy,6.37,49.4,33.7,31.1,379.3,37.5,0.88,Urea
PLT-0257,2026-01-24,B,Nyagatare,sorghum,Local,sandy,5.06,31.1,25.3,35.7,149.8,69.5,0.83,Urea
PLT-0258,2024-07-11,A,Rwamagana,sorghum,Improved,sandy,6.03,19.8,14.6,23.9,226.4,42.5,0.55,None
PLT-0259,2025-10-23,A,Gicumbi,tea,Improved,loamy,5.12,37.8,20.4,46.1,204.5,41.5,0.84,None
PLT-0260,2024-11-08,B,Nyaruguru,tomatoes,Local,clayey,6.16,32.0,34.4,28.0,490.3,47.6,7.03,None
PLT-0261,2026-04-26,B,Nyabihu,coffee,Improved,clayey,4.83,70.2,44.4,88.0,153.0,49.4,0.63,NPK+Manure
PLT-0262,2024-01-15,A,Burera,corn,Local,clayey,6.69,75.5,33.0,37.9,518.0,39.1,1.89,Urea
PLT-0263,2026-05-26,A,Kicukiro,beans,Climbing,clayey,7.13,15.5,20.5,23.5,571.6,38.1,0.17,None
PLT-0264,2024-09-13,A,Gisagara,cassava,Gahene,loamy,5.54,17.5,13.0,46.4,452.5,66.2,7.38,None
PLT-0265,2024-09-16,A,Kayonza,sunflower,Local,loamy,6.85,46.7,47.2,42.2,204.7,47.4,0.83,DAP+Urea
PLT-0266,2024-10-07,A,Kirehe,sorghum,Improved,clayey,5.01,30.5,29.3,31.7,288.3,61.9,0.62,Urea
PLT-0267,2025-09-05,A,Kamonyi,beans,Mutiki,sandy,6.87,14.3,17.2,15.7,134.6,65.6,0.31,None
PLT-0268,2026-05-11,B,Kirehe,soybean,Local,clayey,5.39,45.0,52.0,54.0,567.6,60.1,0.9,DAP+Urea
PLT-0269,2024-12-09,C,Kirehe,rice,Intsindagirabigega,loamy,7.28,81.5,37.9,30.6,574.5,53.7,2.19,Urea
PLT-0270,2026-03-17,B,Ngoma,sorghum,Improved,clayey,5.37,46.0,24.7,37.3,442.9,35.2,0.71,Urea
PLT-0271,2026-06-24,B,Nyamasheke,banana,Improved,alluvial,5.39,49.6,29.6,141.6,307.6,54.9,5.65,DAP+Urea
PLT-0272,2026-02-03,B,Rusizi,irish_potatoes,Cruza,loamy,5.58,99.1,95.5,132.6,431.8,64.8,8.13,NPK 17-17-17
PLT-0273,2025-10-19,A,Gasabo,tomatoes,Improved,clayey,7.18,92.3,67.7,80.3,392.4,31.0,8.97,NPK+Manure
PLT-0274,2025-07-04,B,Bugesera,banana,Local,clayey,7.19,28.7,22.0,52.1,590.8,49.3,2.5,None
PLT-0275,2025-02-03,A,Kirehe,beans,Mutiki,loamy,6.02,12.5,23.5,15.3,233.0,38.1,0.33,None
PLT-0276,2026-11-21,A,Karongi,cassava,Gisari,clayey,5.06,41.3,20.3,60.3,195.4,66.4,8.37,DAP+Urea
PLT-0277,2025-05-23,B,Rwamagana,cotton,Improved,alluvial,6.06,66.3,31.2,41.9,284.0,55.7,0.87,Manure
PLT-0278,2024-09-01,B,Nyamagabe,sugarcane,Local,clayey,6.2,55.8,33.3,66.8,326.6,52.0,27.68,Urea
PLT-0279,2026-08-28,C,Gasabo,beans,Climbing,clayey,5.57,25.2,37.5,30.2,271.6,48.1,0.56,Manure
PLT-0280,2026-07-01,A,Bugesera,cotton,Local,clayey,6.4,79.8,45.7,49.3,557.6,42.9,1.41,NPK+Manure
PLT-0281,2025-02-14,C,Musanze,tea,Improved,loamy,5.54,59.6,36.5,74.7,534.2,38.1,1.08,DAP+Urea
PLT-0282,2025-03-22,A,Rubavu,coffee,Improved,loamy,6.69,67.3,47.3,84.9,162.4,43.3,0.67,NPK+Manure
PLT-0283,2026-12-02,A,Rwamagana,sorghum,Local,clayey,7.5,45.4,39.0,47.3,334.4,62.4,1.2,DAP+Urea
PLT-0284,2026-11-02,C,Kicukiro,tomatoes,Improved,clayey,6.08,74.1,53.8,59.4,261.1,60.6,11.12,Urea
PLT-0285,2026-12-01,A,Musanze,barley,Improved,loamy,7.64,44.8,36.8,30.3,368.3,40.5,0.93,Urea
PLT-0286,2024-02-19,A,Gakenke,sweet_potato,Improved,loamy,6.16,13.6,16.0,28.4,262.2,66.0,3.42,None
PLT-0287,2026-03-15,B,Nyaruguru,corn,Kigega,loamy,6.14,54.0,35.7,32.6,442.8,45.7,1.99,Urea
PLT-0288,2025-12-25,C,Musanze,tea,Improved,loamy,5.1,88.1,46.8,80.0,191.1,37.5,1.54,NPK 17-17-17
PLT-0289,2024-07-26,B,Gicumbi,barley,Improved,loamy,6.17,41.7,24.2,26.3,395.6,62.9,1.02,Manure
PLT-0290,2024-06-18,C,Nyarugenge,tomatoes,Improved,loamy,6.78,72.3,64.8,93.5,217.6,49.5,14.26,NPK+Manure
PLT-0291,2026-09-12,B,Nyabihu,beans,Climbing,loamy,5.09,40.2,45.5,47.4,542.1,39.7,0.62,NPK 17-17-17
PLT-0292,2024-04-28,B,Nyamagabe,soybean,Improved,clayey,6.82,35.3,33.3,39.5,426.1,57.2,0.79,DAP+Urea
PLT-0293,2024-07-06,A,Burera,barley,Improved,loamy,7.01,65.5,37.9,40.0,389.0,58.4,1.75,NPK+Manure
PLT-0294,2026-01-14,A,Musanze,irish_potatoes,Kinigi,loamy,5.14,38.9,30.0,37.1,559.8,62.4,2.71,None
PLT-0295,2024-11-08,A,Rwamagana,cotton,Improved,clayey,5.83,46.5,35.2,36.1,484.4,54.6,0.87,Manure
PLT-0296,2024-07-16,A,Nyagatare,sunflower,Local,sandy,6.85,32.9,34.2,35.8,425.1,52.9,0.92,Urea
PLT-0297,2025-05-10,A,Ngororero,corn,Hybrid WH,clayey,6.61,60.5,34.6,34.2,245.3,41.6,1.51,Manure
PLT-0298,2024-06-21,A,Musanze,pea,Local,loamy,6.56,32.5,25.2,27.9,481.5,35.5,0.93,Urea
PLT-0299,2026-03-13,C,Burera,pea,Local,loamy,6.02,33.3,24.9,31.1,382.2,53.2,0.82,Manure
PLT-0300,2025-06-18,B,Musanze,wheat,Local,sandy,5.38,81.6,48.2,47.4,281.6,38.4,1.54,NPK 17-17-17
PLT-0301,2025-05-20,C,Rwamagana,rice,Intsindagirabigega,clayey,7.17,36.6,17.7,12.1,260.4,46.5,1.01,None
PLT-0302,2025-06-02,B,Burera,barley,Improved,clayey,6.38,63.5,36.3,39.0,375.9,68.3,1.64,DAP+Urea
PLT-0303,2025-04-02,A,Kirehe,sunflower,Local,sandy,5.96,42.6,41.3,45.8,373.8,63.0,0.75,Urea
PLT-0304,2024-02-22,C,Gasabo,banana,Improved,alluvial,7.45,73.2,37.0,175.7,529.0,66.7,8.59,NPK 17-17-17
PLT-0305,2026-03-23,B,Bugesera,cotton,Improved,clayey,6.9,60.4,47.3,37.5,152.8,62.3,1.06,Manure
PLT-0306,2025-03-27,A,Ngororero,irish_potatoes,Kirundo,sandy,6.62,92.3,82.5,124.7,420.4,63.4,8.27,NPK+Manure
PLT-0307,2025-10-24,B,Nyagatare,cotton,Improved,loamy,5.5,45.6,37.1,37.2,492.6,56.4,0.58,Manure
PLT-0308,2025-05-03,C,Kamonyi,beans,Mutiki,loamy,6.15,26.1,29.7,34.3,481.9,42.3,0.63,Urea
PLT-0309,2026-12-14,B,Nyamasheke,cassava,Gahene,sandy,5.05,35.2,22.7,50.4,542.4,57.5,9.49,Manure
PLT-0310,2025-01-13,C,Nyamasheke,irish_potatoes,Kirundo,sandy,4.7,40.3,26.7,69.6,485.7,47.6,2.33,None
PLT-0311,2024-11-18,B,Gatsibo,sorghum,Local,clayey,6.45,50.8,42.9,43.0,429.6,68.6,1.12,NPK 17-17-17
PLT-0312,2025-10-09,A,Rwamagana,cassava,Gahene,clayey,5.28,37.8,27.8,57.1,136.3,63.3,9.67,Urea
PLT-0313,2026-06-28,B,Rulindo,wheat,Improved,loamy,5.76,58.7,45.2,25.8,109.5,67.1,1.15,Manure
PLT-0314,2025-05-02,A,Kirehe,sweet_potato,Local,loamy,5.47,18.3,20.5,38.6,115.6,37.2,3.48,None
PLT-0315,2026-04-20,A,Gakenke,irish_potatoes,Cruza,sandy,4.92,56.8,57.5,72.8,567.6,34.0,4.71,DAP+Urea
PLT-0316,2024-03-02,A,Nyarugenge,sweet_potato,Local,sandy,6.79,29.1,31.1,70.7,499.1,33.6,5.37,DAP+Urea
PLT-0317,2025-10-14,A,Kirehe,cotton,Improved,alluvial,8.0,81.8,57.8,56.3,417.8,69.2,0.91,NPK+Manure
PLT-0318,2024-06-18,B,Bugesera,cotton,Improved,loamy,7.9,63.8,33.4,41.4,441.6,67.4,0.87,DAP+Urea
PLT-0319,2026-11-10,B,Kayonza,cotton,Local,clayey,6.81,40.2,20.3,16.5,429.1,46.1,0.38,None
PLT-0320,2024-02-16,C,Gicumbi,irish_potatoes,Kirundo,sandy,5.51,95.5,82.7,127.4,464.2,61.5,10.17,NPK 17-17-17
PLT-0321,2024-12-10,B,Nyabihu,banana,Local,loamy,5.3,60.3,25.4,125.6,259.3,49.4,4.11,Urea
PLT-0322,2025-12-04,A,Kirehe,groundnut,Local,sandy,7.28,22.4,31.2,28.1,109.8,34.2,0.54,DAP+Urea
PLT-0323,2024-04-14,B,Rulindo,wheat,Local,loamy,6.93,57.6,45.1,24.5,353.9,52.2,1.3,Urea
PLT-0324,2024-08-25,B,Gisagara,sugarcane,Local,alluvial,7.35,57.1,41.5,63.2,163.5,57.4,28.54,Urea
PLT-0325,2026-10-12,A,Gicumbi,wheat,Improved,clayey,5.2,64.6,38.3,31.5,334.7,35.4,0.98,DAP+Urea
PLT-0326,2025-05-25,B,Nyarugenge,beans,Mutiki,clayey,7.02,36.9,37.3,25.4,299.2,44.3,0.35,Urea
PLT-0327,2025-12-14,A,Burera,corn,Hybrid WH,sandy,7.52,72.1,56.1,55.4,214.3,41.7,1.91,NPK+Manure
PLT-0328,2025-01-28,B,Rulindo,wheat,Improved,loamy,7.31,68.0,47.8,37.3,469.4,33.8,1.08,NPK+Manure
PLT-0329,2026-06-15,A,Rusizi,irish_potatoes,Kinigi,loamy,5.1,66.5,48.5,77.1,326.7,55.0,7.31,Manure
PLT-0330,2024-10-25,A,Kirehe,sweet_potato,Improved,loamy,6.13,41.7,43.1,72.2,191.6,68.5,7.13,NPK+Manure
PLT-0331,2024-05-08,C,Gatsibo,beans,Mutiki,sandy,5.89,33.9,27.7,33.9,346.9,40.7,0.44,DAP+Urea
PLT-0332,2024-06-17,A,Karongi,coffee,Local,loamy,6.59,55.2,35.3,55.6,294.3,53.6,0.41,DAP+Urea
PLT-0333,2024-04-06,B,Rulindo,pea,Improved,loamy,7.12,35.9,24.4,32.1,181.3,61.6,0.62,Manure
PLT-0334,2024-02-06,A,Rwamagana,cotton,Improved,clayey,6.19,55.3,35.5,34.3,145.3,41.0,1.12,Manure
PLT-0335,2026-09-08,B,Burera,barley,Local,clayey,6.34,26.0,17.4,16.4,386.0,42.8,0.52,None
PLT-0336,2024-01-08,A,Gatsibo,groundnut,Local,loamy,6.13,19.0,31.7,29.1,158.5,51.8,0.61,Manure
PLT-0337,2026-01-16,A,Kayonza,cotton,Improved,clayey,7.0,71.8,54.6,54.3,342.3,36.3,1.31,NPK+Manure
PLT-0338,2024-12-06,B,Gicumbi,barley,Local,sandy,7.44,67.2,40.0,39.2,260.4,69.6,1.43,DAP+Urea
PLT-0339,2024-07-18,B,Ngoma,rice,Kigori,clayey,5.34,101.7,41.1,41.4,354.4,55.5,3.21,DAP+Urea
PLT-0340,2024-11-19,A,Musanze,barley,Local,loamy,7.73,25.7,18.1,16.3,429.2,47.2,0.37,None
PLT-0341,2024-09-26,B,Rwamagana,sugarcane,Local,loamy,5.47,66.9,31.0,60.9,268.8,41.2,23.46,Urea
PLT-0342,2024-07-22,B,Rulindo,irish_potatoes,Cruza,loamy,6.78,102.5,78.4,130.5,283.0,37.3,6.9,NPK 17-17-17
PLT-0343,2024-11-24,A,Gicumbi,pea,Local,loamy,5.78,48.0,44.2,38.4,147.2,58.9,1.21,DAP+Urea
PLT-0344,2025-11-25,A,Burera,pea,Improved,loamy,5.71,37.4,45.1,39.0,208.4,35.0,1.08,NPK+Manure
PLT-0345,2024-07-05,A,Kayonza,sorghum,Local,clayey,6.46,37.8,31.9,29.3,273.7,37.8,1.08,Manure
PLT-0346,2024-03-20,C,Kicukiro,soybean,Improved,loamy,6.85,43.8,51.9,53.0,229.6,54.1,1.14,DAP+Urea
PLT-0347,2024-11-23,A,Ngororero,irish_potatoes,Kirundo,loamy,4.9,58.3,64.6,92.2,377.1,66.4,6.14,Urea
PLT-0348,2024-12-11,B,Gakenke,barley,Local,loamy,6.72,55.9,43.8,41.9,190.0,40.0,1.6,NPK+Manure
PLT-0349,2024-06-17,C,Gisagara,rice,Intsindagirabigega,clayey,5.87,104.2,46.7,36.3,177.4,65.0,3.19,DAP+Urea
PLT-0350,2026-12-08,B,Nyagatare,sunflower,Improved,loamy,7.32,45.3,42.1,36.0,474.7,67.3,1.22,Manure
PLT-0351,2025-07-15,A,Ngoma,cotton,Improved,alluvial,6.39,60.3,39.3,46.8,478.4,53.3,0.91,Manure
PLT-0352,2026-10-20,B,Rulindo,tea,Local,loamy,6.04,75.7,41.6,85.1,435.4,62.0,1.43,NPK 17-17-17
PLT-0353,2024-11-14,C,Kicukiro,beans,Climbing,clayey,7.14,34.5,31.1,33.6,486.1,40.2,0.48,DAP+Urea
PLT-0354,2024-08-05,B,Bugesera,cotton,Improved,clayey,7.84,54.3,41.4,39.2,416.9,60.4,0.69,Urea
PLT-0355,2025-01-07,B,Nyagatare,sorghum,Improved,clayey,7.89,40.6,31.5,34.2,527.5,53.6,0.85,DAP+Urea
PLT-0356,2024-10-20,A,Bugesera,sunflower,Improved,loamy,6.35,41.1,39.4,31.9,438.6,44.0,0.97,DAP+Urea
PLT-0357,2024-05-16,C,Burera,tomatoes,Local,loamy,6.33,59.4,55.8,55.8,504.9,43.9,8.7,Urea
PLT-0358,2024-07-26,B,Gakenke,tea,Local,clayey,4.98,60.6,34.5,49.0,520.4,36.9,1.19,Urea
PLT-0359,2024-10-21,B,Musanze,irish_potatoes,Cruza,clayey,4.91,85.2,51.0,88.1,482.6,56.9,5.08,Manure
PLT-0360,2026-03-22,B,Bugesera,soybean,Improved,loamy,7.2,38.6,54.5,48.4,572.6,62.5,0.93,DAP+Urea
PLT-0361,2025-12-07,C,Musanze,sweet_potato,Improved,sandy,6.7,46.5,45.1,76.7,408.7,53.2,5.94,DAP+Urea
PLT-0362,2024-06-21,C,Burera,sweet_potato,Local,sandy,7.0,40.2,41.9,88.2,464.0,59.9,5.14,NPK 17-17-17
PLT-0363,2024-09-24,A,Gatsibo,sorghum,Local,clayey,6.36,26.6,19.8,19.5,359.2,47.1,0.57,None
PLT-0364,2026-03-12,B,Gakenke,barley,Improved,loamy,6.94,43.9,28.6,27.2,188.5,47.2,1.1,Urea
PLT-0365,2024-11-05,A,Rulindo,tomatoes,Improved,sandy,6.05,52.9,41.2,48.6,166.8,45.3,9.07,Urea
PLT-0366,2026-03-06,A,Rutsiro,irish_potatoes,Cruza,clayey,6.88,63.6,52.1,89.6,289.2,60.3,4.21,Manure
PLT-0367,2025-04-19,A,Nyagatare,corn,Local,clayey,4.78,69.3,39.4,42.8,438.3,36.7,1.17,Manure
PLT-0368,2025-03-22,B,Gakenke,barley,Local,clayey,7.33,43.4,34.3,25.6,463.7,39.4,1.13,Urea
PLT-0369,2024-11-18,A,Gasabo,banana,Local,loamy,5.94,91.5,40.1,177.7,310.5,68.5,8.38,NPK 17-17-17
PLT-0370,2026-10-20,A,Rusizi,irish_potatoes,Kinigi,clayey,6.53,59.8,73.3,88.7,567.3,51.8,5.8,DAP+Urea
PLT-0371,2024-06-28,A,Kamonyi,sugarcane,Improved,loamy,6.88,74.2,37.6,61.1,165.6,66.3,32.57,DAP+Urea
PLT-0372,2024-04-22,B,Gicumbi,corn,Hybrid WH,clayey,7.48,53.7,36.6,34.8,596.7,37.6,1.25,DAP+Urea
PLT-0373,2024-03-10,A,Karongi,coffee,Improved,clayey,4.87,65.9,45.7,85.8,114.8,68.7,0.8,NPK+Manure
PLT-0374,2025-01-03,C,Ngoma,beans,Climbing,sandy,5.29,41.3,37.1,39.5,263.6,46.0,0.72,NPK+Manure
PLT-0375,2024-01-24,B,Nyagatare,sugarcane,Improved,alluvial,5.43,74.7,43.2,67.9,247.2,45.1,24.92,DAP+Urea
PLT-0376,2024-09-12,C,Karongi,tea,Improved,loamy,4.05,55.0,34.1,73.3,253.1,59.2,0.98,Manure
PLT-0377,2026-07-26,A,Rwamagana,cotton,Improved,alluvial,7.0,58.0,41.0,46.1,319.6,66.9,0.77,DAP+Urea
PLT-0378,2026-10-17,C,Rusizi,beans,Bush,clayey,6.75,46.1,45.0,37.3,134.8,63.8,0.68,NPK+Manure
PLT-0379,2026-09-24,A,Gicumbi,sweet_potato,Local,loamy,6.98,14.1,19.2,35.5,192.8,55.9,2.78,None
PLT-0380,2026-04-13,B,Nyagatare,sunflower,Local,loamy,7.13,44.1,41.7,30.2,260.3,38.5,1.04,Manure
PLT-0381,2025-04-28,A,Musanze,tea,Improved,loamy,4.4,32.4,19.3,28.5,314.4,44.9,0.69,None
PLT-0382,2024-03-02,A,Ngoma,sunflower,Improved,loamy,6.82,31.6,39.5,46.7,288.3,48.1,0.99,Manure
PLT-0383,2026-11-15,B,Bugesera,cotton,Improved,clayey,6.71,73.3,51.1,54.9,120.4,31.3,1.26,NPK 17-17-17
PLT-0384,2024-08-10,B,Bugesera,sunflower,Local,sandy,5.94,30.2,37.2,45.3,112.7,64.4,0.96,DAP+Urea
PLT-0385,2024-03-20,C,Gasabo,rice,Intsindagirabigega,loamy,7.28,91.8,44.7,42.8,279.1,37.2,2.75,NPK 17-17-17
PLT-0386,2024-10-09,B,Gicumbi,wheat,Local,clayey,7.46,52.3,45.1,27.7,106.2,57.9,0.86,Urea
PLT-0387,2026-10-09,C,Musanze,irish_potatoes,Kinigi,sandy,6.05,106.8,77.2,132.3,319.5,69.8,9.49,DAP+Urea
PLT-0388,2025-06-06,A,Rwamagana,groundnut,Improved,loamy,7.03,32.2,41.6,44.3,498.2,45.6,0.73,NPK+Manure
PLT-0389,2026-02-07,A,Rulindo,beans,Climbing,clayey,6.04,17.4,13.9,21.0,264.7,61.4,0.35,None
PLT-0390,2024-05-13,C,Huye,beans,Mutiki,clayey,5.04,38.2,43.5,43.1,111.1,46.5,0.64,NPK 17-17-17
PLT-0391,2026-12-22,A,Kayonza,sunflower,Improved,loamy,5.69,35.3,31.5,39.4,360.3,53.5,0.97,Urea
PLT-0392,2025-05-10,B,Rwamagana,sorghum,Improved,sandy,5.94,30.3,34.8,34.2,106.9,54.1,1.11,DAP+Urea
PLT-0393,2026-07-15,A,Kayonza,sunflower,Local,loamy,6.57,40.8,38.3,35.7,412.0,58.0,0.82,DAP+Urea
PLT-0394,2024-11-22,A,Rulindo,pea,Improved,loamy,6.54,45.5,36.9,44.1,186.4,31.3,1.37,NPK 17-17-17
PLT-0395,2025-01-09,C,Ngoma,sweet_potato,Local,sandy,6.82,39.4,41.3,76.0,581.7,33.5,4.86,NPK+Manure
PLT-0396,2024-11-14,B,Ngoma,sorghum,Local,clayey,5.42,41.3,27.4,34.8,450.1,31.5,0.64,Manure
PLT-0397,2026-09-27,B,Rubavu,beans,Climbing,clayey,7.04,35.7,30.6,31.6,328.2,39.8,0.44,DAP+Urea
PLT-0398,2025-12-18,A,Nyamasheke,coffee,Improved,clayey,6.48,36.3,25.8,52.2,128.4,65.8,0.69,DAP+Urea
PLT-0399,2024-02-22,A,Rwamagana,sweet_potato,Improved,sandy,5.64,41.1,39.9,83.5,425.0,53.1,5.93,NPK 17-17-17
PLT-0400,2024-11-14,A,Nyagatare,cotton,Local,loamy,6.83,77.4,48.5,49.5,594.4,57.4,1.53,NPK+Manure
PLT-0401,2024-08-11,C,Muhanga,rice,Kigori,alluvial,6.74,60.0,37.2,27.1,419.4,31.0,2.11,Manure
PLT-0402,2026-02-03,A,Nyamagabe,cassava,Gisari,clayey,6.46,54.4,36.0,82.5,213.6,58.8,17.08,NPK 17-17-17
PLT-0403,2024-11-10,B,Nyarugenge,banana,Local,clayey,5.56,95.6,36.5,159.7,383.7,39.0,9.78,NPK 17-17-17
PLT-0404,2024-09-15,A,Gakenke,wheat,Improved,sandy,5.78,65.0,33.7,28.9,219.1,46.1,1.08,DAP+Urea
PLT-0405,2026-12-01,B,Kamonyi,coffee,Improved,clayey,6.12,49.4,32.2,59.6,364.6,42.6,0.6,Urea
PLT-0406,2026-01-22,A,Kayonza,sweet_potato,Improved,loamy,5.12,36.3,36.8,67.8,358.2,37.5,3.75,Manure
PLT-0407,2026-04-16,A,Gasabo,beans,Bush,sandy,6.64,44.8,45.5,45.4,135.6,63.7,0.76,NPK 17-17-17
PLT-0408,2024-11-10,A,Kirehe,sorghum,Local,sandy,7.18,33.9,31.6,30.9,576.1,54.5,0.76,Urea
PLT-0409,2026-12-19,A,Rubavu,coffee,Improved,clayey,5.3,18.1,17.4,24.1,140.9,55.1,0.34,None
PLT-0410,2025-03-05,A,Gicumbi,wheat,Local,sandy,7.49,52.2,30.7,26.9,570.3,38.2,0.81,Urea
PLT-0411,2024-11-16,B,Nyanza,soybean,Improved,loamy,6.3,40.3,52.2,56.9,198.9,51.9,1.19,NPK+Manure
PLT-0412,2025-12-10,B,Rulindo,pea,Improved,loamy,7.31,27.9,36.3,26.7,187.5,60.9,0.59,DAP+Urea
PLT-0413,2024-02-14,B,Gakenke,pea,Local,loamy,6.72,17.3,13.3,16.1,545.4,39.7,0.46,None
PLT-0414,2026-12-17,B,Nyanza,corn,Hybrid WH,alluvial,7.61,45.2,17.7,27.8,244.5,45.9,0.58,None
PLT-0415,2024-02-13,A,Ngoma,sunflower,Improved,sandy,7.62,17.1,16.8,15.5,137.3,43.7,0.57,None
PLT-0416,2024-06-22,C,Gicumbi,tomatoes,Improved,loamy,6.22,62.1,40.8,67.4,147.5,62.9,9.66,DAP+Urea
PLT-0417,2026-05-15,B,Burera,wheat,Improved,clayey,5.97,57.9,41.1,33.1,275.6,38.4,1.16,Manure
PLT-0418,2024-05-24,B,Ngoma,sunflower,Improved,loamy,5.74,59.9,58.4,58.9,335.8,40.8,1.02,DAP+Urea
PLT-0419,2026-04-26,A,Kirehe,corn,Local,sandy,6.84,85.5,53.0,56.5,465.5,57.3,2.7,NPK+Manure
PLT-0420,2025-01-22,B,Ruhango,soybean,Local,loamy,5.17,43.4,55.7,51.8,502.9,42.8,0.88,NPK+Manure
PLT-0421,2025-04-26,C,Rutsiro,coffee,Local,loamy,6.94,37.3,27.4,56.0,222.9,42.8,0.54,Urea
PLT-0422,2024-03-28,C,Kayonza,rice,Intsindagirabigega,clayey,6.61,79.6,28.6,30.2,187.4,35.0,2.72,DAP+Urea
PLT-0423,2025-08-04,A,Rwamagana,sorghum,Improved,sandy,7.03,41.9,34.4,37.7,208.6,47.6,0.84,Urea
PLT-0424,2025-05-09,B,Gasabo,rice,Kigori,alluvial,5.43,65.1,29.9,32.2,419.1,31.7,2.51,Manure
PLT-0425,2026-08-10,C,Musanze,irish_potatoes,Kinigi,sandy,6.42,70.5,52.7,85.8,459.3,56.0,7.13,DAP+Urea
PLT-0426,2026-02-28,C,Burera,pea,Local,clayey,5.37,43.2,41.5,38.9,297.1,69.7,1.01,NPK 17-17-17
PLT-0427,2024-05-12,B,Ngororero,coffee,Improved,clayey,6.74,58.2,42.3,82.0,496.9,65.6,0.71,NPK 17-17-17
PLT-0428,2026-11-14,B,Bugesera,sugarcane,Local,loamy,7.47,76.9,33.1,64.3,154.3,62.2,29.64,Urea
PLT-0429,2024-03-02,B,Nyagatare,sugarcane,Improved,loamy,6.02,80.6,37.7,74.9,350.1,58.8,33.19,Manure
PLT-0430,2025-07-12,C,Kicukiro,sweet_potato,Improved,sandy,6.67,25.0,25.6,70.9,315.2,64.4,5.13,Urea
PLT-0431,2026-07-05,C,Rusizi,irish_potatoes,Kinigi,loamy,5.79,89.2,83.7,131.6,340.5,30.2,10.14,NPK 17-17-17
PLT-0432,2025-05-04,A,Nyagatare,sugarcane,Local,alluvial,7.12,48.1,24.3,31.3,445.6,47.4,20.99,None
PLT-0433,2026-03-09,B,Musanze,pea,Local,loamy,7.29,25.2,29.6,37.5,242.4,30.6,0.83,Manure
PLT-0434,2024-10-06,A,Kicukiro,beans,Bush,sandy,5.63,43.0,45.8,39.0,529.3,38.3,0.76,NPK+Manure
PLT-0435,2024-09-09,C,Gatsibo,soybean,Improved,clayey,5.22,39.1,51.7,50.3,365.3,50.0,0.97,NPK+Manure
PLT-0436,2024-04-09,A,Ngoma,cassava,Gahene,clayey,5.31,34.4,19.6,64.0,350.6,58.7,8.62,DAP+Urea
PLT-0437,2024-09-20,C,Burera,pea,Local,loamy,6.6,36.0,40.7,37.5,355.7,46.6,1.21,DAP+Urea
PLT-0438,2026-05-12,B,Rulindo,wheat,Local,sandy,6.31,49.7,44.2,29.0,518.1,69.3,1.08,DAP+Urea
PLT-0439,2025-09-26,A,Nyarugenge,banana,Local,clayey,7.18,66.5,30.1,110.8,421.8,59.3,6.29,DAP+Urea
PLT-0440,2024-03-24,A,Ruhango,cassava,Gahene,clayey,6.52,32.4,25.0,56.6,333.4,43.4,12.44,DAP+Urea
PLT-0441,2024-08-01,C,Nyaruguru,sweet_potato,Improved,sandy,6.1,45.3,42.8,84.8,557.0,63.5,7.68,DAP+Urea
PLT-0442,2026-06-22,A,Nyamasheke,irish_potatoes,Kirundo,loamy,5.85,102.5,79.3,119.2,230.2,30.8,7.66,NPK+Manure
PLT-0443,2026-04-01,B,Bugesera,sunflower,Improved,loamy,7.0,32.7,31.1,33.4,202.7,60.3,1.11,Urea
PLT-0444,2024-09-12,C,Nyarugenge,sweet_potato,Local,sandy,4.96,36.7,27.6,51.9,388.3,39.2,4.42,Manure
PLT-0445,2025-02-15,A,Nyamagabe,sweet_potato,Improved,sandy,5.94,36.7,31.4,55.7,565.5,67.5,5.26,DAP+Urea
PLT-0446,2024-11-09,A,Rutsiro,cassava,Gahene,clayey,7.14,21.7,10.0,44.7,359.1,51.7,3.54,None
PLT-0447,2025-02-20,B,Gasabo,tomatoes,Improved,sandy,6.9,56.3,39.7,56.6,232.3,37.2,10.84,Urea
PLT-0448,2024-10-24,B,Nyaruguru,cassava,Gisari,sandy,6.07,42.9,20.7,70.7,454.8,58.9,9.05,Urea
PLT-0449,2024-02-15,A,Bugesera,sunflower,Improved,loamy,6.61,52.5,50.6,56.2,491.0,50.1,1.37,NPK 17-17-17
PLT-0450,2024-05-01,C,Musanze,pea,Improved,loamy,5.86,41.5,36.1,43.3,312.9,35.8,1.18,NPK 17-17-17
PLT-0451,2026-07-02,B,Gicumbi,barley,Local,sandy,7.61,70.7,38.6,46.1,415.4,48.6,1.45,DAP+Urea
PLT-0452,2026-03-18,A,Karongi,cassava,Gisari,clayey,7.5,17.7,11.3,28.8,467.6,43.0,4.05,None
PLT-0453,2024-02-25,A,Nyagatare,sorghum,Local,clayey,6.86,58.7,43.3,45.6,422.3,38.4,1.46,NPK 17-17-17
PLT-0454,2025-03-03,C,Rutsiro,beans,Climbing,sandy,6.99,45.1,39.0,43.5,476.7,55.3,0.83,NPK 17-17-17
PLT-0455,2026-12-06,B,Ngoma,cotton,Local,clayey,7.83,46.0,35.4,47.5,169.1,66.1,0.65,Urea
PLT-0456,2026-07-01,A,Kayonza,cotton,Improved,loamy,7.86,33.0,15.2,29.4,232.9,46.0,0.51,None
PLT-0457,2024-06-10,A,Rwamagana,sorghum,Improved,sandy,7.48,56.7,41.5,39.9,336.2,48.8,1.1,NPK 17-17-17
PLT-0458,2026-09-27,B,Rutsiro,corn,Hybrid WH,sandy,5.5,87.5,54.5,52.4,349.2,46.4,2.68,DAP+Urea
PLT-0459,2024-07-18,A,Gasabo,beans,Climbing,sandy,7.18,45.7,47.0,41.6,358.4,35.2,0.72,NPK 17-17-17
PLT-0460,2024-11-12,A,Rwamagana,cassava,Gahene,loamy,6.65,19.3,11.9,39.2,259.5,49.7,6.84,None
PLT-0461,2025-12-24,B,Kicukiro,soybean,Local,clayey,5.63,19.9,24.1,19.1,142.2,40.8,0.44,None
PLT-0462,2025-04-19,C,Gasabo,rice,Kigori,loamy,5.64,82.7,28.7,24.3,325.0,63.4,2.93,Urea
PLT-0463,2025-08-21,A,Gicumbi,wheat,Improved,loamy,6.44,59.9,34.0,37.8,218.9,43.5,1.05,Urea
PLT-0464,2025-05-24,B,Ngoma,sugarcane,Improved,loamy,6.71,94.3,52.5,80.9,513.8,69.1,38.82,DAP+Urea
PLT-0465,2026-10-11,B,Gicumbi,wheat,Local,loamy,5.66,72.3,52.8,43.4,533.8,55.1,1.61,DAP+Urea
PLT-0466,2026-11-04,B,Gakenke,beans,Climbing,loamy,7.17,19.8,12.4,22.5,496.0,49.2,0.32,None
PLT-0467,2026-05-11,A,Ngororero,tea,Improved,loamy,6.0,65.2,29.8,63.2,403.3,32.9,1.12,Manure
PLT-0468,2024-03-08,B,Huye,sugarcane,Local,alluvial,7.67,74.4,35.4,48.7,114.1,44.5,26.92,Urea
PLT-0469,2025-06-18,A,Nyagatare,sorghum,Improved,clayey,6.5,28.4,13.7,22.4,166.2,64.5,0.48,None
PLT-0470,2024-12-17,B,Ngororero,tea,Improved,clayey,4.56,75.9,37.6,73.1,358.0,40.9,1.15,DAP+Urea
PLT-0471,2026-06-27,A,Gicumbi,wheat,Local,clayey,7.07,78.5,53.2,46.2,292.9,60.2,1.35,NPK+Manure
PLT-0472,2025-07-22,B,Bugesera,sorghum,Local,sandy,5.55,57.9,41.9,47.9,408.5,61.3,1.46,NPK+Manure
PLT-0473,2024-08-22,B,Ngororero,beans,Climbing,loamy,6.38,25.8,31.7,36.2,472.2,50.2,0.56,DAP+Urea
PLT-0474,2026-08-18,C,Musanze,pea,Local,clayey,7.22,18.9,22.8,20.3,546.1,63.3,0.46,None
PLT-0475,2025-10-17,B,Rwamagana,cotton,Improved,loamy,6.62,36.1,18.9,27.0,275.2,56.6,0.39,None
PLT-0476,2026-04-15,A,Rwamagana,sorghum,Local,sandy,5.04,59.9,47.7,45.4,467.0,69.9,1.15,NPK 17-17-17
PLT-0477,2024-03-01,A,Gatsibo,cotton,Local,loamy,6.64,49.5,33.2,35.9,215.2,54.9,0.83,Urea
PLT-0478,2025-06-19,B,Rwamagana,sorghum,Improved,clayey,5.92,45.9,38.7,36.2,403.5,39.1,1.54,NPK 17-17-17
PLT-0479,2024-08-05,C,Rubavu,beans,Climbing,loamy,7.1,18.2,20.3,18.3,583.4,35.6,0.23,None
PLT-0480,2026-01-07,C,Nyamagabe,rice,Zhongeng,loamy,7.24,32.6,20.0,13.4,494.8,65.6,1.24,None
PLT-0481,2025-10-28,A,Bugesera,groundnut,Local,sandy,6.47,26.3,37.2,27.9,530.9,55.5,0.72,DAP+Urea
PLT-0482,2025-03-19,B,Musanze,tomatoes,Local,sandy,6.84,90.0,55.1,85.1,103.0,59.7,11.52,NPK 17-17-17
PLT-0483,2026-01-08,A,Ruhango,sugarcane,Improved,clayey,5.63,75.4,46.4,52.4,198.7,34.7,27.36,DAP+Urea
PLT-0484,2026-12-01,C,Kamonyi,rice,Kigori,clayey,5.99,77.7,30.2,28.1,284.3,46.5,3.08,Urea
PLT-0485,2024-03-15,B,Ngoma,groundnut,Local,loamy,5.36,20.8,35.3,26.5,249.1,65.0,0.46,DAP+Urea
PLT-0486,2025-10-22,C,Musanze,tea,Improved,loamy,5.35,67.9,28.5,73.7,564.5,57.0,1.37,Urea
PLT-0487,2026-06-07,C,Musanze,tomatoes,Improved,sandy,6.5,75.2,49.7,58.7,128.1,33.0,7.24,DAP+Urea
PLT-0488,2024-01-20,A,Ngoma,sunflower,Local,sandy,5.57,47.1,46.6,50.0,169.5,35.6,1.03,DAP+Urea
PLT-0489,2025-12-22,C,Rutsiro,irish_potatoes,Cruza,sandy,5.15,90.6,95.0,115.1,255.0,37.1,7.87,NPK 17-17-17
PLT-0490,2025-03-23,C,Rwamagana,rice,Intsindagirabigega,loamy,7.13,48.4,14.8,16.0,551.4,50.2,0.87,None
PLT-0491,2026-10-11,B,Kicukiro,corn,Local,alluvial,7.39,37.5,21.6,25.1,476.2,30.6,0.6,None
PLT-0492,2025-05-07,B,Rwamagana,cotton,Improved,clayey,7.78,30.8,25.7,15.8,272.3,42.8,0.31,None
PLT-0493,2024-02-02,B,Kicukiro,rice,Intsindagirabigega,clayey,5.57,60.7,31.5,26.5,219.5,38.1,3.26,Manure
PLT-0494,2025-06-13,C,Gatsibo,rice,Kigori,clayey,5.42,90.0,48.0,41.5,258.0,40.6,2.98,NPK 17-17-17
PLT-0495,2025-12-28,A,Gicumbi,wheat,Local,sandy,7.32,63.3,42.0,34.1,200.8,33.0,1.05,Manure
PLT-0496,2025-12-01,A,Nyagatare,cotton,Local,loamy,5.48,77.1,45.1,51.7,474.2,44.6,0.87,NPK 17-17-17
PLT-0497,2026-03-18,B,Ruhango,tomatoes,Improved,sandy,5.7,91.0,60.1,73.2,595.9,44.9,11.14,DAP+Urea
PLT-0498,2025-09-02,A,Gakenke,wheat,Improved,clayey,5.98,55.2,39.0,30.0,426.8,48.6,1.1,Manure
PLT-0499,2026-09-02,B,Rubavu,banana,Local,loamy,6.74,77.8,45.5,176.5,210.2,42.9,9.61,DAP+Urea
PLT-0500,2025-09-13,A,Bugesera,cotton,Improved,loamy,5.96,33.5,17.9,21.4,277.8,60.6,0.68,None
PLT-0501,2024-01-28,A,Nyanza,sweet_potato,Local,sandy,6.12,32.0,28.2,65.6,156.7,36.7,4.9,Urea
PLT-0502,2026-09-16,C,Karongi,tea,Improved,clayey,4.87,61.0,33.4,73.0,337.3,62.5,0.92,DAP+Urea
PLT-0503,2025-07-27,A,Gisagara,cassava,Gahene,sandy,6.46,47.3,31.9,82.6,433.9,63.7,14.03,DAP+Urea
PLT-0504,2025-09-27,A,Kayonza,cassava,Gahene,loamy,6.85,17.5,15.9,24.2,225.6,32.0,6.59,None
PLT-0505,2024-12-14,B,Gasabo,soybean,Local,loamy,5.3,36.2,41.6,42.8,497.5,67.4,0.68,Manure
PLT-0506,2025-08-01,A,Gakenke,tea,Local,loamy,4.71,55.1,29.5,52.8,113.0,46.8,1.36,Manure
PLT-0507,2024-06-20,B,Nyanza,corn,Local,sandy,6.89,60.6,41.9,40.7,163.4,68.6,1.7,DAP+Urea
PLT-0508,2025-09-03,A,Ngoma,sorghum,Local,loamy,6.87,50.5,39.3,47.4,124.8,33.4,1.2,NPK+Manure
PLT-0509,2026-02-09,B,Gisagara,beans,Bush,sandy,6.23,39.6,43.3,44.4,150.9,61.9,0.66,DAP+Urea
PLT-0510,2026-12-09,A,Kirehe,sunflower,Local,sandy,6.21,44.1,38.3,41.8,314.7,69.6,1.13,DAP+Urea
PLT-0511,2024-11-08,B,Nyanza,corn,Local,loamy,7.17,77.3,56.8,57.5,266.7,58.9,2.57,NPK 17-17-17
PLT-0512,2024-06-27,A,Ngororero,irish_potatoes,Kirundo,loamy,6.47,93.3,91.4,130.5,404.0,62.8,8.32,DAP+Urea
PLT-0513,2026-01-12,A,Rwamagana,cotton,Improved,clayey,6.65,62.1,43.9,33.6,510.2,34.1,0.86,DAP+Urea
PLT-0514,2025-05-19,B,Gakenke,barley,Improved,sandy,5.57,34.4,22.1,13.4,151.9,56.9,0.37,None
PLT-0515,2024-06-04,A,Gicumbi,wheat,Improved,loamy,6.79,47.8,42.8,27.4,311.3,47.9,1.18,Urea
PLT-0516,2026-05-03,C,Gakenke,sweet_potato,Local,sandy,6.07,42.7,46.8,77.8,322.2,68.0,7.54,DAP+Urea
PLT-0517,2025-06-08,C,Karongi,coffee,Improved,loamy,6.71,48.0,28.6,51.1,279.6,65.5,0.55,Urea
PLT-0518,2025-12-06,A,Gisagara,banana,Improved,clayey,5.4,72.5,25.3,139.6,113.3,48.1,5.94,DAP+Urea
PLT-0519,2025-03-05,C,Kamonyi,soybean,Local,loamy,6.36,34.2,37.9,46.8,241.1,48.5,0.8,Urea
PLT-0520,2026-02-27,A,Kayonza,groundnut,Improved,loamy,7.42,20.8,30.8,37.3,554.1,58.0,0.54,Urea
PLT-0521,2025-05-24,A,Gasabo,sweet_potato,Improved,loamy,6.52,36.3,45.5,94.4,598.4,42.4,7.56,DAP+Urea
PLT-0522,2026-05-20,C,Kayonza,soybean,Local,clayey,5.83,29.9,40.5,45.6,165.1,61.1,0.93,DAP+Urea
PLT-0523,2024-02-17,B,Muhanga,banana,Improved,clayey,6.19,51.2,27.2,126.8,206.0,40.5,6.22,Urea
PLT-0524,2024-05-28,B,Ngoma,cotton,Local,alluvial,7.54,78.0,53.1,50.3,364.9,47.5,1.02,DAP+Urea
PLT-0525,2025-09-15,C,Gasabo,rice,Zhongeng,clayey,6.81,54.3,24.5,37.8,278.5,61.0,2.78,Manure
PLT-0526,2026-03-11,C,Musanze,irish_potatoes,Cruza,clayey,4.71,71.2,68.4,77.3,463.7,34.5,5.5,Manure
PLT-0527,2024-11-24,A,Gatsibo,corn,Hybrid WH,clayey,6.28,31.2,22.1,21.7,203.4,60.2,0.9,None
PLT-0528,2024-03-01,A,Bugesera,corn,Hybrid WH,clayey,5.76,62.4,31.4,41.0,207.8,64.9,1.68,DAP+Urea
PLT-0529,2024-03-26,A,Gakenke,tomatoes,Local,loamy,6.09,86.9,67.4,92.5,430.9,44.8,15.17,NPK+Manure
PLT-0530,2026-07-06,A,Nyamagabe,sugarcane,Local,clayey,7.89,28.9,19.9,33.9,237.1,44.3,13.97,None
PLT-0531,2025-04-07,B,Rwamagana,cassava,Ndamirabana,sandy,4.78,15.2,11.5,33.3,525.7,42.2,4.36,None
PLT-0532,2025-11-26,B,Nyamagabe,cassava,Gahene,loamy,5.73,46.9,30.2,90.1,440.4,68.6,16.94,DAP+Urea
PLT-0533,2026-01-07,C,Gasabo,sweet_potato,Improved,sandy,5.95,12.1,20.0,38.2,108.5,46.1,2.17,None
PLT-0534,2026-07-08,B,Gicumbi,tea,Improved,clayey,4.24,84.1,41.7,72.9,306.1,49.8,1.25,NPK 17-17-17
PLT-0535,2025-06-08,B,Nyabihu,irish_potatoes,Cruza,sandy,5.98,87.7,95.4,136.7,574.5,47.4,8.14,DAP+Urea
PLT-0536,2025-10-17,A,Rwamagana,cotton,Local,clayey,6.86,63.3,45.2,31.4,489.5,55.8,1.1,Manure
PLT-0537,2026-10-24,B,Rulindo,irish_potatoes,Cruza,clayey,6.67,78.7,54.5,72.5,137.0,63.9,5.66,DAP+Urea
PLT-0538,2026-03-12,A,Burera,pea,Local,loamy,7.32,25.9,32.2,26.0,374.2,32.6,0.63,Manure
PLT-0539,2026-03-04,A,Musanze,barley,Local,clayey,6.67,44.5,32.2,25.3,141.2,45.8,1.25,Manure
PLT-0540,2024-02-09,C,Musanze,sweet_potato,Local,sandy,6.6,36.0,31.6,64.5,276.4,61.5,5.29,DAP+Urea
PLT-0541,2025-02-05,C,Ruhango,tomatoes,Improved,clayey,6.48,32.5,29.3,39.5,364.9,32.4,5.53,None
PLT-0542,2024-09-21,C,Gatsibo,rice,Intsindagirabigega,clayey,5.76,55.8,26.6,32.3,475.9,36.6,2.57,Manure
PLT-0543,2026-02-15,B,Gakenke,corn,Hybrid WH,loamy,5.96,49.4,37.4,42.2,399.6,48.7,1.56,Manure
PLT-0544,2026-09-01,B,Rulindo,wheat,Local,sandy,5.94,57.1,47.0,38.0,360.6,45.0,0.92,Urea
PLT-0545,2024-10-02,C,Kicukiro,sweet_potato,Improved,loamy,6.74,36.5,40.6,95.8,440.6,68.6,6.94,NPK+Manure
PLT-0546,2026-01-21,B,Rwamagana,sunflower,Improved,sandy,6.31,57.6,57.6,45.0,428.4,35.8,1.58,DAP+Urea
PLT-0547,2025-07-09,A,Gisagara,corn,Local,sandy,5.02,24.9,20.9,29.9,593.4,39.3,0.57,None
PLT-0548,2024-05-03,A,Gakenke,barley,Improved,loamy,5.57,41.2,36.2,24.5,190.2,54.9,0.72,Manure
PLT-0549,2026-01-19,C,Musanze,tomatoes,Improved,sandy,5.4,48.8,53.2,65.7,383.9,67.2,6.06,Urea
PLT-0550,2024-08-14,A,Kayonza,groundnut,Improved,loamy,6.33,19.5,34.3,33.8,112.3,50.9,0.6,DAP+Urea
PLT-0551,2024-11-08,A,Gatsibo,sunflower,Local,loamy,6.07,53.7,45.0,52.0,149.4,51.5,1.51,NPK 17-17-17
PLT-0552,2026-04-19,B,Burera,pea,Improved,clayey,5.82,45.7,40.7,45.9,182.7,69.8,1.35,NPK 17-17-17
PLT-0553,2025-12-09,A,Nyanza,corn,Hybrid WH,clayey,7.26,94.3,58.5,46.4,238.9,30.6,2.12,NPK+Manure
PLT-0554,2025-04-28,A,Kirehe,sorghum,Improved,loamy,7.6,46.6,45.8,36.8,353.4,43.0,0.98,DAP+Urea
PLT-0555,2026-09-13,A,Nyabihu,irish_potatoes,Kirundo,clayey,6.34,81.8,79.5,131.1,392.9,60.1,7.76,NPK+Manure
PLT-0556,2025-04-14,A,Ngoma,sugarcane,Local,clayey,5.2,75.5,35.0,61.8,560.7,65.8,28.06,Urea
PLT-0557,2026-08-25,A,Rulindo,pea,Local,loamy,7.41,15.4,23.3,13.9,328.2,36.1,0.31,None
PLT-0558,2025-06-01,A,Ngoma,sugarcane,Improved,clayey,6.35,101.2,58.8,72.7,328.9,66.0,51.74,NPK 17-17-17
PLT-0559,2026-10-16,C,Ngoma,sweet_potato,Local,sandy,5.3,42.2,39.5,91.0,494.2,37.9,7.71,DAP+Urea
PLT-0560,2024-07-11,B,Ngororero,tea,Local,loamy,5.63,67.8,24.3,75.0,587.5,57.0,0.92,Manure
PLT-0561,2026-03-13,B,Ngoma,sorghum,Local,clayey,6.28,37.5,35.5,32.6,434.0,45.5,0.95,Urea
PLT-0562,2025-03-11,A,Rubavu,irish_potatoes,Kinigi,clayey,4.95,83.9,57.5,112.0,157.0,57.6,5.62,DAP+Urea
PLT-0563,2026-08-03,C,Gicumbi,tea,Local,loamy,5.29,48.7,31.7,63.7,267.6,62.0,0.99,Manure
PLT-0564,2025-11-23,C,Nyarugenge,rice,Zhongeng,alluvial,7.01,100.2,41.5,40.9,192.8,42.6,2.84,DAP+Urea
PLT-0565,2026-11-06,A,Gakenke,irish_potatoes,Kinigi,loamy,6.84,46.2,37.9,61.9,160.0,33.6,3.75,None
PLT-0566,2024-03-12,C,Ngoma,rice,Intsindagirabigega,loamy,5.72,61.9,36.8,35.8,195.5,55.6,3.0,Urea
PLT-0567,2024-09-12,B,Gisagara,banana,Improved,loamy,5.76,40.2,15.1,88.3,406.2,58.5,3.89,None
PLT-0568,2025-08-05,A,Rwamagana,sunflower,Improved,sandy,7.1,41.5,33.4,30.8,450.8,35.4,0.79,Urea
PLT-0569,2026-08-18,B,Kayonza,soybean,Local,loamy,5.16,26.9,39.1,37.4,581.0,37.1,0.5,Urea
PLT-0570,2024-01-19,C,Nyabihu,coffee,Local,loamy,5.02,47.7,33.1,55.4,460.8,52.7,0.49,Manure
PLT-0571,2024-03-10,B,Ngoma,sugarcane,Local,alluvial,6.35,42.4,17.7,26.3,525.7,43.0,23.56,None
PLT-0572,2024-07-28,C,Kamonyi,tomatoes,Local,clayey,7.48,75.0,52.2,59.8,378.2,33.8,6.94,Manure
PLT-0573,2026-01-26,B,Ruhango,soybean,Improved,clayey,5.95,37.6,32.3,31.8,229.2,56.4,0.77,Urea
PLT-0574,2025-04-20,B,Gicumbi,pea,Local,loamy,6.44,24.4,36.2,24.5,374.8,40.9,0.91,Manure
PLT-0575,2026-08-21,A,Kamonyi,corn,Hybrid WH,sandy,5.71,68.5,45.4,39.3,332.0,66.1,1.79,Urea
PLT-0576,2024-04-23,B,Nyamagabe,coffee,Local,clayey,6.78,48.9,24.7,65.2,511.4,63.0,0.53,DAP+Urea
PLT-0577,2025-08-22,A,Bugesera,cassava,Gahene,sandy,7.45,34.0,19.9,48.4,546.2,36.2,6.62,DAP+Urea
PLT-0578,2025-03-22,C,Nyarugenge,rice,Intsindagirabigega,alluvial,6.27,48.6,19.4,17.2,496.5,55.4,1.22,None
PLT-0579,2026-01-07,A,Nyarugenge,beans,Climbing,clayey,6.95,13.1,23.5,23.7,285.9,39.4,0.3,None
PLT-0580,2026-09-01,A,Gicumbi,tomatoes,Improved,loamy,5.81,50.8,46.7,52.1,541.6,31.6,8.29,Manure
PLT-0581,2026-10-24,A,Bugesera,sunflower,Improved,loamy,7.8,21.1,22.8,24.0,347.2,42.6,0.41,None
PLT-0582,2026-03-24,B,Gatsibo,cotton,Improved,clayey,7.66,74.0,52.3,55.2,310.1,33.2,1.17,NPK 17-17-17
PLT-0583,2026-10-12,A,Kayonza,cotton,Improved,clayey,7.77,43.4,47.0,37.0,539.8,64.6,0.86,Urea
PLT-0584,2025-07-28,B,Gicumbi,wheat,Local,loamy,5.5,52.6,33.6,33.1,445.2,47.9,1.08,DAP+Urea
PLT-0585,2026-03-21,C,Bugesera,rice,Zhongeng,loamy,6.95,94.3,40.4,44.9,560.4,46.7,4.52,NPK+Manure
PLT-0586,2026-06-23,B,Huye,sugarcane,Local,loamy,6.6,79.0,30.5,48.2,571.2,33.0,24.73,DAP+Urea
PLT-0587,2025-07-26,A,Ngoma,groundnut,Local,sandy,7.16,24.1,36.4,28.4,321.2,56.7,0.46,Urea
PLT-0588,2026-12-16,A,Ngoma,sorghum,Improved,clayey,5.83,57.0,38.5,43.0,418.3,50.7,1.54,NPK+Manure
PLT-0589,2025-11-10,B,Kirehe,sorghum,Improved,loamy,5.23,39.3,25.5,26.0,542.4,59.9,0.78,DAP+Urea
PLT-0590,2026-12-04,C,Huye,coffee,Improved,loamy,4.85,43.7,35.0,53.6,516.3,32.6,0.53,Manure
PLT-0591,2026-12-23,A,Gasabo,tomatoes,Improved,clayey,6.35,48.2,46.8,75.2,558.3,43.6,8.51,Manure
PLT-0592,2026-09-27,B,Rulindo,irish_potatoes,Kinigi,sandy,5.11,99.0,94.3,122.8,567.3,31.3,8.98,NPK+Manure
PLT-0593,2024-03-21,B,Ngoma,sunflower,Improved,sandy,7.58,38.4,43.7,38.3,150.6,53.6,0.84,DAP+Urea
PLT-0594,2024-02-22,B,Muhanga,beans,Mutiki,clayey,6.91,26.0,35.9,36.0,171.4,30.6,0.45,DAP+Urea
PLT-0595,2026-12-09,B,Ngoma,soybean,Improved,loamy,6.67,27.8,46.0,39.1,478.4,59.1,0.88,Manure
PLT-0596,2026-07-05,A,Kayonza,sorghum,Improved,sandy,5.19,48.5,47.6,36.7,170.4,41.3,1.08,DAP+Urea
PLT-0597,2025-06-09,B,Kirehe,sugarcane,Local,clayey,7.95,72.6,35.2,57.6,126.0,45.1,22.65,Manure
PLT-0598,2026-08-25,B,Gisagara,tomatoes,Improved,clayey,5.7,36.3,32.3,41.6,199.6,37.6,5.52,None
PLT-0599,2026-12-26,C,Gisagara,banana,Local,alluvial,5.35,27.8,17.0,88.3,281.9,67.1,2.72,None
PLT-0600,2025-01-19,A,Gicumbi,barley,Local,loamy,6.4,24.0,13.3,23.6,582.7,51.1,0.48,None
PLT-0601,2026-11-16,A,Gicumbi,wheat,Local,clayey,5.33,41.8,16.9,22.6,133.4,66.5,0.53,None
PLT-0602,2024-02-19,C,Kicukiro,tomatoes,Improved,sandy,6.96,49.6,41.4,64.4,381.2,69.5,10.95,Urea
PLT-0603,2024-08-19,A,Karongi,corn,Kigega,clayey,6.8,64.5,37.8,46.8,274.8,56.0,1.4,Manure
PLT-0604,2026-06-02,B,Ngoma,cotton,Local,clayey,6.33,55.2,33.5,33.9,112.2,41.2,0.75,DAP+Urea
PLT-0605,2026-08-19,A,Huye,tomatoes,Local,clayey,6.18,72.1,60.5,90.4,169.3,65.6,14.84,NPK 17-17-17
PLT-0606,2026-06-25,A,Burera,tomatoes,Improved,sandy,6.34,72.5,54.4,74.5,524.2,38.2,12.97,NPK 17-17-17
PLT-0607,2025-12-26,A,Ngoma,sunflower,Improved,loamy,6.89,30.1,37.4,31.9,286.8,62.2,0.97,Urea
PLT-0608,2025-01-17,C,Muhanga,coffee,Improved,clayey,6.62,56.4,41.6,91.7,537.3,67.1,0.61,NPK 17-17-17
PLT-0609,2025-02-02,C,Muhanga,beans,Climbing,sandy,5.87,38.4,42.1,38.5,145.1,31.7,0.64,DAP+Urea
PLT-0610,2026-03-01,A,Rulindo,wheat,Local,loamy,6.78,75.9,57.4,46.6,115.3,34.6,1.86,DAP+Urea
PLT-0611,2026-02-25,A,Gakenke,sweet_potato,Improved,sandy,5.07,30.0,32.4,66.5,423.0,69.0,2.91,Manure
PLT-0612,2025-08-16,A,Rwamagana,groundnut,Improved,sandy,5.79,21.0,30.1,37.7,222.4,66.0,0.48,Manure
PLT-0613,2025-11-18,C,Muhanga,rice,Zhongeng,loamy,5.7,35.9,15.7,13.4,555.8,49.2,1.62,None
PLT-0614,2026-10-02,C,Gakenke,pea,Local,loamy,5.34,45.3,41.2,36.2,326.9,46.7,1.08,DAP+Urea
PLT-0615,2026-04-05,A,Gatsibo,sugarcane,Local,clayey,5.27,70.9,44.0,63.1,139.7,32.3,28.08,Manure
PLT-0616,2024-07-18,C,Ngoma,sweet_potato,Local,loamy,5.71,28.2,26.3,63.0,288.1,36.4,4.66,Manure
PLT-0617,2026-06-02,C,Kamonyi,rice,Zhongeng,alluvial,5.11,83.5,44.6,36.4,110.2,68.5,3.24,NPK+Manure
PLT-0618,2024-07-11,C,Gakenke,pea,Local,loamy,7.04,37.3,38.5,41.4,358.2,59.7,1.11,NPK+Manure
PLT-0619,2026-12-26,C,Musanze,sweet_potato,Local,loamy,5.73,30.1,29.7,62.2,374.6,39.0,4.49,Urea
PLT-0620,2026-11-23,A,Ngoma,banana,Local,alluvial,5.25,51.5,26.5,137.5,216.2,32.4,5.63,DAP+Urea
PLT-0621,2025-04-16,A,Nyagatare,groundnut,Improved,loamy,5.81,23.2,29.1,30.3,467.4,58.4,0.58,Urea
PLT-0622,2025-05-18,C,Gasabo,beans,Bush,clayey,5.69,32.5,28.9,35.6,164.4,49.7,0.57,DAP+Urea
PLT-0623,2025-12-09,B,Huye,banana,Improved,alluvial,5.55,30.3,13.6,62.5,452.6,53.3,4.45,None
PLT-0624,2025-10-18,A,Gakenke,wheat,Improved,clayey,6.08,70.1,51.3,44.9,149.2,63.9,1.66,NPK+Manure
PLT-0625,2026-10-19,A,Nyagatare,sugarcane,Local,clayey,7.54,101.0,45.9,95.3,415.6,52.2,35.15,NPK 17-17-17
PLT-0626,2026-11-05,A,Gicumbi,irish_potatoes,Kinigi,loamy,6.67,106.9,91.8,111.1,426.1,34.2,8.21,DAP+Urea
PLT-0627,2025-05-15,A,Nyanza,beans,Bush,clayey,5.93,32.0,34.6,33.8,536.2,53.1,0.54,Manure
PLT-0628,2026-04-11,A,Karongi,tea,Improved,loamy,4.05,72.2,45.2,92.4,310.6,41.3,1.26,DAP+Urea
PLT-0629,2026-10-17,B,Rwamagana,sunflower,Local,sandy,6.04,58.4,47.6,51.7,223.8,51.6,1.23,NPK 17-17-17
PLT-0630,2026-04-28,B,Ruhango,banana,Improved,alluvial,5.22,65.8,30.3,138.4,382.5,50.0,4.32,Urea
PLT-0631,2026-03-09,A,Nyanza,corn,Kigega,clayey,7.13,75.2,45.6,39.2,136.5,36.0,1.68,Manure
PLT-0632,2025-04-16,C,Burera,tea,Improved,clayey,5.2,69.6,24.8,59.8,353.3,67.5,1.22,DAP+Urea
PLT-0633,2026-02-03,B,Gakenke,corn,Kigega,clayey,5.34,70.6,44.2,37.8,212.4,48.0,1.57,Manure
PLT-0634,2024-03-24,B,Kamonyi,beans,Climbing,sandy,6.45,32.5,34.8,28.9,252.0,51.5,0.61,Manure
PLT-0635,2026-11-16,B,Nyagatare,banana,Local,alluvial,5.47,87.3,42.0,145.0,250.8,48.2,8.09,DAP+Urea
PLT-0636,2026-09-23,B,Karongi,cassava,Ndamirabana,loamy,6.33,46.7,34.7,85.4,465.4,48.2,13.58,NPK 17-17-17
PLT-0637,2024-05-28,C,Nyarugenge,sweet_potato,Improved,sandy,6.33,43.2,43.2,85.0,161.5,67.9,6.45,NPK+Manure
PLT-0638,2026-05-11,A,Gatsibo,corn,Hybrid WH,clayey,6.25,36.7,21.0,19.3,431.8,60.2,0.69,None
PLT-0639,2026-11-09,B,Gakenke,pea,Improved,clayey,6.68,27.2,37.4,35.3,384.7,60.6,0.83,Urea
PLT-0640,2026-10-14,B,Ngoma,groundnut,Local,sandy,6.98,20.3,32.7,28.4,143.0,65.8,0.54,DAP+Urea
PLT-0641,2024-01-03,A,Gatsibo,sunflower,Improved,sandy,6.24,16.3,16.0,27.9,530.7,42.9,0.4,None
PLT-0642,2024-01-03,B,Kicukiro,soybean,Local,clayey,6.14,22.4,19.0,26.3,149.8,32.3,0.41,None
PLT-0643,2024-09-15,C,Nyanza,tomatoes,Local,sandy,5.57,58.9,38.2,70.9,165.1,35.4,6.25,Urea
PLT-0644,2026-01-09,A,Gatsibo,cassava,Ndamirabana,sandy,7.38,46.5,18.3,65.0,583.5,44.2,8.67,Manure
PLT-0645,2024-02-10,A,Musanze,barley,Improved,clayey,7.81,64.8,46.4,44.7,197.4,52.4,1.4,NPK+Manure
PLT-0646,2026-07-05,B,Gasabo,tomatoes,Local,sandy,7.09,66.8,46.1,55.9,434.7,41.5,7.17,DAP+Urea
PLT-0647,2026-09-19,A,Kayonza,sorghum,Local,loamy,5.61,41.0,32.0,26.9,417.1,36.6,0.75,DAP+Urea
PLT-0648,2024-07-11,C,Kicukiro,sweet_potato,Local,sandy,7.15,13.3,23.1,37.7,574.5,31.3,1.54,None
PLT-0649,2026-06-21,B,Kayonza,groundnut,Local,sandy,6.87,11.2,14.9,12.2,109.1,59.0,0.39,None
PLT-0650,2025-11-14,A,Gisagara,banana,Local,alluvial,6.64,50.7,25.6,110.2,470.7,67.0,5.67,Manure
PLT-0651,2026-07-26,A,Gasabo,tomatoes,Improved,loamy,5.65,76.2,61.3,82.8,269.0,31.6,10.97,NPK+Manure
PLT-0652,2026-02-20,C,Burera,irish_potatoes,Kinigi,clayey,5.11,76.9,74.6,107.0,276.7,37.3,5.5,Urea
PLT-0653,2026-09-10,A,Ngoma,sunflower,Improved,loamy,6.38,46.4,58.5,48.6,341.4,51.8,1.43,NPK+Manure
PLT-0654,2024-12-21,B,Gicumbi,corn,Local,sandy,7.53,39.6,19.6,16.3,230.0,53.6,0.8,None
PLT-0655,2025-02-21,A,Rwamagana,sugarcane,Local,alluvial,6.56,72.7,41.7,55.3,437.5,38.4,26.8,Manure
PLT-0656,2026-07-02,B,Gatsibo,groundnut,Improved,sandy,6.16,28.2,32.2,30.0,320.6,67.5,0.54,Urea
PLT-0657,2026-02-11,B,Gakenke,barley,Local,clayey,6.53,51.9,33.1,31.7,445.5,61.4,1.01,DAP+Urea
PLT-0658,2026-02-07,C,Kamonyi,coffee,Improved,clayey,6.55,55.0,48.0,94.8,500.0,59.9,0.76,NPK+Manure
PLT-0659,2025-08-08,C,Gasabo,soybean,Improved,loamy,5.67,37.0,45.4,43.5,509.0,49.9,0.85,Urea
PLT-0660,2026-11-28,A,Ngoma,beans,Mutiki,sandy,5.26,20.5,20.0,17.5,266.7,63.1,0.25,None
PLT-0661,2024-12-24,B,Musanze,pea,Improved,loamy,6.03,33.2,34.8,37.1,283.0,40.5,0.79,DAP+Urea
PLT-0662,2024-11-13,C,Nyarugenge,soybean,Local,loamy,6.21,45.2,54.7,56.0,217.8,44.5,0.99,NPK+Manure
PLT-0663,2024-09-14,B,Rusizi,irish_potatoes,Cruza,clayey,5.9,98.8,86.7,120.3,269.4,36.5,9.16,NPK+Manure
PLT-0664,2026-01-21,A,Musanze,wheat,Local,loamy,5.14,29.0,15.4,18.4,564.2,69.1,0.39,None
PLT-0665,2025-09-13,B,Rulindo,pea,Improved,loamy,5.85,39.7,44.9,43.7,298.0,48.2,1.16,NPK+Manure
PLT-0666,2026-11-11,C,Musanze,tomatoes,Improved,clayey,6.14,89.5,63.1,75.0,542.5,64.3,11.74,NPK+Manure
PLT-0667,2026-12-14,A,Bugesera,sunflower,Local,loamy,5.6,41.1,36.7,43.9,154.6,33.7,0.81,Urea
PLT-0668,2024-02-14,A,Nyamasheke,beans,Mutiki,clayey,6.43,38.4,47.1,42.4,402.5,55.6,0.84,NPK+Manure
PLT-0669,2024-07-13,A,Bugesera,banana,Improved,loamy,5.82,64.0,33.7,124.2,356.4,51.1,7.92,Manure
PLT-0670,2026-03-12,A,Ngororero,irish_potatoes,Kirundo,clayey,6.28,90.2,72.7,122.8,269.5,48.1,9.35,NPK 17-17-17
PLT-0671,2026-01-11,A,Rulindo,barley,Local,sandy,7.81,37.9,33.5,28.0,193.5,54.8,0.85,Manure
PLT-0672,2024-04-04,B,Ngoma,cotton,Improved,loamy,7.2,51.5,42.9,37.0,138.3,32.4,0.82,Urea
PLT-0673,2025-12-06,C,Kamonyi,sweet_potato,Local,sandy,4.93,33.6,28.9,54.7,138.0,67.3,4.07,Urea
PLT-0674,2026-05-22,B,Kirehe,sorghum,Improved,sandy,6.4,27.1,12.4,17.3,485.0,46.4,0.46,None
PLT-0675,2026-10-06,A,Kicukiro,corn,Kigega,loamy,6.77,74.9,50.7,47.8,422.0,59.2,2.66,NPK 17-17-17
PLT-0676,2025-11-13,A,Kirehe,sugarcane,Improved,loamy,5.12,85.2,35.2,60.7,399.4,42.2,28.53,DAP+Urea
PLT-0677,2026-12-07,A,Nyabihu,coffee,Local,loamy,5.13,50.6,36.4,69.6,596.1,67.0,0.51,DAP+Urea
PLT-0678,2024-09-25,C,Nyarugenge,banana,Local,clayey,7.27,54.3,31.1,99.4,349.1,46.1,4.28,Manure
PLT-0679,2026-10-25,B,Musanze,barley,Local,clayey,6.73,56.2,32.5,31.9,128.1,58.9,0.87,Urea
PLT-0680,2025-04-04,A,Gatsibo,groundnut,Local,loamy,5.99,17.6,19.9,21.8,331.9,55.2,0.32,None
PLT-0681,2025-01-22,B,Gasabo,tomatoes,Improved,loamy,7.5,34.8,29.4,39.7,279.3,46.6,3.58,None
PLT-0682,2024-03-10,A,Kayonza,cotton,Improved,alluvial,7.02,58.0,40.6,43.2,270.8,57.2,0.81,Manure
PLT-0683,2024-10-02,A,Bugesera,sorghum,Improved,sandy,6.28,41.6,29.0,35.0,252.1,44.2,0.83,DAP+Urea
PLT-0684,2026-01-08,C,Ruhango,tomatoes,Improved,sandy,6.25,50.9,55.6,61.4,191.6,57.1,8.65,DAP+Urea
PLT-0685,2025-09-06,A,Kayonza,cotton,Improved,loamy,7.95,60.4,39.9,40.5,311.2,49.0,0.65,Manure
PLT-0686,2024-02-23,C,Rutsiro,tea,Local,clayey,5.29,78.9,36.8,89.2,358.5,46.6,1.65,NPK 17-17-17
PLT-0687,2025-11-03,A,Gakenke,barley,Improved,clayey,6.22,46.9,28.8,29.3,388.9,39.9,0.96,DAP+Urea
PLT-0688,2024-04-09,A,Nyagatare,groundnut,Local,sandy,6.7,30.2,42.8,47.2,455.8,33.7,0.86,NPK 17-17-17
PLT-0689,2025-11-25,B,Rutsiro,tea,Improved,loamy,4.92,86.3,40.9,93.2,238.0,34.8,1.83,NPK+Manure
PLT-0690,2025-05-08,A,Burera,pea,Local,clayey,5.12,36.9,26.2,32.2,282.9,45.0,0.55,Urea
PLT-0691,2026-03-12,C,Rusizi,coffee,Improved,clayey,5.58,51.3,24.2,59.4,110.4,41.8,0.58,Manure
PLT-0692,2026-08-12,C,Rulindo,sweet_potato,Improved,sandy,6.82,40.3,41.5,79.5,346.4,63.1,5.57,NPK+Manure
PLT-0693,2024-03-20,B,Rubavu,banana,Local,clayey,6.55,85.1,45.6,160.2,478.3,43.6,9.99,NPK 17-17-17
PLT-0694,2025-02-22,B,Kayonza,groundnut,Improved,loamy,6.21,27.8,40.9,38.2,280.5,53.2,0.85,NPK 17-17-17
PLT-0695,2025-09-21,B,Musanze,pea,Local,clayey,5.05,12.8,13.8,20.1,221.4,55.1,0.53,None
PLT-0696,2024-07-15,B,Gicumbi,barley,Local,loamy,6.21,62.0,47.4,46.0,568.5,54.9,1.6,DAP+Urea
PLT-0697,2025-06-03,B,Kirehe,sunflower,Improved,sandy,7.78,36.1,32.5,40.9,297.2,41.9,0.93,Manure
PLT-0698,2024-07-17,C,Rubavu,coffee,Improved,clayey,5.24,22.6,18.8,27.0,244.4,43.2,0.28,None
PLT-0699,2025-04-14,B,Nyarugenge,soybean,Improved,loamy,7.37,37.8,40.4,35.9,373.7,57.5,0.53,Urea
PLT-0700,2024-02-03,B,Nyarugenge,tomatoes,Local,loamy,7.33,76.3,63.9,87.9,339.0,68.6,11.55,NPK+Manure
PLT-0701,2024-08-10,B,Nyamagabe,sugarcane,Improved,clayey,5.89,105.4,57.0,81.3,230.1,56.9,43.89,DAP+Urea
PLT-0702,2025-07-22,B,Bugesera,sorghum,Local,loamy,6.5,50.2,37.4,45.9,277.2,54.2,1.11,NPK+Manure
PLT-0703,2024-01-19,A,Ngoma,groundnut,Improved,loamy,5.42,33.1,46.7,45.2,527.3,45.8,0.62,NPK+Manure
PLT-0704,2025-07-05,A,Rulindo,pea,Improved,loamy,5.8,19.7,22.3,19.5,450.4,55.5,0.65,None
PLT-0705,2026-09-01,B,Nyamasheke,tea,Local,loamy,4.32,53.2,30.2,70.0,597.9,41.6,0.78,Manure
PLT-0706,2026-10-22,B,Bugesera,sorghum,Improved,sandy,7.89,36.0,33.6,29.0,437.6,44.7,0.66,Manure
PLT-0707,2026-10-26,A,Muhanga,corn,Local,alluvial,7.69,25.7,25.3,23.4,253.3,58.7,0.76,None
PLT-0708,2024-06-23,B,Huye,coffee,Local,loamy,5.03,49.0,36.2,58.9,483.3,53.6,0.59,Manure
PLT-0709,2025-07-14,B,Burera,wheat,Improved,sandy,6.33,58.9,36.7,35.5,571.0,64.0,1.25,Urea
PLT-0710,2025-01-02,B,Rulindo,pea,Improved,clayey,7.14,30.6,35.2,34.0,526.0,36.8,0.7,DAP+Urea
PLT-0711,2025-06-04,A,Gatsibo,sorghum,Improved,clayey,6.72,31.5,34.7,37.3,488.8,39.0,0.82,DAP+Urea
PLT-0712,2024-04-08,A,Musanze,barley,Local,loamy,6.12,53.3,31.9,30.4,577.1,33.9,1.0,Urea
PLT-0713,2024-01-06,C,Muhanga,banana,Local,loamy,5.68,94.8,46.0,161.9,478.2,42.1,9.77,NPK+Manure
PLT-0714,2025-11-05,A,Ngoma,groundnut,Local,loamy,6.76,33.8,42.4,47.8,116.7,67.8,0.81,NPK 17-17-17
PLT-0715,2025-05-08,B,Nyagatare,sugarcane,Local,loamy,6.32,40.5,16.7,45.1,323.6,44.8,23.32,None
PLT-0716,2025-09-07,B,Huye,corn,Hybrid WH,loamy,5.51,61.7,32.4,30.6,497.8,38.3,1.33,Manure
PLT-0717,2025-01-07,A,Burera,tomatoes,Local,clayey,7.34,88.0,61.4,80.5,381.7,51.6,9.75,NPK 17-17-17
PLT-0718,2025-04-02,A,Kayonza,groundnut,Improved,sandy,5.96,24.1,29.9,31.7,251.6,36.8,0.56,Manure
PLT-0719,2024-02-25,A,Gicumbi,tomatoes,Local,loamy,6.15,68.8,40.3,68.1,465.2,49.5,9.55,Manure
PLT-0720,2025-03-16,C,Karongi,banana,Local,loamy,5.97,27.4,12.6,63.5,396.6,37.8,3.92,None
PLT-0721,2024-11-02,C,Gasabo,soybean,Local,clayey,6.02,44.4,57.4,48.5,533.4,39.9,1.17,NPK+Manure
PLT-0722,2025-06-14,A,Bugesera,sunflower,Improved,sandy,6.28,49.9,46.8,54.9,138.6,69.0,1.6,NPK+Manure
PLT-0723,2024-09-20,A,Nyaruguru,cassava,Gisari,loamy,5.33,32.3,25.3,57.5,429.3,30.3,11.06,Urea
PLT-0724,2024-03-28,C,Ngoma,rice,Zhongeng,loamy,6.56,43.2,12.9,18.0,210.3,31.4,1.92,None
PLT-0725,2026-12-06,B,Gakenke,wheat,Improved,clayey,5.08,56.2,40.5,37.1,583.3,55.0,0.88,Manure
PLT-0726,2025-02-07,B,Rwamagana,sugarcane,Improved,loamy,6.76,93.7,51.6,86.6,525.3,67.1,46.16,DAP+Urea
PLT-0727,2026-08-25,A,Gicumbi,barley,Local,sandy,5.81,57.5,40.1,45.4,176.6,34.0,1.18,NPK 17-17-17
PLT-0728,2026-05-19,B,Ngoma,cotton,Improved,alluvial,7.12,60.4,40.6,44.5,296.3,43.7,0.88,Urea
PLT-0729,2024-12-25,A,Rwamagana,cassava,Gahene,sandy,4.87,50.3,31.3,72.8,368.0,51.4,10.18,NPK+Manure
PLT-0730,2025-06-04,C,Burera,tea,Improved,loamy,5.92,57.8,33.2,57.9,213.5,58.4,0.85,DAP+Urea
PLT-0731,2025-07-16,B,Bugesera,sunflower,Local,loamy,7.17,22.1,18.4,22.4,190.3,63.0,0.77,None
PLT-0732,2025-01-13,B,Gisagara,sugarcane,Local,loamy,5.37,66.8,34.5,61.7,595.2,67.5,27.53,DAP+Urea
PLT-0733,2026-07-21,A,Rwamagana,groundnut,Local,sandy,7.2,10.1,23.3,12.1,561.0,35.9,0.37,None
PLT-0734,2026-07-28,C,Nyarugenge,rice,Kigori,alluvial,5.18,49.1,15.7,19.7,242.4,30.7,1.24,None
PLT-0735,2026-11-14,B,Gatsibo,rice,Zhongeng,loamy,7.45,73.1,28.0,28.5,468.8,59.2,2.37,Urea
PLT-0736,2025-04-16,A,Ruhango,coffee,Improved,loamy,6.17,40.6,36.0,64.8,301.0,60.8,0.71,DAP+Urea
PLT-0737,2026-06-23,B,Kirehe,sorghum,Improved,clayey,5.3,52.3,47.5,41.7,559.9,30.6,1.0,NPK 17-17-17
PLT-0738,2026-07-04,A,Muhanga,banana,Local,loamy,7.32,44.2,16.7,87.7,163.6,44.8,3.38,None
PLT-0739,2026-07-03,B,Kayonza,groundnut,Improved,loamy,7.16,33.3,42.1,44.7,224.7,64.9,0.58,NPK 17-17-17
PLT-0740,2026-01-24,A,Ngoma,groundnut,Improved,sandy,6.6,21.5,35.6,24.9,149.4,33.3,0.63,Manure
PLT-0741,2024-04-21,B,Nyarugenge,beans,Bush,sandy,6.73,36.1,37.8,26.6,274.5,41.7,0.49,Manure
PLT-0742,2024-06-17,C,Nyamagabe,rice,Zhongeng,alluvial,5.58,78.6,33.5,37.6,126.0,61.3,2.41,Urea
PLT-0743,2026-01-24,A,Rwamagana,sugarcane,Improved,loamy,5.95,60.5,37.9,72.3,467.0,54.4,24.95,Manure
PLT-0744,2024-05-07,B,Rwamagana,sugarcane,Local,loamy,6.28,73.7,33.3,53.3,136.5,36.5,34.8,Manure
PLT-0745,2026-10-20,A,Gatsibo,sunflower,Local,loamy,7.78,45.4,50.3,45.3,454.5,56.0,1.01,NPK+Manure
PLT-0746,2024-10-22,B,Gakenke,tomatoes,Improved,loamy,7.11,72.8,49.1,62.7,354.3,51.8,8.15,Manure
PLT-0747,2024-05-07,A,Musanze,tea,Improved,clayey,4.36,52.5,30.0,72.1,205.2,63.7,1.14,Manure
PLT-0748,2026-01-26,A,Musanze,pea,Improved,loamy,5.6,28.2,24.5,33.8,280.6,54.4,0.83,DAP+Urea
PLT-0749,2026-11-04,B,Bugesera,rice,Zhongeng,alluvial,6.82,100.8,47.7,38.9,309.8,69.1,3.43,NPK 17-17-17
PLT-0750,2026-09-19,B,Kicukiro,rice,Kigori,loamy,7.35,81.2,45.5,45.4,141.5,49.6,3.52,NPK+Manure
PLT-0751,2026-04-03,B,Bugesera,corn,Kigega,sandy,6.94,42.4,29.6,26.6,274.7,48.3,0.86,None
PLT-0752,2026-07-25,A,Musanze,wheat,Improved,clayey,7.42,56.8,30.3,25.0,245.2,39.0,0.88,Urea
PLT-0753,2026-02-05,B,Rwamagana,sunflower,Improved,loamy,6.22,47.3,39.0,32.0,549.7,39.9,0.9,DAP+Urea
PLT-0754,2026-05-07,A,Muhanga,sugarcane,Local,loamy,6.92,79.6,43.3,48.4,321.1,50.7,26.28,DAP+Urea
PLT-0755,2025-09-09,B,Nyamasheke,cassava,Gahene,clayey,5.14,20.8,14.2,28.1,275.0,59.2,4.15,None
PLT-0756,2026-03-27,C,Nyaruguru,tomatoes,Improved,clayey,7.32,35.3,29.6,32.5,327.5,37.0,4.36,None
PLT-0757,2025-04-13,A,Gakenke,barley,Local,loamy,6.8,53.0,24.2,25.5,568.6,49.5,1.29,DAP+Urea
PLT-0758,2026-12-04,A,Rwamagana,cassava,Gahene,clayey,6.25,37.3,23.1,71.6,585.2,33.3,10.86,DAP+Urea
PLT-0759,2025-04-03,A,Kayonza,sorghum,Improved,loamy,7.52,47.4,46.9,46.8,173.4,52.0,1.2,NPK 17-17-17
PLT-0760,2026-02-25,A,Bugesera,cotton,Improved,clayey,6.32,46.3,44.6,44.9,364.1,39.9,1.09,Urea
PLT-0761,2026-04-01,A,Bugesera,groundnut,Local,sandy,6.62,9.1,16.1,13.1,413.0,36.2,0.34,None
PLT-0762,2026-09-17,A,Kirehe,sorghum,Local,sandy,7.84,46.6,29.5,37.9,122.6,31.6,0.83,Urea
PLT-0763,2024-09-11,A,Karongi,cassava,Gisari,sandy,4.5,38.9,23.2,70.8,308.1,59.4,6.96,Manure
PLT-0764,2024-06-23,C,Nyarugenge,sweet_potato,Local,loamy,6.36,44.0,36.8,94.9,345.1,57.5,5.61,NPK 17-17-17
PLT-0765,2025-10-24,A,Ngoma,cotton,Improved,clayey,7.22,75.9,47.0,60.0,162.1,65.0,1.25,DAP+Urea
PLT-0766,2025-10-13,B,Nyaruguru,coffee,Local,loamy,6.1,44.5,27.2,68.6,311.4,63.7,0.65,Manure
PLT-0767,2024-09-24,C,Musanze,irish_potatoes,Kinigi,loamy,4.8,82.2,72.3,122.8,283.6,39.1,8.42,DAP+Urea
PLT-0768,2025-07-17,C,Rutsiro,irish_potatoes,Kirundo,clayey,5.39,104.1,84.5,125.8,533.7,50.3,10.16,NPK+Manure
PLT-0769,2024-09-08,B,Rulindo,tomatoes,Improved,clayey,7.26,50.9,47.0,71.6,480.4,55.0,9.04,DAP+Urea
PLT-0770,2026-01-22,A,Rusizi,irish_potatoes,Cruza,clayey,5.11,61.9,55.1,110.0,512.8,63.0,5.41,DAP+Urea
PLT-0771,2025-01-12,C,Burera,pea,Improved,clayey,7.05,42.6,39.2,41.1,273.4,35.4,1.05,NPK 17-17-17
PLT-0772,2026-04-23,A,Kicukiro,beans,Bush,clayey,7.16,27.7,24.6,28.5,387.4,61.7,0.39,DAP+Urea
PLT-0773,2025-08-17,B,Ngoma,sunflower,Improved,sandy,6.15,27.2,25.5,23.1,312.1,62.0,0.44,None
PLT-0774,2026-02-26,A,Musanze,pea,Improved,clayey,7.0,26.8,36.0,28.8,544.9,61.3,0.67,Manure
PLT-0775,2025-11-05,B,Kayonza,cotton,Improved,loamy,7.47,44.2,40.2,39.7,429.6,55.9,1.13,Manure
PLT-0776,2025-01-20,B,Ruhango,soybean,Improved,clayey,5.12,19.1,19.1,16.5,151.0,43.2,0.44,None
PLT-0777,2024-04-12,B,Rubavu,coffee,Improved,loamy,4.7,71.5,43.9,95.4,251.5,41.4,0.64,NPK 17-17-17
PLT-0778,2024-08-25,C,Gasabo,tomatoes,Improved,clayey,7.09,56.8,56.4,51.5,316.9,37.7,6.02,Urea
PLT-0779,2025-02-14,B,Gatsibo,groundnut,Local,loamy,5.72,18.9,32.1,31.5,494.1,61.8,0.58,Urea
PLT-0780,2026-12-18,A,Kayonza,banana,Improved,clayey,7.1,75.4,33.9,116.0,260.2,47.6,4.69,Manure
PLT-0781,2024-01-05,B,Gakenke,barley,Improved,clayey,5.69,51.2,34.2,31.9,159.9,47.0,0.77,DAP+Urea
PLT-0782,2025-12-09,B,Gasabo,corn,Hybrid WH,sandy,7.55,31.9,27.7,29.9,432.7,57.4,0.57,None
PLT-0783,2025-03-05,B,Musanze,irish_potatoes,Kinigi,loamy,6.07,88.8,78.3,132.8,175.8,61.5,10.26,NPK 17-17-17
PLT-0784,2024-11-06,B,Karongi,corn,Local,clayey,6.23,92.7,59.2,47.2,393.4,48.9,2.47,NPK+Manure
PLT-0785,2024-05-19,A,Rulindo,barley,Local,sandy,5.75,30.4,12.0,13.9,451.3,38.0,0.34,None
PLT-0786,2025-10-21,A,Ngoma,corn,Kigega,sandy,7.23,56.7,41.6,32.9,126.9,62.1,1.09,DAP+Urea
PLT-0787,2026-06-06,B,Gatsibo,sorghum,Improved,loamy,7.74,25.9,20.3,14.3,199.6,57.9,0.39,None
PLT-0788,2025-10-06,A,Gakenke,wheat,Improved,sandy,6.0,64.9,53.5,47.5,127.8,60.7,1.77,NPK 17-17-17
PLT-0789,2024-09-27,A,Bugesera,sugarcane,Improved,clayey,5.45,75.7,45.1,67.6,302.1,62.5,25.89,DAP+Urea
PLT-0790,2024-03-17,A,Gicumbi,wheat,Local,loamy,5.11,52.4,44.4,37.8,579.7,47.3,0.75,Urea
PLT-0791,2026-12-08,B,Huye,corn,Local,alluvial,5.88,46.7,24.2,27.9,517.4,62.9,0.69,None
PLT-0792,2025-12-15,B,Nyagatare,sugarcane,Local,clayey,5.69,92.6,58.2,87.3,596.3,62.1,50.22,NPK 17-17-17
PLT-0793,2026-03-18,A,Kicukiro,sweet_potato,Local,sandy,6.68,38.3,40.2,77.1,356.9,60.3,5.99,NPK+Manure
PLT-0794,2025-06-08,C,Nyamagabe,beans,Climbing,clayey,6.51,38.2,38.5,40.1,242.3,37.9,0.85,NPK 17-17-17
PLT-0795,2026-09-27,A,Nyarugenge,corn,Local,loamy,7.55,65.8,30.8,44.1,198.3,37.3,1.55,Urea
PLT-0796,2025-03-17,A,Rwamagana,sunflower,Local,sandy,7.49,24.1,16.0,28.7,228.1,62.4,0.48,None
PLT-0797,2026-04-23,C,Huye,rice,Intsindagirabigega,alluvial,7.18,77.3,36.3,38.0,295.6,45.6,2.22,Urea
PLT-0798,2024-04-03,B,Muhanga,rice,Intsindagirabigega,alluvial,5.02,84.8,46.1,45.2,328.7,62.7,2.54,NPK+Manure
PLT-0799,2024-07-23,B,Nyagatare,sorghum,Local,clayey,7.31,43.9,37.8,28.6,224.4,38.7,1.11,Manure
PLT-0800,2025-01-01,A,Bugesera,sorghum,Improved,loamy,6.23,54.6,41.1,39.9,203.4,47.4,1.2,DAP+Urea
PLT-0801,2024-06-11,A,Gatsibo,groundnut,Improved,sandy,5.46,29.3,39.7,38.1,306.5,61.8,0.59,NPK+Manure
PLT-0802,2026-10-03,A,Nyarugenge,beans,Mutiki,sandy,7.36,24.2,32.0,25.9,586.7,46.8,0.48,Urea
PLT-0803,2024-03-10,B,Nyaruguru,sugarcane,Local,loamy,7.13,38.8,25.3,40.5,562.8,38.3,23.73,None
PLT-0804,2024-05-25,B,Ngoma,corn,Local,sandy,5.44,70.8,44.6,46.3,405.4,51.6,1.74,Manure
PLT-0805,2024-04-22,C,Gakenke,pea,Improved,loamy,7.24,39.8,37.6,47.0,540.9,41.9,1.08,NPK+Manure
PLT-0806,2026-12-13,A,Ngoma,cotton,Local,alluvial,5.71,67.7,50.5,51.2,547.5,33.0,1.06,DAP+Urea
PLT-0807,2024-08-15,B,Gatsibo,sunflower,Improved,sandy,7.14,48.1,48.0,47.1,323.8,52.2,1.64,NPK 17-17-17
PLT-0808,2024-09-17,A,Burera,barley,Local,clayey,6.3,48.7,33.9,27.8,268.7,50.0,1.06,Urea
PLT-0809,2024-08-01,A,Nyaruguru,sugarcane,Local,loamy,5.64,53.6,20.5,29.5,586.5,53.3,14.2,None
PLT-0810,2024-01-27,B,Gatsibo,sorghum,Local,sandy,7.33,27.7,22.3,14.6,299.4,62.7,0.43,None
PLT-0811,2025-06-15,C,Gatsibo,sweet_potato,Local,loamy,6.32,42.0,38.9,89.8,542.2,35.0,7.7,NPK 17-17-17
PLT-0812,2024-10-10,C,Gakenke,pea,Improved,clayey,5.37,33.4,30.4,36.7,227.8,65.9,0.73,Urea
PLT-0813,2024-02-15,B,Huye,coffee,Improved,clayey,5.43,26.9,20.6,25.9,239.4,62.3,0.42,None
PLT-0814,2024-07-24,B,Rulindo,tea,Improved,clayey,4.29,38.4,22.8,33.6,478.8,32.3,0.58,None
PLT-0815,2025-07-09,A,Nyarugenge,beans,Climbing,loamy,7.08,37.8,36.6,35.9,140.6,48.7,0.44,DAP+Urea
PLT-0816,2025-12-09,A,Gicumbi,barley,Local,sandy,5.91,49.7,28.3,34.6,292.7,41.7,0.7,DAP+Urea
PLT-0817,2024-06-25,A,Burera,sweet_potato,Improved,sandy,5.07,24.8,32.8,71.5,112.7,53.0,3.64,Urea
PLT-0818,2024-03-17,C,Huye,coffee,Improved,clayey,4.74,45.5,33.5,53.5,597.4,41.7,0.51,Urea
PLT-0819,2025-08-20,B,Nyamasheke,coffee,Local,loamy,5.11,50.4,36.6,61.7,195.3,57.1,0.69,Manure
PLT-0820,2025-04-13,B,Ngoma,cotton,Improved,alluvial,6.1,77.8,45.8,59.5,369.3,44.4,1.54,NPK+Manure
PLT-0821,2024-05-07,A,Bugesera,cotton,Local,alluvial,7.43,70.6,59.1,46.8,301.8,68.0,1.11,DAP+Urea
PLT-0822,2025-09-07,A,Kayonza,groundnut,Local,loamy,6.22,26.0,28.7,25.3,568.7,52.9,0.51,DAP+Urea
PLT-0823,2024-04-18,A,Ngoma,sunflower,Local,loamy,6.02,54.8,56.7,45.4,536.4,64.3,1.46,NPK 17-17-17
PLT-0824,2025-02-27,C,Gasabo,rice,Zhongeng,loamy,5.68,84.4,45.0,44.6,183.5,59.4,3.57,NPK 17-17-17
PLT-0825,2024-01-13,B,Nyamasheke,coffee,Improved,clayey,4.55,67.4,40.0,92.2,115.5,68.3,0.6,NPK+Manure
PLT-0826,2026-02-15,A,Burera,barley,Improved,loamy,6.92,58.3,39.0,45.2,217.9,62.1,1.53,NPK 17-17-17
PLT-0827,2024-09-20,A,Gicumbi,barley,Improved,loamy,6.53,38.7,30.5,35.1,486.7,44.0,1.2,Manure
PLT-0828,2026-08-27,B,Bugesera,sorghum,Improved,clayey,5.54,46.7,36.4,46.4,267.5,51.5,1.18,NPK 17-17-17
PLT-0829,2026-02-13,B,Musanze,tomatoes,Improved,loamy,6.11,92.6,67.5,95.9,219.0,44.3,14.77,NPK+Manure
PLT-0830,2024-04-05,C,Gasabo,rice,Intsindagirabigega,loamy,5.73,72.6,30.8,25.0,565.1,53.3,3.26,Manure
PLT-0831,2024-03-13,B,Ngoma,rice,Zhongeng,clayey,6.78,96.5,38.9,41.6,556.4,50.7,4.45,NPK+Manure
PLT-0832,2026-02-16,B,Rubavu,beans,Climbing,sandy,6.29,28.9,32.8,31.2,598.8,48.7,0.49,DAP+Urea
PLT-0833,2024-02-25,B,Gatsibo,cotton,Improved,clayey,5.38,56.7,38.5,30.7,548.1,32.3,0.82,DAP+Urea
PLT-0834,2025-10-15,A,Kayonza,sugarcane,Local,loamy,5.91,52.2,17.8,32.7,323.0,44.7,18.69,None
PLT-0835,2026-01-01,C,Nyarugenge,beans,Bush,loamy,6.64,24.8,37.7,37.4,488.9,68.7,0.5,DAP+Urea
PLT-0836,2024-12-27,A,Gakenke,wheat,Improved,clayey,7.1,73.0,46.3,46.9,571.7,58.3,1.25,NPK 17-17-17
PLT-0837,2026-07-24,B,Nyagatare,sunflower,Improved,sandy,7.36,53.3,48.1,55.3,526.6,34.7,1.19,DAP+Urea
PLT-0838,2025-05-04,C,Nyanza,banana,Local,clayey,7.1,66.0,28.9,101.8,334.7,45.5,5.39,Manure
PLT-0839,2025-03-05,B,Ngororero,coffee,Improved,loamy,6.41,53.5,27.8,74.4,592.1,50.4,0.63,Urea
PLT-0840,2026-10-14,C,Kicukiro,banana,Improved,loamy,6.26,85.3,47.6,137.8,243.4,49.3,7.74,NPK+Manure
PLT-0841,2025-03-16,A,Rusizi,tea,Improved,loamy,5.68,78.4,39.1,80.0,526.4,67.3,1.76,DAP+Urea
PLT-0842,2026-08-19,B,Ngoma,beans,Mutiki,loamy,6.62,36.9,45.9,40.8,187.3,38.9,0.75,NPK+Manure
PLT-0843,2026-09-05,B,Huye,cassava,Gisari,loamy,5.21,20.7,16.1,37.8,425.6,53.4,6.44,None
PLT-0844,2025-01-05,C,Kicukiro,tomatoes,Improved,clayey,7.09,56.6,36.1,66.3,520.7,42.1,5.82,Urea
PLT-0845,2025-01-27,A,Nyarugenge,sweet_potato,Improved,loamy,4.87,30.0,32.1,58.8,468.0,53.9,3.97,DAP+Urea
PLT-0846,2026-01-03,A,Ngoma,cotton,Improved,clayey,6.38,26.1,21.5,23.8,587.5,45.5,0.52,None
PLT-0847,2024-01-07,A,Gakenke,wheat,Local,sandy,6.82,59.7,41.6,37.6,285.3,49.7,1.02,Urea
PLT-0848,2024-12-19,C,Musanze,irish_potatoes,Kinigi,loamy,5.1,62.6,49.4,75.4,385.5,49.7,5.97,Urea
PLT-0849,2025-06-23,A,Nyamasheke,beans,Bush,sandy,5.92,36.2,44.6,39.9,381.0,38.4,0.8,NPK+Manure
PLT-0850,2025-07-17,B,Rulindo,corn,Kigega,loamy,7.16,79.4,51.7,55.9,341.1,45.4,2.68,NPK 17-17-17
PLT-0851,2026-11-24,C,Rusizi,banana,Local,clayey,6.3,61.4,33.5,120.0,344.2,33.4,6.91,Urea
PLT-0852,2025-10-27,A,Nyabihu,coffee,Improved,clayey,5.98,54.8,42.9,93.4,146.0,45.9,1.01,DAP+Urea
PLT-0853,2025-07-23,A,Nyaruguru,coffee,Improved,clayey,6.33,19.2,21.9,43.9,495.4,52.6,0.41,None
PLT-0854,2026-04-23,B,Kirehe,groundnut,Local,sandy,6.0,21.2,33.0,35.2,350.3,51.4,0.67,DAP+Urea
PLT-0855,2024-08-05,C,Rutsiro,tea,Improved,clayey,6.19,89.7,37.8,93.3,527.0,34.5,1.19,NPK+Manure
PLT-0856,2024-09-09,C,Kicukiro,sweet_potato,Improved,loamy,4.73,35.5,28.8,61.8,373.8,42.8,3.7,Urea
PLT-0857,2024-11-15,A,Burera,barley,Improved,loamy,7.15,51.7,25.5,27.5,288.0,47.9,0.9,DAP+Urea
PLT-0858,2026-09-21,A,Nyanza,sugarcane,Improved,clayey,5.54,55.7,42.7,65.3,507.9,34.7,28.91,Urea
PLT-0859,2026-04-23,B,Burera,barley,Local,loamy,6.16,48.9,26.9,26.4,208.4,46.0,1.02,DAP+Urea
PLT-0860,2026-05-06,B,Ngoma,beans,Bush,clayey,6.79,44.0,36.2,41.8,539.1,37.9,0.69,NPK 17-17-17
PLT-0861,2024-11-24,A,Ngoma,sunflower,Local,sandy,6.53,34.1,30.7,46.1,107.1,31.7,0.84,Manure
PLT-0862,2025-08-16,A,Nyagatare,sorghum,Improved,clayey,5.22,34.6,30.3,36.1,189.5,47.4,0.84,Urea
PLT-0863,2025-06-13,A,Ngoma,sorghum,Local,sandy,6.56,35.3,34.0,27.9,432.1,52.2,1.14,DAP+Urea
PLT-0864,2025-06-06,C,Nyaruguru,rice,Intsindagirabigega,loamy,5.54,72.9,28.9,32.3,347.7,42.8,2.24,Urea
PLT-0865,2025-11-24,C,Huye,banana,Improved,loamy,6.78,52.0,32.7,101.1,559.4,39.9,6.31,Manure
PLT-0866,2026-06-13,B,Gicumbi,irish_potatoes,Cruza,clayey,6.22,61.5,53.3,107.8,583.9,62.5,6.76,Urea
PLT-0867,2024-04-10,A,Gatsibo,sunflower,Improved,loamy,6.25,17.2,28.2,26.7,360.0,46.2,0.64,None
PLT-0868,2024-07-20,C,Burera,pea,Improved,clayey,6.4,31.6,32.8,27.9,344.4,39.8,0.7,Urea
PLT-0869,2026-12-13,B,Rwamagana,groundnut,Local,sandy,5.09,16.7,23.7,17.6,275.0,33.7,0.29,None
PLT-0870,2024-07-04,B,Rwamagana,groundnut,Improved,sandy,6.38,19.2,27.5,35.0,176.8,61.4,0.69,Urea
PLT-0871,2026-04-16,B,Nyabihu,tea,Improved,loamy,4.75,74.3,33.9,74.4,343.8,31.5,1.08,Urea
PLT-0872,2026-12-17,C,Nyarugenge,sweet_potato,Local,loamy,6.39,36.5,40.1,88.4,135.3,56.0,6.4,NPK+Manure
PLT-0873,2026-11-11,A,Rulindo,tea,Local,loamy,5.92,65.9,26.0,64.4,273.3,31.1,0.81,Urea
PLT-0874,2026-03-21,C,Nyarugenge,soybean,Improved,loamy,7.04,27.7,40.5,43.9,536.0,70.0,0.61,DAP+Urea
PLT-0875,2025-05-28,C,Rulindo,irish_potatoes,Kirundo,loamy,4.79,79.6,48.4,84.1,192.7,48.5,5.13,Manure
PLT-0876,2025-11-28,A,Rulindo,pea,Improved,loamy,5.4,42.5,41.4,45.3,492.7,47.1,0.95,NPK+Manure
PLT-0877,2024-10-01,A,Karongi,tea,Local,loamy,4.91,75.0,42.3,77.5,171.4,32.7,1.7,DAP+Urea
PLT-0878,2025-10-16,B,Kamonyi,beans,Bush,clayey,5.7,30.8,31.3,26.6,260.0,52.9,0.57,Urea
PLT-0879,2025-11-23,B,Nyabihu,tea,Local,loamy,5.84,60.7,30.3,73.4,514.1,34.5,1.13,Urea
PLT-0880,2025-03-04,A,Kayonza,sunflower,Local,loamy,6.53,53.4,57.2,59.2,384.8,40.5,1.61,DAP+Urea
PLT-0881,2024-03-27,C,Gatsibo,rice,Zhongeng,clayey,6.87,79.9,28.6,29.6,424.0,67.3,3.27,DAP+Urea
PLT-0882,2026-03-14,B,Nyamasheke,corn,Kigega,clayey,7.52,72.8,52.5,52.8,107.2,64.0,2.12,NPK+Manure
PLT-0883,2025-09-02,C,Kicukiro,banana,Local,alluvial,5.13,59.1,34.5,114.5,233.2,52.9,5.57,Manure
PLT-0884,2024-10-28,A,Rutsiro,coffee,Local,loamy,6.76,45.5,33.5,58.5,419.5,66.2,0.56,DAP+Urea
PLT-0885,2026-11-08,C,Burera,pea,Improved,clayey,6.13,29.7,25.6,31.9,184.0,66.4,1.02,DAP+Urea
PLT-0886,2025-06-25,B,Burera,wheat,Improved,clayey,6.43,69.4,59.2,45.2,195.1,38.7,1.87,NPK+Manure
PLT-0887,2026-03-25,A,Gicumbi,wheat,Local,clayey,6.35,65.4,38.5,26.2,341.6,45.5,1.17,DAP+Urea
PLT-0888,2025-10-09,C,Nyanza,rice,Kigori,loamy,5.09,67.4,34.4,27.7,401.7,33.4,1.86,DAP+Urea
PLT-0889,2024-04-25,C,Ngororero,tea,Improved,loamy,6.11,44.1,21.7,29.6,508.4,31.1,0.65,None
PLT-0890,2025-11-22,B,Bugesera,soybean,Improved,clayey,7.09,31.9,42.6,37.0,500.7,31.4,0.72,Urea
PLT-0891,2026-10-20,B,Rwamagana,groundnut,Improved,sandy,7.13,18.9,32.5,26.4,109.1,53.6,0.54,DAP+Urea
PLT-0892,2024-11-13,B,Ngoma,groundnut,Improved,loamy,6.35,24.2,37.6,32.3,291.3,32.1,0.65,Urea
PLT-0893,2024-02-28,A,Kicukiro,corn,Kigega,clayey,5.46,73.3,44.2,40.4,579.7,45.9,1.74,Manure
PLT-0894,2025-09-17,B,Ngoma,sunflower,Local,loamy,5.98,18.3,28.1,23.2,432.0,43.0,0.58,None
PLT-0895,2025-09-26,C,Gakenke,tomatoes,Improved,sandy,7.22,72.3,67.8,92.1,339.5,40.2,10.84,DAP+Urea
PLT-0896,2026-12-16,C,Musanze,sweet_potato,Improved,loamy,5.93,47.2,38.2,95.8,363.7,33.1,5.45,NPK 17-17-17
PLT-0897,2025-04-14,B,Rwamagana,sorghum,Improved,sandy,5.17,55.5,41.8,42.0,398.3,62.9,1.16,NPK 17-17-17
PLT-0898,2025-08-18,A,Gicumbi,sweet_potato,Improved,loamy,4.85,36.1,37.8,67.6,580.6,42.9,4.21,Urea
PLT-0899,2024-09-12,B,Gisagara,soybean,Improved,loamy,6.06,35.8,32.6,34.3,311.8,54.6,0.72,Urea
PLT-0900,2024-02-03,B,Gicumbi,barley,Local,loamy,6.62,51.8,35.5,32.9,494.0,45.3,0.9,Manure
PLT-0901,2026-05-02,A,Burera,barley,Local,clayey,5.92,66.6,40.1,47.7,389.5,58.8,1.25,NPK 17-17-17
PLT-0902,2025-04-13,C,Rulindo,beans,Mutiki,clayey,6.32,26.1,26.6,30.7,355.2,66.5,0.53,Urea
PLT-0903,2024-09-24,B,Burera,tomatoes,Improved,sandy,5.83,67.7,39.1,60.3,506.0,59.3,8.97,Manure
PLT-0904,2025-11-26,A,Nyanza,sugarcane,Local,alluvial,6.83,84.6,54.0,73.5,319.5,64.1,42.65,NPK+Manure
PLT-0905,2026-10-17,B,Kayonza,sorghum,Local,sandy,5.52,21.0,19.6,13.7,523.7,63.0,0.65,None
PLT-0906,2024-11-27,A,Musanze,pea,Improved,loamy,6.76,37.3,40.7,38.6,541.0,42.7,1.12,DAP+Urea
PLT-0907,2026-03-08,B,Nyarugenge,rice,Intsindagirabigega,alluvial,7.23,54.7,27.5,35.8,352.6,66.1,2.29,DAP+Urea
PLT-0908,2024-10-22,B,Kicukiro,corn,Kigega,sandy,7.31,72.2,55.2,46.7,227.6,58.0,2.2,DAP+Urea
PLT-0909,2025-10-09,B,Bugesera,sugarcane,Local,alluvial,5.26,76.5,42.7,62.0,427.0,44.8,28.65,DAP+Urea
PLT-0910,2024-02-23,A,Bugesera,sorghum,Local,sandy,7.27,45.8,25.9,28.0,146.5,30.6,0.85,Urea
PLT-0911,2026-02-04,A,Bugesera,sunflower,Local,loamy,5.57,35.9,46.9,38.4,318.5,52.3,0.83,DAP+Urea
PLT-0912,2025-12-01,A,Burera,irish_potatoes,Kinigi,loamy,5.29,105.4,91.0,120.2,355.7,44.8,9.2,NPK+Manure
PLT-0913,2025-01-25,A,Musanze,corn,Kigega,sandy,6.82,68.5,46.7,46.0,534.7,37.3,1.78,Urea
PLT-0914,2026-02-02,A,Kayonza,sunflower,Improved,sandy,7.04,52.1,57.4,55.8,274.4,34.9,1.19,NPK 17-17-17
PLT-0915,2026-04-04,B,Gatsibo,rice,Zhongeng,alluvial,6.26,44.5,19.9,19.9,409.5,63.3,1.43,None
PLT-0916,2026-03-06,A,Burera,pea,Local,clayey,6.17,44.3,45.4,45.1,432.5,65.5,1.12,DAP+Urea
PLT-0917,2026-03-05,B,Kirehe,cassava,Gahene,clayey,4.81,41.9,25.0,53.5,216.4,62.8,6.71,Urea
PLT-0918,2026-10-17,A,Nyagatare,sorghum,Local,clayey,7.07,55.0,43.4,47.9,115.7,50.8,1.14,NPK 17-17-17
PLT-0919,2025-09-26,C,Gatsibo,sweet_potato,Improved,loamy,5.7,14.7,21.8,32.5,214.7,68.4,2.8,None
PLT-0920,2024-12-14,A,Gakenke,irish_potatoes,Kirundo,clayey,4.77,100.8,82.2,140.6,407.9,54.5,8.35,NPK 17-17-17
PLT-0921,2025-12-23,C,Gatsibo,beans,Mutiki,sandy,5.23,29.1,35.6,36.3,368.2,68.5,0.53,DAP+Urea
PLT-0922,2026-09-21,A,Rulindo,pea,Improved,loamy,5.68,36.5,37.0,25.5,273.2,44.9,0.91,DAP+Urea
PLT-0923,2026-12-14,B,Nyarugenge,soybean,Local,loamy,5.94,47.4,51.9,50.7,479.1,55.3,1.04,NPK+Manure
PLT-0924,2024-09-18,A,Kicukiro,tomatoes,Improved,clayey,6.58,48.9,43.1,52.3,578.0,66.0,7.53,Urea
PLT-0925,2026-07-12,B,Kicukiro,rice,Intsindagirabigega,clayey,6.51,32.5,20.1,20.2,402.9,56.1,1.22,None
PLT-0926,2026-07-07,B,Burera,barley,Local,clayey,7.87,67.4,37.4,40.9,187.5,66.4,1.21,DAP+Urea
PLT-0927,2025-05-17,A,Kicukiro,banana,Local,clayey,5.76,53.6,30.0,95.6,342.4,68.4,5.11,Manure
PLT-0928,2025-11-05,A,Gakenke,tomatoes,Improved,sandy,5.77,92.6,62.8,77.4,352.0,62.5,10.02,NPK 17-17-17
PLT-0929,2026-10-02,B,Kayonza,corn,Kigega,loamy,6.61,46.9,29.0,16.5,556.3,62.1,1.23,None
PLT-0930,2026-01-03,A,Ngoma,cassava,Ndamirabana,clayey,4.64,50.4,28.3,79.4,530.9,55.8,11.75,DAP+Urea
PLT-0931,2026-12-06,C,Ngororero,irish_potatoes,Kirundo,sandy,5.81,102.7,76.3,110.2,478.2,46.4,10.55,NPK 17-17-17
PLT-0932,2025-03-22,C,Musanze,pea,Improved,clayey,5.27,25.6,37.4,27.5,184.9,43.6,0.82,Urea
PLT-0933,2026-08-18,B,Ngororero,beans,Bush,clayey,6.26,30.0,31.0,30.7,582.1,53.5,0.51,DAP+Urea
PLT-0934,2025-09-13,A,Rusizi,coffee,Improved,loamy,4.67,54.3,33.5,54.8,110.1,66.6,0.49,Urea
PLT-0935,2024-11-15,A,Ngoma,groundnut,Local,sandy,6.18,21.3,30.1,27.5,269.4,48.1,0.75,DAP+Urea
PLT-0936,2026-06-16,A,Gicumbi,pea,Improved,loamy,5.39,35.0,25.7,35.4,551.4,55.7,0.62,DAP+Urea
PLT-0937,2026-08-16,C,Gicumbi,tomatoes,Local,clayey,5.93,58.3,55.2,64.0,167.7,54.5,7.22,Urea
PLT-0938,2024-07-14,C,Kicukiro,tomatoes,Improved,sandy,6.03,54.9,45.6,48.3,482.3,43.2,10.26,Urea
PLT-0939,2025-02-10,A,Gakenke,irish_potatoes,Kirundo,loamy,6.12,27.9,25.1,41.8,588.2,61.9,3.19,None
PLT-0940,2026-05-26,A,Gatsibo,cotton,Improved,clayey,6.43,55.9,39.5,39.4,437.0,50.3,0.89,DAP+Urea
PLT-0941,2025-09-21,A,Rwamagana,sweet_potato,Improved,loamy,7.18,23.5,17.9,28.9,319.2,64.2,2.13,None
PLT-0942,2026-06-24,B,Gasabo,rice,Zhongeng,loamy,5.38,28.8,15.9,15.0,399.5,46.0,1.16,None
PLT-0943,2025-12-16,B,Burera,tomatoes,Local,sandy,6.04,32.7,35.7,40.9,584.0,50.4,5.79,None
PLT-0944,2025-05-05,C,Nyarugenge,sweet_potato,Improved,loamy,5.48,35.5,31.6,49.0,256.2,32.8,4.38,Urea
PLT-0945,2024-06-16,B,Kirehe,sunflower,Improved,loamy,6.16,15.6,18.3,26.7,123.6,64.4,0.47,None
PLT-0946,2024-02-25,A,Rwamagana,sorghum,Local,sandy,7.66,37.9,31.0,32.9,443.8,37.2,0.8,Manure
PLT-0947,2024-04-14,A,Kirehe,banana,Local,loamy,6.3,42.8,22.8,73.1,200.7,52.0,3.06,None
PLT-0948,2024-03-22,B,Rwamagana,groundnut,Improved,loamy,6.6,18.9,24.5,36.4,383.2,36.0,0.64,Manure
PLT-0949,2025-05-14,A,Rubavu,cassava,Gahene,sandy,5.88,24.7,14.5,27.8,217.1,31.3,6.99,None
PLT-0950,2026-02-12,B,Rubavu,beans,Climbing,loamy,5.42,15.6,12.6,15.8,546.8,36.9,0.22,None
PLT-0951,2024-03-03,B,Musanze,pea,Improved,clayey,5.32,33.8,32.9,27.7,412.7,58.9,0.56,Manure
PLT-0952,2026-10-15,B,Kayonza,cotton,Local,alluvial,5.73,64.0,43.4,34.1,429.2,36.6,0.74,Manure
PLT-0953,2024-11-21,B,Gicumbi,barley,Improved,sandy,5.86,40.1,27.9,33.4,219.6,60.6,0.97,DAP+Urea
PLT-0954,2025-11-09,A,Ngoma,sweet_potato,Improved,loamy,5.5,19.6,20.7,31.8,540.0,63.9,2.5,None
PLT-0955,2026-08-08,B,Burera,barley,Improved,sandy,5.52,56.4,37.4,44.9,541.7,63.9,1.08,NPK+Manure
PLT-0956,2024-03-22,C,Gakenke,tomatoes,Local,clayey,7.3,72.6,44.6,60.9,563.5,61.9,8.21,DAP+Urea
PLT-0957,2025-10-13,A,Nyagatare,sugarcane,Local,loamy,5.49,58.3,38.5,55.8,192.0,48.1,24.36,DAP+Urea
PLT-0958,2025-04-07,B,Rubavu,tea,Local,clayey,4.48,66.9,34.9,55.5,143.8,57.0,1.06,DAP+Urea
PLT-0959,2026-01-04,B,Gicumbi,wheat,Improved,loamy,5.65,70.6,58.0,47.5,383.9,45.3,1.95,DAP+Urea
PLT-0960,2024-03-08,A,Burera,wheat,Local,sandy,5.24,57.7,38.4,34.8,240.0,63.8,0.96,Manure
PLT-0961,2025-03-06,B,Gicumbi,barley,Improved,clayey,5.83,27.0,14.4,23.2,207.4,45.7,0.38,None
PLT-0962,2024-09-27,C,Gicumbi,irish_potatoes,Kirundo,loamy,5.22,82.3,71.4,84.6,357.6,55.2,5.65,DAP+Urea
PLT-0963,2025-07-06,A,Gatsibo,sugarcane,Improved,alluvial,7.34,89.5,56.8,93.5,421.5,54.3,39.07,DAP+Urea
PLT-0964,2026-05-05,B,Ruhango,corn,Kigega,clayey,6.69,54.6,42.5,46.0,214.4,58.9,1.96,Urea
PLT-0965,2025-09-12,A,Kicukiro,corn,Hybrid WH,sandy,5.23,38.7,21.8,16.4,159.5,68.4,0.71,None
PLT-0966,2025-06-02,B,Nyarugenge,beans,Climbing,sandy,6.98,17.8,17.3,16.4,565.2,34.2,0.31,None
PLT-0967,2026-09-13,A,Gicumbi,irish_potatoes,Cruza,clayey,5.87,40.8,24.9,50.2,335.6,40.2,3.19,None
PLT-0968,2024-03-03,A,Rwamagana,sugarcane,Local,clayey,7.26,87.0,59.5,94.3,288.6,66.1,38.59,DAP+Urea
PLT-0969,2026-08-20,A,Nyagatare,cotton,Improved,alluvial,6.56,51.6,45.6,41.9,325.0,68.9,0.86,Manure
PLT-0970,2025-04-06,A,Nyagatare,cassava,Gisari,sandy,5.72,59.4,32.7,75.4,541.0,47.5,17.21,NPK+Manure
PLT-0971,2025-04-03,B,Burera,irish_potatoes,Kirundo,clayey,6.35,70.6,61.6,79.2,261.2,63.6,5.49,DAP+Urea
PLT-0972,2024-01-16,A,Gakenke,tea,Local,clayey,5.8,55.5,24.4,55.3,385.9,43.9,0.75,Manure
PLT-0973,2025-06-11,B,Gicumbi,barley,Local,sandy,7.7,36.5,30.2,31.2,318.7,38.7,0.78,DAP+Urea
PLT-0974,2025-07-21,B,Gisagara,soybean,Improved,loamy,6.49,33.2,45.4,43.9,275.3,43.9,0.91,DAP+Urea
PLT-0975,2024-02-10,B,Gakenke,barley,Local,clayey,6.68,34.4,13.9,22.3,261.3,62.7,0.76,None
PLT-0976,2025-04-25,A,Bugesera,sunflower,Improved,sandy,7.17,41.4,46.3,44.9,139.2,60.3,1.2,Urea
PLT-0977,2025-08-21,B,Ngororero,tea,Local,loamy,5.48,90.9,36.0,81.7,136.2,41.9,1.75,NPK 17-17-17
PLT-0978,2024-04-01,A,Gasabo,corn,Kigega,sandy,5.28,94.7,59.7,47.5,560.6,44.7,2.16,DAP+Urea
PLT-0979,2026-07-16,B,Gakenke,barley,Local,clayey,7.85,36.6,32.3,29.1,213.6,56.7,1.02,DAP+Urea
PLT-0980,2026-09-12,B,Karongi,irish_potatoes,Kinigi,sandy,6.81,81.3,53.7,86.0,584.1,47.6,6.16,Urea
PLT-0981,2026-08-25,B,Kayonza,sorghum,Local,sandy,6.38,23.7,17.7,14.8,565.3,47.4,0.56,None
PLT-0982,2026-07-03,B,Rubavu,irish_potatoes,Kirundo,sandy,6.05,62.9,51.8,73.0,183.9,57.7,5.94,Urea
PLT-0983,2026-08-09,A,Bugesera,sunflower,Improved,loamy,5.82,55.3,59.1,48.5,491.0,69.5,1.01,DAP+Urea
PLT-0984,2026-03-13,B,Rwamagana,cotton,Local,clayey,7.73,49.3,38.9,38.8,190.3,60.9,0.7,Urea
PLT-0985,2025-07-19,B,Nyabihu,banana,Local,loamy,5.35,55.3,32.9,123.9,443.7,46.6,6.34,DAP+Urea
PLT-0986,2025-11-20,A,Nyabihu,coffee,Local,clayey,4.6,18.4,15.2,38.8,355.8,68.7,0.24,None
PLT-0987,2025-12-11,B,Gakenke,tea,Improved,clayey,6.29,93.3,42.4,92.8,528.7,46.6,1.48,NPK+Manure
PLT-0988,2024-06-04,B,Bugesera,groundnut,Improved,loamy,7.41,15.0,18.5,15.7,568.4,56.3,0.28,None
PLT-0989,2024-02-01,C,Bugesera,beans,Climbing,loamy,6.34,37.9,36.6,44.7,496.5,48.4,0.72,NPK 17-17-17
PLT-0990,2025-05-15,A,Gatsibo,cotton,Improved,alluvial,6.05,61.6,44.6,42.8,525.4,39.7,0.74,Manure
PLT-0991,2026-11-16,A,Rusizi,irish_potatoes,Cruza,loamy,4.88,84.5,88.2,125.8,481.6,63.7,7.73,NPK+Manure
PLT-0992,2024-07-15,B,Gakenke,barley,Local,sandy,6.36,49.3,31.6,27.6,382.7,44.2,1.26,Urea
PLT-0993,2026-06-06,B,Rutsiro,corn,Local,loamy,5.64,81.3,55.4,48.1,114.7,58.6,2.06,NPK 17-17-17
PLT-0994,2024-03-15,B,Gasabo,beans,Bush,loamy,7.0,19.4,21.7,19.2,558.5,57.5,0.36,None
PLT-0995,2025-03-28,A,Nyagatare,sunflower,Improved,loamy,7.91,44.1,35.8,33.1,342.7,69.9,0.65,Manure
PLT-0996,2025-05-20,C,Kayonza,banana,Improved,clayey,5.74,45.2,12.6,82.1,390.8,63.8,3.71,None
PLT-0997,2026-01-06,C,Burera,pea,Improved,loamy,6.94,35.0,31.7,25.8,275.1,52.4,0.99,DAP+Urea
PLT-0998,2025-05-18,B,Rulindo,irish_potatoes,Kinigi,clayey,6.33,98.9,88.7,135.6,564.1,59.1,8.23,NPK 17-17-17
PLT-0999,2024-10-22,A,Ngoma,groundnut,Improved,loamy,6.86,19.4,27.8,38.0,294.2,47.0,0.64,Manure
PLT-1000,2024-08-20,B,Musanze,wheat,Local,sandy,5.88,78.5,47.2,44.0,397.4,68.3,1.75,DAP+Urea
PLT-1001,2024-09-11,B,Kirehe,sorghum,Local,clayey,5.96,33.4,25.3,37.1,259.7,64.4,1.08,Urea
PLT-1002,2025-12-27,A,Gatsibo,cotton,Improved,alluvial,5.6,29.9,18.6,26.8,199.0,47.9,0.35,None
PLT-1003,2025-05-24,A,Rutsiro,tea,Improved,clayey,5.54,77.5,43.8,89.5,329.9,61.6,1.91,DAP+Urea
PLT-1004,2024-10-28,A,Kirehe,sorghum,Local,clayey,6.41,33.7,37.9,30.3,154.4,58.3,1.11,Manure
PLT-1005,2025-12-10,A,Nyamagabe,sugarcane,Local,alluvial,7.41,64.4,32.3,69.4,260.3,48.3,37.29,Manure
PLT-1006,2026-10-04,B,Ngoma,sugarcane,Local,loamy,5.19,85.4,58.3,74.2,596.5,40.8,38.46,NPK 17-17-17
PLT-1007,2024-12-26,C,Nyaruguru,rice,Intsindagirabigega,clayey,6.32,93.2,45.6,36.1,580.8,50.9,3.83,NPK+Manure
PLT-1008,2024-07-02,C,Rulindo,pea,Improved,clayey,7.18,37.6,28.3,25.5,202.0,35.8,0.53,Manure
PLT-1009,2024-03-04,B,Rulindo,wheat,Improved,clayey,6.32,65.7,58.6,39.5,140.3,30.4,1.48,NPK+Manure
PLT-1010,2025-05-28,A,Burera,wheat,Local,loamy,6.76,54.4,46.5,31.3,211.6,48.7,1.35,Manure
PLT-1011,2025-03-25,B,Burera,wheat,Improved,sandy,6.09,53.2,30.9,35.0,171.8,51.7,1.03,Urea
PLT-1012,2026-01-13,A,Nyaruguru,banana,Local,alluvial,6.86,59.5,26.0,126.0,353.7,53.5,6.91,Manure
PLT-1013,2025-03-04,B,Burera,barley,Local,loamy,6.1,64.7,37.0,45.1,131.6,47.8,1.31,NPK 17-17-17
PLT-1014,2025-01-02,B,Nyaruguru,cassava,Gisari,clayey,4.65,47.4,20.1,56.6,420.7,44.7,8.44,DAP+Urea
PLT-1015,2025-02-28,A,Gicumbi,sweet_potato,Improved,sandy,5.64,29.3,28.9,55.7,248.4,31.3,4.48,Manure
PLT-1016,2026-11-16,B,Kamonyi,beans,Mutiki,sandy,5.69,32.3,37.0,26.1,323.2,51.6,0.57,DAP+Urea
PLT-1017,2025-03-08,B,Bugesera,cotton,Local,alluvial,6.21,30.5,24.9,28.6,560.5,38.2,0.37,None
PLT-1018,2024-02-17,A,Burera,wheat,Improved,clayey,5.08,27.4,27.5,23.8,476.1,53.3,0.54,None
PLT-1019,2024-03-12,C,Bugesera,sweet_potato,Local,sandy,7.1,29.8,36.6,73.3,127.7,68.9,4.4,DAP+Urea
PLT-1020,2024-08-22,B,Musanze,pea,Improved,loamy,6.13,41.7,42.5,43.8,345.3,62.5,1.33,DAP+Urea
PLT-1021,2024-10-11,A,Kayonza,sugarcane,Improved,loamy,6.75,82.8,43.3,54.3,439.1,54.3,34.38,Urea
PLT-1022,2026-04-01,C,Gisagara,coffee,Improved,clayey,5.26,19.1,20.5,25.5,434.9,64.0,0.38,None
PLT-1023,2024-11-26,A,Muhanga,sweet_potato,Improved,loamy,6.29,45.4,41.1,75.7,202.7,30.7,6.51,NPK 17-17-17
PLT-1024,2026-12-01,A,Kirehe,cotton,Local,clayey,7.08,61.6,38.4,30.4,166.2,69.0,1.05,Manure
PLT-1025,2024-06-03,C,Nyarugenge,rice,Intsindagirabigega,clayey,5.37,49.3,12.9,19.6,342.1,44.8,1.32,None
PLT-1026,2026-04-08,A,Ngoma,sugarcane,Local,alluvial,6.23,58.7,43.6,63.2,200.4,49.1,33.77,DAP+Urea
PLT-1027,2026-02-24,B,Gatsibo,sunflower,Improved,sandy,7.66,58.7,45.5,54.2,287.7,48.3,1.05,DAP+Urea
PLT-1028,2024-05-04,B,Nyanza,rice,Zhongeng,loamy,5.0,56.5,31.1,25.1,409.2,37.5,2.65,DAP+Urea
PLT-1029,2026-07-16,A,Gicumbi,pea,Improved,loamy,7.07,16.0,16.5,21.0,168.6,61.1,0.42,None
PLT-1030,2026-02-14,B,Rwamagana,sunflower,Local,loamy,5.76,41.6,39.4,42.6,384.7,38.2,0.82,DAP+Urea
PLT-1031,2025-08-23,B,Muhanga,sugarcane,Improved,clayey,6.05,105.8,48.7,87.8,225.4,47.3,44.51,DAP+Urea
PLT-1032,2025-08-28,B,Rwamagana,sorghum,Local,clayey,6.49,19.5,20.4,20.5,547.5,65.0,0.48,None
PLT-1033,2024-06-23,C,Nyanza,tomatoes,Improved,loamy,5.32,61.6,39.0,58.7,160.8,69.9,7.94,Manure
PLT-1034,2024-10-16,A,Bugesera,cotton,Local,alluvial,6.02,72.0,46.5,55.8,509.4,69.4,1.35,NPK+Manure
PLT-1035,2025-04-19,A,Kicukiro,corn,Hybrid WH,clayey,5.52,94.3,45.2,52.0,490.5,44.0,2.17,NPK+Manure
PLT-1036,2026-07-12,B,Bugesera,rice,Zhongeng,alluvial,6.02,56.9,28.1,30.4,461.8,39.6,2.29,Urea
PLT-1037,2026-07-21,A,Nyabihu,cassava,Gisari,clayey,6.87,46.8,24.5,48.2,371.8,54.5,8.12,Manure
PLT-1038,2025-02-06,B,Bugesera,beans,Climbing,sandy,6.06,30.9,37.2,25.1,152.5,64.5,0.57,Manure
PLT-1039,2024-06-08,C,Musanze,pea,Improved,clayey,5.71,37.4,28.0,25.1,338.3,59.0,1.01,Manure
PLT-1040,2024-12-10,C,Gisagara,soybean,Improved,clayey,7.43,25.9,39.5,46.0,444.6,69.8,0.49,DAP+Urea
PLT-1041,2024-10-13,B,Musanze,tea,Improved,clayey,5.27,39.0,16.4,24.8,110.2,36.4,0.48,None
PLT-1042,2024-06-23,B,Rwamagana,cotton,Improved,loamy,7.82,42.6,41.3,37.7,242.1,45.2,0.59,DAP+Urea
PLT-1043,2026-11-15,C,Nyarugenge,rice,Intsindagirabigega,clayey,5.11,63.8,24.5,36.6,450.6,67.3,1.68,Manure
PLT-1044,2024-10-18,A,Burera,pea,Local,loamy,6.58,19.7,20.3,23.3,594.9,58.6,0.56,None
PLT-1045,2024-01-17,A,Kirehe,groundnut,Improved,loamy,7.12,30.8,40.7,44.5,342.4,32.1,0.73,NPK 17-17-17
PLT-1046,2025-01-27,B,Kirehe,soybean,Local,loamy,5.92,18.1,16.2,16.8,147.1,48.1,0.4,None
PLT-1047,2024-09-05,A,Rulindo,wheat,Improved,loamy,6.01,66.0,35.8,28.9,514.0,55.3,1.27,Manure
PLT-1048,2026-02-14,C,Nyaruguru,tomatoes,Improved,clayey,7.27,64.3,53.8,71.8,571.1,40.4,5.89,Urea
PLT-1049,2026-02-08,C,Nyamagabe,rice,Zhongeng,alluvial,5.23,84.7,47.3,47.6,541.8,39.9,2.82,DAP+Urea
PLT-1050,2024-03-06,B,Huye,rice,Kigori,alluvial,5.93,75.5,35.4,26.3,560.4,52.7,2.27,DAP+Urea
PLT-1051,2025-09-27,A,Kayonza,groundnut,Local,loamy,6.65,12.7,20.4,14.4,277.6,32.9,0.29,None
PLT-1052,2026-04-28,C,Gicumbi,pea,Improved,clayey,6.13,26.9,27.9,29.4,445.5,39.3,0.91,DAP+Urea
PLT-1053,2024-06-07,C,Kirehe,sweet_potato,Local,loamy,6.16,46.0,42.0,89.8,590.0,30.6,5.83,DAP+Urea
PLT-1054,2026-07-18,A,Nyagatare,cotton,Local,clayey,7.47,74.6,49.1,46.8,381.1,41.4,1.32,NPK+Manure
PLT-1055,2024-05-26,A,Musanze,corn,Kigega,alluvial,7.21,49.7,47.1,41.8,393.2,48.9,1.53,DAP+Urea
PLT-1056,2025-11-15,A,Gakenke,wheat,Local,clayey,6.29,54.2,36.2,27.7,281.6,67.9,1.38,Manure
PLT-1057,2026-11-08,A,Karongi,coffee,Improved,clayey,5.1,60.7,47.5,77.0,191.5,31.1,0.79,NPK+Manure
PLT-1058,2024-07-25,B,Nyarugenge,tomatoes,Improved,clayey,5.79,64.1,39.6,53.3,453.7,60.7,8.15,DAP+Urea
PLT-1059,2024-02-02,B,Gicumbi,tea,Improved,clayey,4.53,77.5,36.4,85.9,285.9,57.1,1.37,DAP+Urea
PLT-1060,2025-06-20,B,Ngoma,sorghum,Local,clayey,5.34,39.6,35.5,27.4,190.6,57.2,0.91,Manure
PLT-1061,2026-06-05,B,Ruhango,cassava,Gahene,sandy,6.72,22.5,16.5,43.5,362.1,64.0,6.16,None
PLT-1062,2026-07-19,B,Rusizi,coffee,Improved,loamy,6.72,43.0,25.7,49.6,154.0,39.3,0.48,Urea
PLT-1063,2025-01-13,B,Ngororero,irish_potatoes,Kinigi,sandy,5.78,73.7,66.0,88.6,579.4,39.1,6.45,DAP+Urea
PLT-1064,2026-09-17,A,Rwamagana,sorghum,Improved,loamy,6.59,45.8,37.2,25.9,357.2,57.0,1.01,Urea
PLT-1065,2026-11-09,B,Nyagatare,sorghum,Improved,loamy,5.26,31.0,37.0,31.6,135.4,46.1,0.71,Urea
PLT-1066,2026-11-03,B,Nyaruguru,rice,Intsindagirabigega,clayey,6.87,62.5,28.1,36.3,542.6,34.3,3.26,Urea
PLT-1067,2026-08-01,A,Kayonza,sunflower,Local,sandy,7.13,43.7,46.7,40.0,545.8,35.4,1.07,DAP+Urea
PLT-1068,2026-02-07,B,Rutsiro,tea,Improved,clayey,4.28,33.2,22.5,45.3,370.6,59.1,0.45,None
PLT-1069,2026-02-09,B,Rubavu,cassava,Ndamirabana,clayey,7.45,57.0,32.4,72.5,349.2,67.3,11.13,NPK 17-17-17
PLT-1070,2024-10-07,B,Burera,barley,Local,sandy,7.01,43.9,33.8,30.3,351.3,67.2,0.94,Manure
PLT-1071,2025-09-23,C,Nyamasheke,banana,Improved,loamy,5.7,74.3,39.3,160.8,186.8,30.6,9.12,DAP+Urea
PLT-1072,2026-02-12,B,Burera,irish_potatoes,Kinigi,loamy,6.41,32.6,29.5,65.9,434.9,42.7,4.09,None
PLT-1073,2026-02-02,A,Gicumbi,beans,Bush,sandy,5.97,43.9,41.4,47.3,274.4,41.9,0.72,NPK+Manure
PLT-1074,2024-01-23,B,Kayonza,groundnut,Improved,sandy,5.55,16.6,19.9,22.3,362.6,43.2,0.39,None
PLT-1075,2024-12-28,A,Burera,sweet_potato,Local,sandy,4.86,41.4,45.8,94.6,161.6,44.4,5.87,NPK 17-17-17
PLT-1076,2025-12-04,A,Huye,cassava,Gisari,loamy,5.09,59.1,28.4,87.7,468.8,58.2,17.29,NPK+Manure
PLT-1077,2026-04-21,A,Rwamagana,sunflower,Local,loamy,6.14,59.0,52.0,47.0,216.4,50.5,1.66,NPK+Manure
PLT-1078,2026-11-15,A,Nyarugenge,sweet_potato,Improved,loamy,7.15,17.1,19.0,29.2,537.1,46.4,2.79,None
PLT-1079,2024-05-19,B,Rwamagana,sugarcane,Local,clayey,7.55,57.9,47.3,59.0,219.3,59.1,30.06,DAP+Urea
PLT-1080,2025-10-22,C,Ruhango,rice,Intsindagirabigega,clayey,6.13,86.6,46.0,39.2,219.3,51.1,4.37,NPK+Manure
PLT-1081,2026-09-01,C,Muhanga,soybean,Local,loamy,6.42,47.9,56.4,54.4,491.6,44.5,1.25,NPK 17-17-17
PLT-1082,2026-02-27,C,Karongi,beans,Bush,sandy,5.49,24.5,37.3,35.1,128.6,58.6,0.51,Urea
PLT-1083,2024-06-23,C,Nyamagabe,tomatoes,Local,sandy,6.12,70.2,56.3,52.6,212.0,52.9,10.59,Urea
PLT-1084,2025-05-17,B,Kirehe,soybean,Local,clayey,7.04,34.7,38.3,37.5,392.6,52.7,0.63,Manure
PLT-1085,2025-12-02,A,Gicumbi,barley,Local,clayey,7.29,42.4,38.0,36.2,194.0,45.4,1.06,Urea
PLT-1086,2025-11-02,B,Kirehe,sunflower,Local,loamy,7.23,50.9,48.9,49.3,174.1,58.4,1.19,NPK 17-17-17
PLT-1087,2025-04-27,A,Gakenke,pea,Local,clayey,6.08,35.8,36.8,37.9,109.6,61.0,0.92,DAP+Urea
PLT-1088,2026-04-20,A,Rwamagana,cotton,Local,clayey,5.52,44.0,33.9,37.3,309.8,45.3,0.68,Manure
PLT-1089,2024-10-25,C,Kicukiro,rice,Zhongeng,clayey,6.89,64.8,24.5,25.8,247.3,68.3,3.03,Urea
PLT-1090,2024-04-05,B,Kirehe,cotton,Local,loamy,7.89,39.4,21.2,23.3,482.0,67.5,0.39,None
PLT-1091,2025-10-08,A,Ngoma,groundnut,Local,sandy,7.39,26.6,29.7,24.6,214.5,63.7,0.46,Urea
PLT-1092,2024-01-07,B,Kayonza,cotton,Local,loamy,6.21,70.6,48.9,54.1,511.9,46.1,1.2,NPK+Manure
PLT-1093,2024-02-18,C,Nyagatare,banana,Improved,alluvial,6.83,93.0,39.3,172.2,369.8,37.1,10.85,DAP+Urea
PLT-1094,2025-05-22,B,Rulindo,pea,Local,loamy,6.23,39.9,39.8,36.4,159.9,54.9,1.23,DAP+Urea
PLT-1095,2026-03-13,B,Burera,tomatoes,Local,loamy,5.57,67.6,38.3,64.5,196.8,46.5,8.43,Manure
PLT-1096,2025-02-23,A,Gatsibo,sweet_potato,Improved,loamy,6.6,45.4,45.9,95.6,432.0,39.3,6.51,DAP+Urea
PLT-1097,2026-06-20,B,Kayonza,cotton,Improved,clayey,7.41,62.4,31.1,30.8,185.1,54.0,0.94,Manure
PLT-1098,2025-08-08,A,Rulindo,tea,Improved,clayey,4.68,72.1,25.3,59.5,450.1,45.4,1.13,Manure
PLT-1099,2025-05-20,A,Ngoma,sorghum,Improved,loamy,7.22,34.3,25.9,34.8,189.5,64.4,1.02,DAP+Urea
PLT-1100,2026-04-01,C,Kayonza,rice,Zhongeng,alluvial,6.64,106.7,38.9,45.0,299.7,49.4,3.48,DAP+Urea
PLT-1101,2024-03-17,A,Bugesera,sweet_potato,Local,loamy,5.58,32.0,35.9,70.5,368.9,42.9,3.74,Manure
PLT-1102,2024-10-26,A,Ngororero,tea,Improved,loamy,6.24,72.2,36.9,60.9,181.3,64.5,1.04,Manure
PLT-1103,2025-09-11,A,Rwamagana,groundnut,Improved,sandy,5.47,18.0,22.9,17.1,144.4,66.4,0.3,None
PLT-1104,2026-10-17,C,Burera,pea,Local,clayey,5.47,36.7,24.4,29.5,358.5,63.0,0.66,Urea
PLT-1105,2025-12-27,B,Rwamagana,sugarcane,Improved,clayey,5.07,79.3,37.0,58.7,104.3,37.2,22.33,Manure
PLT-1106,2024-07-12,C,Kayonza,soybean,Local,loamy,7.46,16.0,24.1,16.6,210.7,37.6,0.28,None
PLT-1107,2025-10-25,A,Gicumbi,pea,Local,loamy,5.5,24.6,33.6,36.7,585.1,40.9,0.61,DAP+Urea
PLT-1108,2026-09-06,B,Nyamagabe,soybean,Local,loamy,5.89,36.4,38.2,34.2,313.3,61.1,0.62,DAP+Urea
PLT-1109,2025-08-16,B,Gakenke,irish_potatoes,Kirundo,sandy,5.63,68.9,61.1,87.3,323.7,30.5,7.5,Urea
PLT-1110,2024-01-23,B,Bugesera,sunflower,Local,loamy,6.66,54.5,46.5,45.4,570.2,61.3,1.56,NPK+Manure
PLT-1111,2024-12-10,A,Muhanga,cassava,Gisari,sandy,5.34,51.9,30.8,77.1,324.1,38.8,12.87,NPK+Manure
PLT-1112,2026-08-08,B,Gasabo,rice,Intsindagirabigega,loamy,6.81,79.7,31.8,25.6,372.4,66.4,2.59,Urea
PLT-1113,2026-02-20,B,Kicukiro,corn,Kigega,clayey,6.03,49.0,34.9,43.7,588.4,69.6,1.32,Urea
PLT-1114,2024-03-28,A,Bugesera,sunflower,Local,loamy,7.09,31.6,38.7,42.2,293.9,68.6,1.0,DAP+Urea
PLT-1115,2026-03-14,B,Nyaruguru,soybean,Improved,clayey,6.03,43.7,51.2,45.5,245.8,58.5,1.0,NPK 17-17-17
PLT-1116,2026-01-25,A,Rulindo,wheat,Local,clayey,6.53,77.9,52.6,37.2,106.2,67.6,1.79,NPK+Manure
PLT-1117,2026-10-13,A,Ngoma,sorghum,Local,sandy,7.62,38.8,33.4,35.3,405.9,43.5,0.78,Urea
PLT-1118,2026-10-24,B,Musanze,barley,Improved,loamy,7.65,37.1,27.6,34.7,466.2,44.4,0.91,DAP+Urea
PLT-1119,2025-02-06,B,Burera,wheat,Improved,clayey,5.8,59.2,45.8,26.1,137.4,67.7,1.05,Urea
PLT-1120,2025-04-14,C,Nyamasheke,banana,Improved,loamy,5.2,89.7,41.7,173.9,505.7,50.8,7.17,DAP+Urea
PLT-1121,2025-09-14,A,Musanze,pea,Local,clayey,6.47,34.8,36.5,37.0,288.8,59.7,0.71,Urea
PLT-1122,2024-12-18,C,Musanze,irish_potatoes,Kirundo,sandy,6.78,108.0,80.5,135.3,272.2,38.1,6.52,NPK+Manure
PLT-1123,2026-08-15,B,Kicukiro,tomatoes,Improved,clayey,6.04,44.8,25.4,47.4,590.4,49.9,5.03,None
PLT-1124,2026-07-07,C,Rusizi,irish_potatoes,Kinigi,loamy,6.09,83.6,80.6,138.6,593.1,33.8,9.28,DAP+Urea
PLT-1125,2026-02-18,B,Musanze,barley,Local,sandy,6.47,58.3,43.9,42.6,215.7,51.6,1.82,NPK 17-17-17
PLT-1126,2024-08-13,B,Gicumbi,wheat,Local,loamy,5.62,52.6,41.2,37.0,151.0,31.5,1.14,Manure
PLT-1127,2025-08-11,C,Kayonza,rice,Zhongeng,clayey,6.9,73.9,30.2,24.7,383.5,62.5,2.93,Manure
PLT-1128,2026-01-09,A,Burera,tea,Local,loamy,4.88,90.0,38.7,79.4,417.9,50.3,1.49,NPK+Manure
PLT-1129,2026-06-21,B,Nyanza,cassava,Ndamirabana,sandy,4.96,42.3,26.9,65.5,263.8,50.6,9.68,Manure
PLT-1130,2025-06-04,B,Gatsibo,groundnut,Local,loamy,7.42,16.8,20.5,13.7,345.8,44.9,0.32,None
PLT-1131,2026-06-09,A,Gisagara,corn,Hybrid WH,alluvial,5.7,71.5,38.4,33.1,575.4,44.7,2.01,Urea
PLT-1132,2025-07-05,B,Kirehe,sugarcane,Improved,loamy,6.49,37.5,22.4,35.0,181.8,58.1,18.33,None
PLT-1133,2025-05-08,A,Gasabo,beans,Bush,clayey,5.85,46.7,41.3,38.6,285.1,63.6,0.69,NPK+Manure
PLT-1134,2024-11-24,B,Gatsibo,cotton,Improved,clayey,7.47,76.2,50.5,51.0,559.2,69.5,1.15,NPK 17-17-17
PLT-1135,2024-03-20,A,Rwamagana,sunflower,Improved,sandy,5.63,42.4,31.4,33.5,344.9,54.8,0.76,DAP+Urea
PLT-1136,2026-08-02,A,Gakenke,barley,Improved,clayey,7.69,46.3,28.3,35.0,361.6,63.4,0.94,Urea
PLT-1137,2026-04-23,B,Muhanga,beans,Mutiki,sandy,5.17,26.9,32.2,34.9,336.8,52.1,0.4,Manure
PLT-1138,2025-05-27,C,Rubavu,coffee,Improved,loamy,5.84,26.6,12.7,32.8,583.2,68.1,0.25,None
PLT-1139,2026-08-20,C,Musanze,pea,Local,loamy,6.85,34.7,31.2,29.7,225.4,41.5,0.89,Manure
PLT-1140,2024-08-04,B,Ngoma,groundnut,Local,loamy,5.7,32.3,40.7,41.4,486.8,69.7,0.75,NPK+Manure
PLT-1141,2025-04-16,B,Burera,irish_potatoes,Kirundo,sandy,6.99,105.0,85.8,120.4,411.8,63.6,7.87,DAP+Urea
PLT-1142,2024-12-15,C,Nyagatare,rice,Intsindagirabigega,clayey,6.33,87.4,38.7,45.0,451.8,61.7,4.35,DAP+Urea
PLT-1143,2024-04-20,A,Rulindo,wheat,Improved,clayey,7.12,63.0,59.7,39.6,193.1,49.3,1.39,DAP+Urea
PLT-1144,2026-08-18,B,Nyagatare,cotton,Local,loamy,5.63,38.7,25.9,20.0,585.0,35.5,0.36,None
PLT-1145,2024-11-09,A,Kirehe,sorghum,Improved,sandy,6.32,42.2,37.1,24.2,555.0,33.0,0.83,Urea
PLT-1146,2024-02-19,A,Gasabo,beans,Bush,sandy,5.9,32.0,26.0,33.9,332.2,41.9,0.59,Urea
PLT-1147,2024-09-12,A,Ruhango,sugarcane,Local,loamy,6.01,55.7,33.0,56.3,393.8,67.8,24.5,DAP+Urea
PLT-1148,2024-04-11,C,Nyarugenge,tomatoes,Improved,loamy,6.16,28.7,20.2,30.5,536.7,60.2,6.26,None
PLT-1149,2026-12-02,A,Bugesera,corn,Hybrid WH,clayey,7.68,87.9,55.1,49.8,494.5,36.9,2.1,NPK+Manure
PLT-1150,2025-04-03,B,Burera,irish_potatoes,Kirundo,sandy,6.54,77.4,75.1,98.3,339.9,37.8,4.34,Manure
PLT-1151,2026-07-19,A,Kamonyi,beans,Climbing,clayey,7.17,32.2,27.1,35.7,115.9,54.4,0.53,Urea
PLT-1152,2026-04-11,B,Bugesera,beans,Bush,sandy,6.12,20.7,13.8,20.7,457.0,31.8,0.29,None
PLT-1153,2024-03-07,A,Rulindo,beans,Mutiki,sandy,6.32,18.2,13.2,23.3,545.6,38.3,0.23,None
PLT-1154,2025-10-12,A,Kayonza,sorghum,Local,sandy,5.72,30.8,33.4,31.3,352.7,38.2,0.87,Urea
PLT-1155,2026-07-09,C,Rwamagana,beans,Climbing,sandy,5.85,39.9,42.8,39.2,376.8,36.7,0.71,NPK+Manure
PLT-1156,2026-07-18,A,Kirehe,sunflower,Improved,loamy,5.56,57.3,47.0,46.8,269.6,30.5,0.97,DAP+Urea
PLT-1157,2026-01-06,A,Kicukiro,banana,Local,alluvial,6.93,72.1,26.2,98.9,204.0,44.5,6.4,Urea
PLT-1158,2024-11-06,B,Nyabihu,coffee,Local,loamy,6.54,55.3,34.2,75.2,459.8,53.3,0.48,Manure
PLT-1159,2025-01-26,C,Karongi,tea,Local,loamy,4.41,43.6,14.8,41.9,211.7,58.4,0.57,None
PLT-1160,2024-10-20,A,Karongi,coffee,Local,clayey,5.9,54.7,33.4,67.0,150.2,59.0,0.75,DAP+Urea
PLT-1161,2026-12-22,B,Rutsiro,irish_potatoes,Kinigi,loamy,6.06,62.6,75.4,96.0,324.0,40.6,7.77,Manure
PLT-1162,2026-12-18,B,Kirehe,sunflower,Local,loamy,5.71,22.6,15.1,15.7,423.1,35.9,0.42,None
PLT-1163,2025-05-15,C,Nyanza,sweet_potato,Local,loamy,7.19,16.3,19.3,47.5,569.3,47.5,2.59,None
PLT-1164,2026-04-14,A,Rulindo,wheat,Improved,clayey,5.72,79.5,48.3,38.0,594.0,63.7,1.58,DAP+Urea
PLT-1165,2026-06-10,A,Rulindo,pea,Improved,loamy,5.44,17.6,12.4,18.6,540.2,51.4,0.39,None
PLT-1166,2026-01-09,A,Nyarugenge,sweet_potato,Improved,loamy,6.52,19.4,21.5,35.9,167.6,56.4,2.04,None
PLT-1167,2026-11-16,B,Rulindo,barley,Local,clayey,5.52,69.5,38.4,46.8,331.9,52.3,1.01,NPK 17-17-17
PLT-1168,2024-06-14,A,Rwamagana,cassava,Ndamirabana,loamy,6.94,38.7,23.3,55.7,364.2,67.8,11.02,Manure
PLT-1169,2025-06-12,A,Kirehe,cotton,Local,alluvial,6.64,42.1,34.9,46.2,340.7,50.4,0.93,Urea
PLT-1170,2026-11-08,B,Gasabo,tomatoes,Local,sandy,6.05,65.9,53.9,48.7,313.9,55.5,8.04,DAP+Urea
PLT-1171,2026-03-04,B,Ngoma,sugarcane,Improved,clayey,7.18,56.3,43.6,71.5,400.0,39.9,30.34,DAP+Urea
PLT-1172,2024-04-25,B,Muhanga,soybean,Local,loamy,5.55,33.2,41.9,45.6,450.5,64.3,0.9,Urea
PLT-1173,2026-05-23,A,Bugesera,sunflower,Improved,loamy,7.72,39.1,45.9,46.4,160.9,67.4,0.8,DAP+Urea
PLT-1174,2026-12-18,B,Gatsibo,cotton,Local,clayey,5.81,62.4,41.9,31.5,213.8,53.3,0.92,Manure
PLT-1175,2025-07-10,A,Kayonza,sorghum,Improved,loamy,6.94,20.0,23.1,23.2,193.7,60.7,0.58,None
PLT-1176,2024-11-14,A,Bugesera,sorghum,Local,clayey,6.18,47.2,36.9,47.9,492.6,55.3,1.46,NPK+Manure
PLT-1177,2026-10-23,C,Gasabo,rice,Zhongeng,alluvial,5.94,61.3,35.5,35.7,540.8,47.0,2.92,Manure
PLT-1178,2024-12-18,B,Nyagatare,sunflower,Local,sandy,5.97,27.3,21.6,24.4,200.7,36.8,0.62,None
PLT-1179,2025-04-28,B,Kayonza,cassava,Gahene,clayey,7.49,32.6,24.2,65.9,359.7,51.7,7.22,Manure
PLT-1180,2025-10-13,A,Bugesera,sunflower,Improved,loamy,6.74,23.1,27.9,29.0,508.0,33.9,0.56,None
PLT-1181,2026-05-09,A,Nyarugenge,beans,Climbing,loamy,6.58,33.7,32.6,27.6,472.6,38.3,0.53,Urea
PLT-1182,2026-02-20,B,Bugesera,cotton,Local,alluvial,6.12,67.8,57.0,51.6,421.5,39.6,1.35,NPK 17-17-17
PLT-1183,2025-04-15,A,Ngoma,sweet_potato,Local,loamy,5.29,36.2,44.7,89.5,398.1,59.8,6.07,NPK 17-17-17
PLT-1184,2024-11-01,B,Nyamagabe,rice,Zhongeng,clayey,5.37,35.0,14.4,12.3,312.1,33.0,1.42,None
PLT-1185,2025-01-02,A,Kicukiro,beans,Mutiki,loamy,7.39,44.8,39.0,39.4,183.7,61.4,0.57,NPK 17-17-17
PLT-1186,2025-09-10,A,Kayonza,groundnut,Local,loamy,5.93,32.4,45.0,36.3,416.2,30.3,0.78,DAP+Urea
PLT-1187,2024-10-20,A,Rubavu,irish_potatoes,Cruza,loamy,6.16,77.9,61.4,75.4,217.3,58.0,5.26,DAP+Urea
PLT-1188,2024-02-19,C,Rutsiro,banana,Improved,loamy,5.22,71.6,29.0,127.8,528.3,42.4,5.06,Urea
PLT-1189,2024-05-22,C,Rutsiro,banana,Improved,loamy,7.0,71.0,34.0,99.7,482.5,35.0,6.08,Urea
PLT-1190,2026-04-07,B,Gatsibo,groundnut,Local,sandy,6.87,29.9,45.2,45.2,362.0,36.5,1.01,NPK+Manure
PLT-1191,2025-02-25,C,Nyarugenge,banana,Improved,clayey,5.17,69.4,31.8,142.2,240.6,36.5,5.89,Urea
PLT-1192,2026-10-18,B,Kirehe,cassava,Gisari,loamy,6.91,24.3,12.6,29.3,133.7,63.6,4.58,None
PLT-1193,2025-01-13,B,Burera,irish_potatoes,Kinigi,clayey,4.76,45.7,34.1,44.6,314.8,51.7,2.72,None
PLT-1194,2026-10-28,A,Burera,sweet_potato,Improved,sandy,5.97,28.3,27.2,58.5,355.9,51.1,4.67,Manure
PLT-1195,2025-12-27,C,Gasabo,rice,Kigori,clayey,6.02,82.2,29.1,25.7,528.5,45.0,2.59,DAP+Urea
PLT-1196,2025-06-02,C,Rulindo,tea,Improved,loamy,5.17,71.9,33.0,53.5,271.8,69.9,1.22,Manure
PLT-1197,2025-09-02,A,Ngororero,tea,Local,clayey,5.92,48.3,29.4,48.6,203.1,30.1,0.88,Manure
PLT-1198,2025-09-07,A,Gatsibo,sweet_potato,Improved,sandy,7.11,36.2,28.2,71.9,517.2,56.6,2.93,Urea
PLT-1199,2026-09-10,C,Musanze,pea,Local,clayey,5.81,24.0,25.4,29.8,563.4,42.8,1.03,DAP+Urea
PLT-1200,2025-08-07,B,Gatsibo,sugarcane,Improved,loamy,5.94,37.2,23.5,28.8,128.3,53.4,21.55,None
PLT-1201,2024-01-10,A,Ruhango,tomatoes,Local,sandy,5.43,83.7,70.6,91.3,274.2,59.6,10.66,NPK+Manure
PLT-1202,2025-07-17,A,Rubavu,cassava,Gahene,clayey,5.37,44.4,28.3,50.4,335.1,64.4,11.35,Manure
PLT-1203,2026-06-01,A,Nyagatare,groundnut,Improved,loamy,5.73,26.6,26.1,31.1,273.7,33.2,0.69,DAP+Urea
PLT-1204,2024-02-02,B,Nyagatare,cassava,Ndamirabana,clayey,7.33,30.6,23.7,74.5,335.4,40.1,9.93,Urea
PLT-1205,2026-04-03,A,Kirehe,groundnut,Local,loamy,5.53,18.5,37.1,30.6,472.2,32.2,0.74,Manure
PLT-1206,2025-11-01,A,Ruhango,cassava,Ndamirabana,loamy,5.29,39.9,20.2,63.5,430.9,37.0,10.2,Manure
PLT-1207,2024-03-18,C,Rulindo,pea,Improved,clayey,6.1,13.0,21.0,12.1,570.6,41.2,0.49,None
PLT-1208,2024-05-26,A,Gakenke,barley,Local,clayey,7.63,33.3,23.3,14.7,343.2,50.4,0.53,None
PLT-1209,2025-03-07,B,Huye,rice,Zhongeng,loamy,7.13,85.4,31.6,28.4,170.8,51.9,2.19,Urea
PLT-1210,2024-05-01,A,Gasabo,corn,Local,clayey,6.45,68.6,35.9,36.4,187.9,38.4,1.67,DAP+Urea
PLT-1211,2026-12-22,B,Nyaruguru,coffee,Improved,clayey,6.03,66.9,46.7,79.4,270.9,36.5,0.95,DAP+Urea
PLT-1212,2026-07-25,B,Kicukiro,corn,Kigega,alluvial,5.21,75.5,46.5,55.7,415.0,43.2,2.36,DAP+Urea
PLT-1213,2026-08-01,B,Rwamagana,sunflower,Local,loamy,7.24,46.1,41.0,32.0,406.2,49.1,0.95,Manure
PLT-1214,2026-12-05,C,Musanze,pea,Improved,clayey,7.37,47.1,37.8,40.2,518.6,64.4,1.03,DAP+Urea
PLT-1215,2026-09-18,B,Ngoma,rice,Intsindagirabigega,clayey,5.38,86.4,46.8,38.5,545.6,55.4,3.57,NPK 17-17-17
PLT-1216,2024-11-11,B,Musanze,tomatoes,Improved,clayey,6.01,56.1,42.8,65.6,364.1,60.4,10.6,Urea
PLT-1217,2026-03-23,B,Nyagatare,cotton,Improved,loamy,7.04,63.5,59.9,59.3,208.9,48.5,1.11,DAP+Urea
PLT-1218,2024-09-28,A,Bugesera,cotton,Improved,clayey,5.89,40.8,16.4,17.0,512.9,46.3,0.71,None
PLT-1219,2026-11-10,B,Gatsibo,groundnut,Local,sandy,5.43,21.5,34.1,33.6,333.7,32.4,0.53,Urea
PLT-1220,2025-01-28,B,Nyagatare,cotton,Improved,alluvial,5.39,55.4,42.9,39.5,434.4,61.0,0.77,Urea
PLT-1221,2026-06-08,C,Bugesera,rice,Intsindagirabigega,alluvial,6.22,83.9,36.3,37.7,179.0,34.9,2.17,DAP+Urea
PLT-1222,2025-11-02,B,Rubavu,cassava,Gahene,sandy,5.09,52.8,27.1,89.5,541.7,57.5,13.44,NPK+Manure
PLT-1223,2026-01-13,A,Ngororero,corn,Hybrid WH,clayey,4.94,61.1,43.1,41.8,149.1,43.2,1.26,DAP+Urea
PLT-1224,2024-03-23,A,Bugesera,cotton,Local,loamy,6.2,65.7,30.4,43.9,207.3,63.3,0.82,Manure
PLT-1225,2025-12-03,B,Rwamagana,cassava,Gisari,sandy,6.96,36.3,19.4,64.1,550.3,31.5,9.15,Urea
PLT-1226,2026-10-03,A,Gicumbi,wheat,Local,sandy,5.63,23.4,23.9,12.5,197.3,49.7,0.73,None
PLT-1227,2025-10-22,B,Ngoma,sugarcane,Improved,alluvial,5.87,104.0,50.2,94.9,329.3,55.2,42.42,NPK 17-17-17
PLT-1228,2026-02-26,B,Ngoma,groundnut,Improved,loamy,7.26,28.1,25.9,36.7,186.1,50.2,0.55,Urea
PLT-1229,2025-01-02,A,Gicumbi,pea,Local,loamy,5.63,38.0,41.7,44.7,561.5,30.4,1.21,NPK 17-17-17
PLT-1230,2024-07-22,B,Gatsibo,sunflower,Local,sandy,5.89,34.3,35.6,44.2,118.7,69.7,0.82,Manure
PLT-1231,2026-12-22,B,Nyarugenge,rice,Zhongeng,loamy,6.63,57.0,35.1,37.5,552.7,53.2,3.16,Urea
PLT-1232,2026-07-02,A,Gicumbi,barley,Local,loamy,5.87,59.2,40.1,40.0,323.6,54.7,1.02,NPK+Manure
PLT-1233,2026-11-05,B,Muhanga,beans,Bush,clayey,6.75,31.5,28.6,27.0,338.4,42.4,0.45,Manure
PLT-1234,2025-02-20,A,Rwamagana,cotton,Local,alluvial,5.65,55.8,30.6,40.5,366.0,44.4,0.84,Manure
PLT-1235,2024-06-20,A,Gasabo,beans,Mutiki,clayey,7.32,24.4,26.0,27.2,518.9,54.0,0.47,DAP+Urea
PLT-1236,2025-10-22,A,Nyanza,cassava,Ndamirabana,clayey,4.67,57.9,29.3,88.2,459.3,66.0,13.74,DAP+Urea
PLT-1237,2024-06-07,A,Kamonyi,beans,Mutiki,clayey,6.38,37.0,36.0,37.9,507.0,41.8,0.5,Manure
PLT-1238,2024-05-25,B,Kirehe,groundnut,Local,sandy,5.23,27.5,40.0,37.2,170.7,58.6,0.8,NPK 17-17-17
PLT-1239,2024-07-26,B,Karongi,tea,Local,loamy,4.07,53.8,26.6,61.1,289.9,34.3,0.87,Manure
PLT-1240,2026-03-03,B,Karongi,cassava,Gisari,loamy,7.17,40.6,21.5,72.5,285.9,36.6,8.89,DAP+Urea
PLT-1241,2024-08-15,B,Rwamagana,sunflower,Improved,loamy,5.62,34.9,36.2,41.5,107.5,43.4,0.88,DAP+Urea
PLT-1242,2025-04-17,A,Nyarugenge,corn,Local,sandy,6.58,86.5,54.7,55.4,303.3,55.6,2.0,NPK 17-17-17
PLT-1243,2024-08-03,A,Nyagatare,sorghum,Local,loamy,7.63,54.1,41.0,38.3,434.1,36.8,1.1,DAP+Urea
PLT-1244,2024-06-10,A,Bugesera,sugarcane,Improved,alluvial,5.84,76.4,46.9,52.8,128.1,68.2,35.29,DAP+Urea
PLT-1245,2026-02-10,A,Rulindo,wheat,Improved,sandy,6.3,60.8,45.5,25.6,186.2,67.8,1.32,Urea
PLT-1246,2024-10-14,B,Kirehe,sunflower,Local,sandy,7.02,38.5,39.8,35.2,159.1,57.0,1.21,Urea
PLT-1247,2024-06-27,B,Gicumbi,pea,Local,loamy,6.46,46.7,46.3,38.3,333.0,49.2,1.0,NPK 17-17-17
PLT-1248,2025-06-24,A,Gasabo,sweet_potato,Local,sandy,6.38,18.8,16.4,38.0,379.8,44.7,3.21,None
PLT-1249,2026-09-08,B,Rulindo,tea,Local,loamy,4.41,90.7,39.1,83.8,302.0,45.6,1.15,DAP+Urea
PLT-1250,2024-10-09,A,Rusizi,irish_potatoes,Cruza,clayey,5.72,34.8,45.7,55.1,259.5,52.0,4.25,None
PLT-1251,2024-08-20,A,Ngoma,cotton,Local,alluvial,6.94,70.2,51.6,55.6,262.0,60.4,1.52,NPK+Manure
PLT-1252,2024-05-08,C,Burera,irish_potatoes,Kirundo,loamy,5.11,64.9,54.1,101.6,528.2,54.3,6.79,DAP+Urea
PLT-1253,2025-03-24,C,Ngororero,banana,Improved,alluvial,6.9,57.0,28.4,129.7,297.7,51.0,5.2,Urea
PLT-1254,2024-05-15,C,Gatsibo,soybean,Local,clayey,5.64,36.2,50.3,59.2,321.7,31.5,0.9,NPK+Manure
PLT-1255,2024-01-05,B,Ngoma,cotton,Local,loamy,7.63,53.7,40.0,37.6,582.0,68.3,0.71,Urea
PLT-1256,2024-06-10,A,Karongi,beans,Bush,loamy,7.23,22.1,18.7,20.5,425.2,63.3,0.23,None
PLT-1257,2024-08-19,C,Ngororero,tea,Improved,loamy,4.79,81.5,40.8,88.9,329.8,68.9,1.43,NPK+Manure
PLT-1258,2026-11-02,A,Muhanga,banana,Improved,clayey,7.39,30.4,19.7,82.9,241.1,34.9,2.13,None
PLT-1259,2025-07-14,B,Ngoma,cotton,Local,alluvial,5.42,82.1,47.0,55.7,133.3,37.0,0.87,NPK+Manure
PLT-1260,2024-01-11,A,Rulindo,sweet_potato,Improved,sandy,5.48,47.3,42.3,82.5,478.3,64.3,6.02,NPK 17-17-17
PLT-1261,2026-12-14,B,Ngoma,cassava,Gisari,loamy,5.5,58.5,34.1,81.6,123.5,68.9,16.29,NPK+Manure
PLT-1262,2026-02-13,A,Kayonza,cotton,Improved,loamy,6.47,53.3,31.7,38.4,222.6,36.7,1.13,DAP+Urea
PLT-1263,2026-10-26,A,Rulindo,tea,Improved,loamy,6.27,67.5,34.8,68.9,493.2,57.9,1.06,DAP+Urea
PLT-1264,2026-01-12,B,Bugesera,groundnut,Improved,sandy,6.26,16.5,20.1,14.3,237.6,47.9,0.47,None
PLT-1265,2025-11-09,A,Bugesera,groundnut,Local,loamy,5.61,23.6,25.9,30.1,469.0,31.6,0.63,Manure
PLT-1266,2026-07-05,B,Gatsibo,sorghum,Local,sandy,5.96,58.3,43.3,41.6,579.6,37.5,1.38,NPK+Manure
PLT-1267,2025-04-19,C,Burera,irish_potatoes,Kinigi,clayey,5.99,82.7,76.0,116.1,113.4,42.5,9.97,DAP+Urea
PLT-1268,2026-12-07,C,Nyanza,sweet_potato,Improved,loamy,6.18,26.2,35.2,65.6,336.1,45.9,5.6,Urea
PLT-1269,2026-03-21,B,Burera,wheat,Local,clayey,5.88,31.3,26.1,19.2,171.5,36.5,0.6,None
PLT-1270,2026-09-26,C,Rulindo,irish_potatoes,Cruza,loamy,5.92,88.3,83.2,108.1,590.1,64.1,8.95,NPK 17-17-17
PLT-1271,2025-01-10,A,Burera,wheat,Improved,sandy,5.41,69.3,54.8,38.0,248.5,67.9,1.12,NPK 17-17-17
PLT-1272,2025-12-11,A,Nyamagabe,tomatoes,Local,loamy,6.13,55.1,53.8,75.1,155.8,31.5,7.32,DAP+Urea
PLT-1273,2026-07-05,A,Nyagatare,sugarcane,Local,loamy,5.33,106.5,45.9,92.7,547.9,38.1,36.89,NPK+Manure
PLT-1274,2025-09-21,B,Gasabo,soybean,Improved,loamy,6.78,32.2,31.7,30.1,221.2,58.9,0.78,Urea
PLT-1275,2024-12-04,A,Bugesera,sugarcane,Local,clayey,6.8,103.4,56.7,92.3,253.8,66.0,51.18,DAP+Urea
PLT-1276,2025-12-20,A,Burera,pea,Improved,clayey,6.9,24.2,26.5,34.1,558.0,66.3,0.73,DAP+Urea
PLT-1277,2025-10-20,C,Gakenke,pea,Local,clayey,6.66,43.8,47.2,43.4,590.8,62.7,1.09,NPK 17-17-17
PLT-1278,2025-03-10,B,Ngoma,sunflower,Improved,loamy,5.91,34.0,47.3,41.8,399.2,49.3,0.67,Manure
PLT-1279,2025-08-16,B,Nyagatare,groundnut,Improved,loamy,7.39,24.7,37.2,35.6,287.7,66.1,0.39,Manure
PLT-1280,2025-07-08,B,Ngoma,cotton,Improved,clayey,6.09,27.8,18.0,28.4,553.3,30.8,0.6,None
PLT-1281,2026-11-12,A,Rwamagana,sugarcane,Improved,clayey,6.95,52.9,24.3,37.7,263.1,43.7,17.17,None
PLT-1282,2026-12-12,B,Ngororero,corn,Hybrid WH,clayey,6.9,92.1,52.9,57.1,568.9,41.6,2.13,NPK 17-17-17
PLT-1283,2026-07-16,B,Kirehe,groundnut,Improved,sandy,6.16,32.7,40.0,42.5,474.6,69.9,1.03,NPK+Manure
PLT-1284,2024-08-25,A,Kamonyi,sweet_potato,Improved,sandy,5.87,44.1,40.1,73.9,171.3,39.3,7.45,NPK+Manure
PLT-1285,2026-07-04,C,Kicukiro,soybean,Local,loamy,5.36,22.4,23.1,25.4,156.8,42.5,0.44,None
PLT-1286,2024-03-27,B,Kicukiro,tomatoes,Improved,clayey,6.63,25.5,33.4,32.8,234.9,53.8,5.01,None
PLT-1287,2025-09-11,B,Rulindo,tea,Local,clayey,5.18,60.4,29.4,71.4,273.3,69.6,0.97,DAP+Urea
PLT-1288,2024-12-22,A,Rulindo,wheat,Local,loamy,5.62,65.1,49.1,39.6,375.6,61.0,1.59,DAP+Urea
PLT-1289,2024-09-08,B,Nyagatare,sorghum,Local,clayey,5.03,45.8,46.6,42.6,187.2,54.8,1.08,NPK+Manure
PLT-1290,2025-01-25,B,Nyagatare,sunflower,Local,sandy,5.71,46.8,47.2,34.3,519.5,43.9,0.67,DAP+Urea
PLT-1291,2026-01-26,A,Gasabo,sweet_potato,Improved,sandy,5.7,35.8,26.3,70.7,202.8,32.1,4.16,Urea
PLT-1292,2026-07-04,A,Gicumbi,sweet_potato,Improved,loamy,4.78,25.9,30.1,70.4,491.2,60.1,4.17,Urea
PLT-1293,2026-07-14,C,Nyarugenge,sweet_potato,Improved,loamy,6.47,40.1,42.0,91.7,181.7,36.8,7.36,NPK 17-17-17
PLT-1294,2024-04-26,C,Kayonza,sweet_potato,Local,loamy,5.49,33.1,26.7,59.7,350.0,52.9,4.63,Manure
PLT-1295,2024-03-23,A,Rwamagana,sugarcane,Improved,clayey,6.56,88.8,51.9,95.2,201.1,62.8,38.73,NPK+Manure
PLT-1296,2026-06-14,C,Gatsibo,sweet_potato,Local,loamy,6.29,47.6,40.9,88.5,196.5,34.1,6.16,DAP+Urea
PLT-1297,2024-09-08,C,Nyaruguru,sweet_potato,Local,sandy,5.66,24.5,34.1,74.1,456.2,36.8,5.47,DAP+Urea
PLT-1298,2025-02-05,B,Nyagatare,sunflower,Local,loamy,7.02,39.9,32.2,30.2,390.9,55.9,1.07,Manure
PLT-1299,2025-07-14,A,Rwamagana,cotton,Improved,clayey,5.83,46.0,44.8,45.9,519.4,47.9,0.86,DAP+Urea
PLT-1300,2026-09-14,A,Burera,corn,Kigega,sandy,5.19,52.4,33.4,38.9,501.8,39.2,1.31,Urea
PLT-1301,2024-09-26,C,Nyaruguru,banana,Improved,clayey,6.52,84.2,46.5,137.8,520.7,35.4,10.02,NPK 17-17-17
PLT-1302,2024-05-02,C,Karongi,beans,Bush,sandy,6.6,44.8,47.8,39.8,244.6,69.1,0.79,NPK+Manure
PLT-1303,2024-05-24,C,Kicukiro,tomatoes,Local,loamy,7.4,90.3,59.6,95.9,223.6,69.4,9.07,NPK+Manure
PLT-1304,2024-01-05,B,Kicukiro,banana,Local,alluvial,6.05,72.0,43.9,173.1,149.3,67.8,9.24,NPK+Manure
PLT-1305,2026-04-12,B,Musanze,irish_potatoes,Cruza,loamy,6.23,64.0,75.5,95.6,319.3,32.1,7.61,Manure
PLT-1306,2025-07-01,C,Musanze,pea,Local,clayey,5.85,26.1,38.0,32.0,486.1,58.7,0.82,Urea
PLT-1307,2024-08-26,A,Musanze,pea,Improved,clayey,5.22,35.4,25.1,34.0,379.5,69.3,0.77,Urea
PLT-1308,2024-06-19,A,Nyaruguru,sweet_potato,Local,loamy,6.44,29.6,35.0,56.0,399.4,53.9,5.58,Manure
PLT-1309,2025-02-06,A,Nyagatare,sugarcane,Local,clayey,6.7,55.9,41.9,62.5,223.7,38.5,37.79,Urea
PLT-1310,2026-02-24,A,Huye,coffee,Local,clayey,4.92,55.5,44.1,94.8,511.4,42.7,0.69,NPK+Manure
PLT-1311,2024-08-28,B,Gicumbi,tea,Improved,clayey,4.28,86.1,37.9,85.2,191.8,54.6,1.31,DAP+Urea
PLT-1312,2025-12-27,A,Bugesera,sunflower,Improved,loamy,7.98,40.6,35.6,33.1,315.3,36.7,0.94,Urea
PLT-1313,2025-09-09,A,Nyagatare,sugarcane,Improved,clayey,7.38,92.6,57.1,75.0,378.7,69.2,36.57,NPK+Manure
PLT-1314,2024-02-26,A,Musanze,barley,Improved,sandy,6.11,54.0,36.6,24.4,160.1,30.2,1.04,Manure
PLT-1315,2026-12-09,B,Gakenke,wheat,Improved,loamy,5.34,63.5,47.3,45.3,463.0,33.4,1.41,DAP+Urea
PLT-1316,2026-05-07,B,Bugesera,cotton,Improved,alluvial,6.35,79.3,45.5,48.5,448.0,40.2,1.23,NPK+Manure
PLT-1317,2024-01-10,A,Nyamasheke,cassava,Gisari,loamy,5.82,30.4,26.5,53.6,563.7,39.4,12.79,Manure
PLT-1318,2024-02-07,C,Rutsiro,irish_potatoes,Kinigi,loamy,6.73,90.1,77.5,113.1,138.5,60.3,6.08,NPK+Manure
PLT-1319,2024-04-09,A,Gakenke,barley,Local,clayey,7.71,47.7,33.2,37.7,579.8,47.7,0.91,DAP+Urea
PLT-1320,2026-10-20,A,Rulindo,pea,Improved,clayey,7.14,40.3,39.3,39.8,232.6,32.0,0.82,DAP+Urea
PLT-1321,2025-09-18,B,Gatsibo,groundnut,Local,loamy,6.11,27.4,37.0,38.4,418.0,65.8,1.03,NPK 17-17-17
PLT-1322,2025-07-01,B,Rulindo,barley,Improved,sandy,7.35,19.3,22.9,18.1,452.1,45.9,0.54,None
PLT-1323,2024-06-17,B,Burera,corn,Kigega,loamy,7.3,58.3,36.0,35.0,586.8,46.6,1.33,DAP+Urea
PLT-1324,2026-06-25,A,Nyagatare,sorghum,Local,sandy,5.4,32.7,26.2,37.9,342.6,61.5,0.77,Manure
PLT-1325,2024-08-09,A,Musanze,wheat,Local,clayey,7.16,72.6,56.7,36.2,537.8,36.1,1.3,NPK 17-17-17
PLT-1326,2025-08-02,B,Nyamasheke,cassava,Gahene,sandy,7.28,37.5,28.1,53.9,325.5,63.7,9.47,DAP+Urea
PLT-1327,2025-08-25,A,Bugesera,sorghum,Local,sandy,7.41,37.3,31.0,31.8,482.9,51.1,0.77,DAP+Urea
PLT-1328,2026-04-27,C,Nyaruguru,sweet_potato,Local,sandy,5.16,19.5,22.4,26.5,210.8,39.7,2.24,None
PLT-1329,2025-05-13,A,Nyarugenge,tomatoes,Improved,clayey,6.03,26.6,26.9,34.7,446.3,34.7,6.96,None
PLT-1330,2026-02-11,B,Burera,wheat,Improved,loamy,5.88,65.6,46.9,40.9,289.6,42.5,1.61,DAP+Urea
PLT-1331,2026-08-14,B,Ngoma,cassava,Ndamirabana,clayey,6.83,55.4,31.7,80.1,425.9,55.9,13.75,DAP+Urea
PLT-1332,2025-12-26,B,Musanze,wheat,Local,loamy,7.47,78.7,56.6,36.5,401.5,40.8,1.51,NPK 17-17-17
PLT-1333,2024-02-26,C,Kirehe,banana,Improved,alluvial,5.47,41.2,22.1,84.4,414.5,50.1,3.76,None
PLT-1334,2026-05-09,A,Gatsibo,cassava,Gisari,loamy,5.06,55.2,34.5,78.4,497.6,57.6,13.98,NPK 17-17-17
PLT-1335,2024-09-18,B,Nyarugenge,banana,Improved,alluvial,5.33,34.6,20.4,57.7,219.1,50.2,2.98,None
PLT-1336,2024-11-02,A,Burera,wheat,Improved,sandy,6.37,47.5,37.6,28.8,453.5,31.0,0.95,Urea
PLT-1337,2026-02-02,B,Rwamagana,cotton,Local,alluvial,7.76,42.3,39.2,44.1,535.2,61.0,0.87,DAP+Urea
PLT-1338,2025-05-07,C,Muhanga,soybean,Local,loamy,7.36,34.9,39.3,32.0,207.2,35.7,0.6,Urea
PLT-1339,2026-04-25,C,Nyanza,rice,Zhongeng,clayey,6.13,57.6,35.0,35.0,514.5,38.0,3.28,DAP+Urea
PLT-1340,2024-12-17,B,Nyamasheke,tea,Local,loamy,4.44,61.2,26.1,64.9,538.2,35.3,0.78,DAP+Urea
PLT-1341,2024-08-22,B,Muhanga,soybean,Improved,loamy,6.23,23.6,27.0,22.6,295.4,50.6,0.51,None
PLT-1342,2024-08-21,B,Rwamagana,sugarcane,Improved,loamy,7.72,63.1,38.3,75.4,201.9,52.2,25.62,Urea
PLT-1343,2024-09-04,B,Rusizi,irish_potatoes,Kinigi,clayey,4.63,81.0,94.5,126.9,547.6,40.5,6.71,DAP+Urea
PLT-1344,2024-06-24,A,Gicumbi,barley,Improved,loamy,6.31,42.8,30.6,34.5,338.5,68.5,1.0,Manure
PLT-1345,2025-06-21,B,Musanze,irish_potatoes,Kirundo,sandy,4.7,105.3,83.8,116.5,348.8,33.5,5.97,DAP+Urea
PLT-1346,2025-11-25,A,Nyagatare,sunflower,Improved,loamy,6.46,50.5,59.1,52.6,425.9,31.6,1.18,NPK 17-17-17
PLT-1347,2025-05-19,B,Gatsibo,cassava,Gahene,loamy,6.25,21.5,15.1,24.2,199.8,61.3,5.42,None
PLT-1348,2025-06-19,A,Burera,barley,Improved,loamy,6.97,66.6,37.9,39.1,494.8,61.9,1.67,NPK+Manure
PLT-1349,2024-09-01,B,Gisagara,corn,Local,sandy,6.68,68.1,39.8,45.9,571.2,37.8,1.8,Urea
PLT-1350,2024-05-15,B,Kamonyi,rice,Zhongeng,loamy,7.31,64.5,34.6,31.0,445.9,39.8,1.86,Manure
PLT-1351,2024-10-12,A,Kayonza,banana,Local,alluvial,5.94,58.1,24.2,96.6,429.2,48.9,5.17,DAP+Urea
PLT-1352,2025-08-03,A,Gakenke,barley,Local,sandy,6.7,52.6,30.1,37.1,249.5,37.5,0.89,Urea
PLT-1353,2026-08-18,A,Kayonza,sunflower,Improved,sandy,5.56,50.2,55.9,56.6,458.6,61.5,1.24,NPK 17-17-17
PLT-1354,2024-02-06,C,Rulindo,sweet_potato,Improved,loamy,5.81,33.6,32.0,69.1,444.6,46.6,3.72,Urea
PLT-1355,2024-11-10,B,Bugesera,groundnut,Local,sandy,5.95,23.2,29.0,30.0,201.1,59.6,0.6,Urea
PLT-1356,2026-09-16,B,Gatsibo,cotton,Local,loamy,7.69,40.4,15.8,20.7,296.3,45.6,0.39,None
PLT-1357,2026-05-06,A,Kayonza,groundnut,Local,loamy,6.92,29.3,45.8,47.0,202.2,50.4,1.0,DAP+Urea
PLT-1358,2025-11-17,A,Nyamagabe,corn,Hybrid WH,sandy,6.4,69.1,37.2,41.5,380.5,42.0,1.54,Manure
PLT-1359,2024-05-15,A,Bugesera,groundnut,Local,sandy,7.31,27.8,45.6,36.6,100.4,67.3,0.6,DAP+Urea
PLT-1360,2026-09-06,C,Ngoma,soybean,Local,loamy,6.29,37.1,36.9,35.2,349.8,44.0,0.75,Manure
PLT-1361,2024-11-27,B,Kamonyi,sugarcane,Local,alluvial,7.66,90.1,50.8,91.5,520.1,42.5,38.82,NPK 17-17-17
PLT-1362,2025-07-06,B,Musanze,irish_potatoes,Kirundo,loamy,4.58,71.4,62.3,105.1,111.6,37.2,5.47,Manure
PLT-1363,2025-05-10,B,Karongi,beans,Bush,sandy,7.03,36.3,46.7,41.6,267.9,61.6,0.68,DAP+Urea
PLT-1364,2025-10-19,B,Kirehe,cotton,Improved,clayey,7.68,43.9,47.5,38.4,247.2,48.3,0.87,DAP+Urea
PLT-1365,2024-03-14,A,Rwamagana,cassava,Ndamirabana,clayey,6.18,19.8,15.0,44.0,398.8,55.2,7.85,None
PLT-1366,2026-12-03,C,Nyamasheke,beans,Mutiki,sandy,7.1,39.3,44.2,37.7,299.2,36.1,0.68,NPK 17-17-17
PLT-1367,2024-01-12,B,Ngoma,corn,Hybrid WH,alluvial,7.07,74.6,37.8,34.6,592.7,40.5,2.08,Manure
PLT-1368,2024-09-19,B,Bugesera,cotton,Local,clayey,7.36,75.1,51.1,46.5,570.5,40.2,1.11,NPK+Manure
PLT-1369,2026-08-22,C,Kicukiro,tomatoes,Local,sandy,6.99,62.4,37.7,63.6,393.6,58.1,7.74,DAP+Urea
PLT-1370,2025-07-11,B,Gicumbi,wheat,Improved,sandy,5.66,78.8,49.6,46.6,474.5,49.7,1.8,DAP+Urea
PLT-1371,2024-06-13,A,Nyarugenge,tomatoes,Local,clayey,6.93,77.6,59.1,73.9,183.2,48.1,14.45,DAP+Urea
PLT-1372,2025-06-13,A,Burera,sweet_potato,Improved,sandy,5.7,45.3,37.0,83.8,408.2,49.8,5.41,DAP+Urea
PLT-1373,2026-08-23,B,Gatsibo,cotton,Improved,alluvial,7.12,50.6,30.4,44.5,537.9,56.4,0.88,Manure
PLT-1374,2025-04-18,A,Kayonza,cotton,Improved,clayey,7.32,24.7,20.1,16.2,340.7,32.0,0.62,None
PLT-1375,2024-04-12,B,Rulindo,tea,Local,clayey,5.39,48.6,37.9,69.9,324.4,58.0,1.24,Urea
PLT-1376,2025-05-10,B,Kayonza,sugarcane,Local,clayey,6.95,91.1,47.4,85.8,502.4,48.5,45.02,DAP+Urea
PLT-1377,2025-11-26,A,Gasabo,sweet_potato,Improved,sandy,6.02,17.3,19.0,40.9,102.5,47.1,2.69,None
PLT-1378,2026-03-09,B,Kamonyi,banana,Improved,alluvial,7.14,54.6,29.7,124.7,516.8,67.8,4.95,Manure
PLT-1379,2026-12-23,B,Rulindo,wheat,Improved,loamy,6.47,78.7,55.4,47.7,250.2,67.5,1.52,NPK+Manure
PLT-1380,2025-05-18,A,Gicumbi,tea,Improved,clayey,4.46,60.8,29.9,48.7,229.5,38.3,0.9,DAP+Urea
PLT-1381,2024-01-06,B,Musanze,barley,Local,loamy,5.73,31.4,21.6,20.4,439.6,50.9,0.46,None
PLT-1382,2025-12-03,A,Bugesera,sorghum,Local,sandy,6.83,43.6,36.6,27.3,166.0,36.7,1.13,Urea
PLT-1383,2025-10-19,C,Gasabo,beans,Mutiki,clayey,5.27,32.1,36.5,37.0,424.3,56.9,0.34,DAP+Urea
PLT-1384,2024-10-05,B,Ngoma,sorghum,Local,sandy,7.89,45.6,31.9,27.9,387.7,68.4,0.81,DAP+Urea
PLT-1385,2025-01-09,C,Nyanza,soybean,Improved,loamy,6.99,24.4,39.1,47.3,525.1,59.7,0.62,Manure
PLT-1386,2025-10-11,A,Muhanga,coffee,Local,loamy,6.78,54.7,39.8,79.5,335.5,33.1,0.64,NPK+Manure
PLT-1387,2024-01-12,B,Kirehe,groundnut,Improved,loamy,6.61,24.7,28.4,30.4,512.0,38.2,0.58,Manure
PLT-1388,2025-04-23,A,Rwamagana,sorghum,Local,loamy,5.66,42.3,29.6,30.0,561.7,52.5,0.98,DAP+Urea
PLT-1389,2026-01-06,C,Rubavu,beans,Climbing,clayey,7.04,36.0,33.0,29.2,223.5,33.3,0.5,Urea
PLT-1390,2025-01-21,A,Gicumbi,pea,Improved,clayey,6.0,28.7,24.3,31.4,277.2,31.5,0.89,Urea
PLT-1391,2025-12-23,B,Nyaruguru,cassava,Gahene,clayey,7.16,30.2,19.6,50.4,236.3,55.3,9.83,Manure
PLT-1392,2026-12-13,B,Gicumbi,beans,Climbing,sandy,5.96,46.5,39.9,48.0,425.3,64.1,0.81,NPK+Manure
PLT-1393,2026-09-24,A,Burera,pea,Local,loamy,7.18,37.2,25.3,24.1,498.9,45.0,0.61,Manure
PLT-1394,2026-06-22,A,Nyaruguru,tomatoes,Local,sandy,7.47,54.6,40.5,71.7,425.6,36.4,8.27,DAP+Urea
PLT-1395,2026-07-06,A,Nyagatare,groundnut,Improved,sandy,5.25,19.9,24.1,33.2,170.1,53.2,0.39,Urea
PLT-1396,2026-10-16,A,Nyagatare,cassava,Ndamirabana,clayey,6.64,39.3,20.8,73.6,454.8,60.6,12.21,Manure
PLT-1397,2025-01-19,B,Muhanga,corn,Kigega,alluvial,5.87,78.7,53.1,49.0,183.0,31.3,2.7,NPK+Manure
PLT-1398,2024-10-07,B,Kayonza,soybean,Local,clayey,5.29,16.1,19.2,22.5,176.7,38.4,0.32,None
PLT-1399,2026-12-08,C,Nyarugenge,tomatoes,Improved,sandy,6.11,29.2,28.8,24.7,110.6,43.3,3.92,None
PLT-1400,2024-03-11,A,Ngoma,sunflower,Local,sandy,6.79,45.4,44.9,41.3,110.5,43.7,1.14,DAP+Urea
PLT-1401,2024-03-05,B,Ngororero,irish_potatoes,Kirundo,sandy,6.31,31.0,28.7,69.1,257.9,49.5,4.08,None
PLT-1402,2026-02-13,B,Bugesera,sunflower,Local,sandy,5.69,36.4,37.2,42.1,147.1,50.2,0.88,DAP+Urea
PLT-1403,2026-03-02,B,Burera,pea,Improved,clayey,6.74,37.4,37.0,42.6,468.3,49.9,1.35,NPK 17-17-17
PLT-1404,2025-08-11,B,Gicumbi,beans,Climbing,clayey,5.65,13.8,22.9,22.6,213.5,30.0,0.29,None
PLT-1405,2025-01-08,A,Bugesera,cotton,Improved,loamy,5.87,58.6,35.3,31.8,215.5,37.9,0.74,Urea
PLT-1406,2025-02-17,B,Bugesera,cotton,Local,alluvial,6.8,54.7,37.3,47.5,237.9,50.0,1.11,DAP+Urea
PLT-1407,2026-07-05,B,Nyamasheke,tea,Improved,loamy,5.29,51.4,32.1,63.7,440.1,44.5,1.07,DAP+Urea
PLT-1408,2025-02-08,C,Rwamagana,sweet_potato,Improved,loamy,4.89,30.3,25.3,68.7,130.3,31.3,2.98,Manure
PLT-1409,2025-04-01,C,Burera,pea,Local,clayey,6.89,46.2,43.1,36.5,379.3,35.9,1.36,NPK+Manure
PLT-1410,2026-11-19,A,Gatsibo,groundnut,Improved,loamy,6.21,32.3,40.0,38.8,565.6,44.8,0.78,NPK+Manure
PLT-1411,2024-11-02,A,Kayonza,sunflower,Local,sandy,6.35,49.7,59.2,57.7,597.7,56.4,1.23,NPK+Manure
PLT-1412,2024-12-24,A,Kirehe,corn,Hybrid WH,alluvial,7.18,25.4,28.2,16.4,229.9,62.4,0.85,None
PLT-1413,2026-12-21,C,Gakenke,tea,Local,clayey,6.15,63.9,36.0,50.8,144.8,56.6,1.01,DAP+Urea
PLT-1414,2025-11-14,B,Rulindo,barley,Local,clayey,7.04,50.0,34.2,24.1,150.4,47.1,0.94,Manure
PLT-1415,2024-03-22,A,Huye,sugarcane,Local,loamy,7.86,106.1,56.9,80.8,282.9,51.3,31.48,NPK+Manure
PLT-1416,2025-08-01,A,Nyaruguru,cassava,Gahene,loamy,6.47,54.4,30.4,87.9,476.2,40.8,16.31,DAP+Urea
PLT-1417,2026-01-16,C,Gakenke,irish_potatoes,Cruza,loamy,4.84,73.8,66.5,111.3,361.0,40.9,4.99,Urea
PLT-1418,2026-11-01,A,Bugesera,sweet_potato,Local,loamy,5.15,37.6,45.0,94.7,225.9,50.7,4.7,DAP+Urea
PLT-1419,2024-04-13,A,Nyagatare,groundnut,Local,loamy,5.4,27.2,32.3,36.5,556.2,55.4,0.41,Urea
PLT-1420,2024-08-24,A,Gakenke,wheat,Local,sandy,6.39,63.1,39.2,37.8,244.8,69.6,1.13,DAP+Urea
PLT-1421,2024-06-28,A,Rubavu,cassava,Ndamirabana,clayey,4.64,31.6,26.1,56.6,556.8,36.2,10.08,DAP+Urea
PLT-1422,2024-01-12,B,Burera,corn,Kigega,alluvial,7.67,77.8,54.8,59.6,205.0,57.0,1.64,NPK 17-17-17
PLT-1423,2026-04-19,B,Gisagara,corn,Local,loamy,4.85,92.9,50.8,54.6,374.7,39.4,2.11,NPK 17-17-17
PLT-1424,2026-09-05,B,Karongi,tea,Local,clayey,5.1,63.4,37.0,48.6,320.7,46.8,1.15,Manure
PLT-1425,2025-05-05,A,Musanze,irish_potatoes,Kirundo,sandy,4.68,100.3,89.0,108.4,348.2,42.4,7.54,DAP+Urea
PLT-1426,2025-04-16,A,Kayonza,sorghum,Improved,sandy,6.74,15.9,16.5,19.5,587.7,30.7,0.51,None
PLT-1427,2026-07-08,A,Nyagatare,sorghum,Local,loamy,5.32,58.2,41.3,45.6,516.9,48.9,0.98,NPK+Manure
PLT-1428,2024-01-15,B,Rwamagana,sorghum,Improved,sandy,6.13,21.5,22.4,12.6,294.2,30.9,0.48,None
PLT-1429,2026-09-20,A,Nyabihu,coffee,Improved,clayey,5.04,28.3,13.2,46.9,407.9,68.5,0.35,None
PLT-1430,2026-09-17,B,Gakenke,wheat,Improved,clayey,6.79,64.7,39.2,31.0,409.5,69.6,1.22,Manure
PLT-1431,2025-05-09,A,Ngoma,groundnut,Local,sandy,5.59,28.3,29.1,36.0,121.6,50.8,0.64,Urea
PLT-1432,2025-12-25,A,Bugesera,groundnut,Local,loamy,6.53,17.6,22.3,22.9,354.3,65.5,0.35,None
PLT-1433,2024-10-12,C,Gisagara,beans,Mutiki,clayey,7.17,19.4,16.0,13.6,593.9,38.7,0.23,None
PLT-1434,2025-11-26,C,Kicukiro,beans,Bush,loamy,5.77,20.8,14.6,22.8,450.2,56.0,0.34,None
PLT-1435,2024-02-04,A,Ngoma,sweet_potato,Local,sandy,5.4,42.2,37.9,80.6,542.9,67.1,6.17,NPK 17-17-17
PLT-1436,2025-08-27,A,Gakenke,barley,Improved,loamy,7.75,26.3,23.4,18.6,433.2,46.9,0.64,None
PLT-1437,2026-08-12,B,Huye,sugarcane,Local,clayey,7.39,91.1,51.5,87.6,379.9,38.6,46.69,NPK+Manure
PLT-1438,2025-02-28,C,Ruhango,rice,Kigori,alluvial,5.41,33.7,21.3,12.3,109.0,54.8,1.53,None
PLT-1439,2026-11-04,B,Huye,cassava,Ndamirabana,clayey,5.61,38.3,20.8,70.6,546.9,52.8,12.59,Urea
PLT-1440,2026-02-28,C,Bugesera,sweet_potato,Local,loamy,5.05,28.8,25.2,60.4,250.2,57.6,4.19,DAP+Urea
PLT-1441,2025-05-14,B,Rulindo,pea,Local,clayey,5.69,38.0,47.3,37.3,418.1,57.3,1.24,NPK 17-17-17
PLT-1442,2025-05-16,B,Nyabihu,tea,Local,loamy,4.91,50.2,37.7,70.4,284.1,31.6,1.4,Manure
PLT-1443,2024-07-22,A,Rulindo,barley,Improved,sandy,5.81,68.0,43.2,38.7,418.4,53.4,1.07,NPK 17-17-17
PLT-1444,2025-01-10,C,Nyarugenge,rice,Zhongeng,clayey,5.84,97.9,39.3,45.0,230.2,55.2,3.92,NPK 17-17-17
PLT-1445,2025-01-21,A,Rwamagana,sugarcane,Improved,clayey,5.48,57.3,37.7,58.2,516.7,61.0,24.12,Urea
PLT-1446,2025-01-19,A,Ngoma,sunflower,Improved,sandy,7.07,23.1,18.1,30.0,183.5,37.9,0.59,None
PLT-1447,2025-08-13,B,Gasabo,corn,Kigega,alluvial,7.57,60.8,40.3,30.0,561.9,34.0,1.16,Urea
PLT-1448,2025-03-20,A,Musanze,barley,Local,clayey,7.38,54.6,40.9,45.9,357.1,36.7,1.36,NPK 17-17-17
PLT-1449,2024-07-26,C,Nyanza,sweet_potato,Local,sandy,6.08,36.5,33.3,49.0,171.8,50.3,3.84,Manure
PLT-1450,2026-07-08,C,Gasabo,rice,Intsindagirabigega,clayey,6.12,45.3,20.8,18.8,246.2,36.8,2.03,None
PLT-1451,2024-02-11,A,Gakenke,pea,Local,clayey,5.67,27.9,31.6,30.5,419.1,38.2,0.72,DAP+Urea
PLT-1452,2025-09-22,A,Bugesera,beans,Mutiki,loamy,7.14,26.2,31.8,31.1,371.3,50.6,0.48,Manure
PLT-1453,2026-10-26,B,Rwamagana,sunflower,Improved,loamy,7.99,41.9,36.1,42.4,238.2,61.3,0.89,Urea
PLT-1454,2025-05-14,B,Kirehe,sorghum,Local,clayey,7.69,46.1,36.5,26.1,458.7,58.0,0.59,Manure
PLT-1455,2024-11-03,B,Ngoma,rice,Intsindagirabigega,loamy,5.8,43.3,17.0,20.4,381.8,45.1,1.6,None
PLT-1456,2024-03-12,B,Gakenke,barley,Local,loamy,5.96,56.2,27.6,37.5,300.5,44.6,0.97,Manure
PLT-1457,2024-06-17,B,Rulindo,barley,Improved,sandy,7.45,38.2,34.5,32.2,106.5,59.1,1.16,DAP+Urea
PLT-1458,2026-12-09,B,Rwamagana,sunflower,Local,loamy,5.95,25.3,26.9,25.8,555.9,65.2,0.57,None
PLT-1459,2026-06-07,B,Kamonyi,sugarcane,Improved,clayey,6.25,82.8,39.6,73.2,484.6,57.7,26.86,DAP+Urea
PLT-1460,2026-03-11,B,Nyagatare,cotton,Improved,loamy,6.25,57.3,46.2,41.6,216.9,32.6,0.87,Urea
PLT-1461,2026-01-08,B,Bugesera,sugarcane,Improved,alluvial,6.35,32.0,29.7,33.6,104.2,65.1,19.02,None
PLT-1462,2026-09-27,C,Rulindo,tea,Local,clayey,5.65,38.4,15.8,30.0,348.3,38.3,0.5,None
PLT-1463,2026-05-15,C,Nyarugenge,banana,Improved,clayey,5.77,35.8,16.1,67.2,309.0,60.4,2.69,None
PLT-1464,2026-05-04,A,Nyagatare,cotton,Improved,loamy,7.84,44.1,39.1,34.0,225.5,44.3,0.76,Urea
PLT-1465,2024-06-17,C,Huye,tomatoes,Improved,sandy,7.47,56.0,56.6,51.7,371.9,44.2,8.22,Manure
PLT-1466,2026-12-25,A,Kamonyi,tomatoes,Improved,clayey,6.75,62.4,46.1,58.4,522.3,33.2,9.83,Manure
PLT-1467,2024-08-07,C,Gisagara,banana,Improved,alluvial,6.55,37.6,20.0,63.5,236.5,50.1,4.24,None
PLT-1468,2024-05-18,C,Kirehe,sweet_potato,Improved,loamy,6.39,29.3,36.3,72.2,466.0,40.4,5.25,Urea
PLT-1469,2026-06-27,B,Nyarugenge,soybean,Local,loamy,5.79,36.7,30.6,34.4,405.5,61.1,0.93,Urea
PLT-1470,2026-10-24,C,Gakenke,irish_potatoes,Cruza,loamy,5.76,105.3,78.1,122.9,518.0,44.1,8.4,DAP+Urea
PLT-1471,2025-05-20,A,Kicukiro,sweet_potato,Local,loamy,7.25,14.6,16.6,44.8,523.2,35.2,2.83,None
PLT-1472,2026-04-08,B,Kirehe,sunflower,Local,sandy,5.68,47.1,34.4,45.4,518.9,59.8,0.85,Manure
PLT-1473,2025-06-09,B,Gakenke,wheat,Improved,sandy,6.27,51.4,30.5,37.2,229.7,51.8,1.34,Urea
PLT-1474,2024-10-18,B,Gatsibo,rice,Zhongeng,clayey,6.99,56.9,32.7,35.1,290.1,60.1,2.27,Urea
PLT-1475,2026-02-08,A,Rulindo,wheat,Improved,sandy,7.15,52.1,44.4,26.6,447.9,60.0,0.9,Urea
PLT-1476,2024-01-07,C,Huye,soybean,Improved,loamy,7.05,41.7,46.7,57.6,266.5,31.6,0.75,NPK+Manure
PLT-1477,2024-03-05,A,Bugesera,cotton,Local,loamy,6.62,83.6,53.5,48.6,375.5,65.8,1.49,NPK 17-17-17
PLT-1478,2024-02-18,B,Gatsibo,sugarcane,Local,clayey,5.37,35.9,28.7,43.3,156.8,33.7,13.63,None
PLT-1479,2026-03-01,A,Bugesera,sorghum,Local,clayey,6.73,39.4,36.0,24.9,366.0,34.4,0.96,DAP+Urea
PLT-1480,2024-03-14,B,Nyarugenge,soybean,Local,clayey,6.29,20.1,21.6,26.7,600.0,69.1,0.32,None
PLT-1481,2024-12-17,C,Rulindo,irish_potatoes,Kinigi,clayey,5.71,107.0,73.8,130.4,512.9,65.7,9.2,NPK+Manure
PLT-1482,2024-03-16,C,Ngororero,irish_potatoes,Kirundo,loamy,5.82,37.6,27.4,56.3,492.6,51.4,3.82,None
PLT-1483,2024-08-11,B,Kirehe,sunflower,Improved,loamy,7.01,57.3,51.6,56.9,108.9,64.1,1.26,DAP+Urea
PLT-1484,2024-12-02,B,Nyarugenge,banana,Local,clayey,5.06,32.1,19.6,52.3,355.9,42.5,3.94,None
PLT-1485,2026-03-17,B,Rusizi,corn,Local,clayey,6.82,48.1,47.5,34.5,442.3,47.9,1.8,Manure
PLT-1486,2025-09-25,A,Musanze,wheat,Improved,sandy,5.67,45.0,43.6,37.7,502.4,31.6,1.23,DAP+Urea
PLT-1487,2025-09-24,B,Muhanga,soybean,Improved,loamy,7.38,31.0,35.0,30.6,248.7,41.6,0.56,DAP+Urea
PLT-1488,2025-01-20,B,Gatsibo,groundnut,Improved,sandy,7.42,35.6,45.7,42.7,163.8,51.6,0.68,NPK 17-17-17
PLT-1489,2025-11-26,A,Rusizi,irish_potatoes,Cruza,sandy,6.19,98.5,74.1,124.1,502.3,69.1,7.63,NPK+Manure
PLT-1490,2024-05-15,B,Burera,pea,Improved,clayey,5.25,32.0,24.4,34.9,165.2,45.1,0.83,Urea
PLT-1491,2024-06-28,A,Rwamagana,sorghum,Improved,sandy,7.77,44.3,37.1,33.1,278.8,43.8,0.65,Manure
PLT-1492,2024-06-11,B,Rulindo,pea,Improved,loamy,7.35,33.1,30.4,32.7,477.4,45.1,0.56,Manure
PLT-1493,2024-08-14,C,Nyarugenge,soybean,Local,clayey,7.08,37.1,36.4,30.5,549.1,53.7,0.57,DAP+Urea
PLT-1494,2026-06-14,A,Burera,pea,Improved,clayey,5.37,31.6,28.2,36.4,412.1,59.3,0.74,Urea
PLT-1495,2024-03-02,B,Nyamagabe,rice,Intsindagirabigega,loamy,5.86,94.3,42.5,43.9,211.9,32.9,3.4,NPK+Manure
PLT-1496,2026-03-22,A,Kirehe,sugarcane,Local,alluvial,7.73,71.4,38.5,61.3,309.0,67.0,27.45,Urea
PLT-1497,2026-01-17,A,Gakenke,sweet_potato,Improved,sandy,7.16,21.7,17.6,38.4,379.0,69.6,2.3,None
PLT-1498,2024-07-27,B,Musanze,barley,Local,clayey,5.53,39.8,26.0,30.4,279.2,48.8,0.99,Manure
PLT-1499,2024-01-14,C,Gasabo,sweet_potato,Improved,sandy,5.63,29.8,34.2,54.6,377.0,40.9,5.59,DAP+Urea
PLT-1500,2024-02-14,C,Kirehe,sweet_potato,Improved,loamy,4.71,41.5,44.8,77.8,465.1,62.8,5.9,NPK+Manure
PLT-1501,2025-10-01,B,Nyabihu,tea,Improved,clayey,6.08,53.8,35.7,55.4,402.0,69.3,0.82,Urea
PLT-1502,2025-06-02,A,Gisagara,banana,Improved,alluvial,6.63,53.2,33.2,106.6,202.8,59.3,5.31,DAP+Urea
PLT-1503,2026-06-09,A,Kirehe,sunflower,Improved,sandy,6.7,33.4,32.6,39.9,171.2,50.0,1.15,DAP+Urea
PLT-1504,2024-09-19,A,Rulindo,barley,Local,clayey,6.53,36.1,31.6,32.4,580.1,58.4,1.05,DAP+Urea
PLT-1505,2025-11-17,A,Gatsibo,sugarcane,Improved,loamy,6.84,97.0,53.9,79.5,179.5,44.2,50.78,DAP+Urea
PLT-1506,2026-02-14,C,Gicumbi,beans,Climbing,clayey,6.13,33.1,33.9,24.5,360.1,42.9,0.42,Urea
PLT-1507,2024-09-10,A,Rwamagana,sorghum,Local,sandy,5.38,53.2,36.5,46.1,517.2,61.6,0.89,NPK+Manure
PLT-1508,2026-07-22,A,Nyabihu,banana,Local,loamy,6.56,60.7,34.0,123.8,305.0,44.8,6.99,DAP+Urea
PLT-1509,2024-03-14,B,Nyamagabe,beans,Mutiki,loamy,7.15,45.7,38.5,40.8,106.8,52.9,0.69,NPK+Manure
PLT-1510,2026-02-27,C,Nyamasheke,irish_potatoes,Cruza,clayey,6.92,66.9,51.8,88.0,325.3,45.2,6.12,Urea
PLT-1511,2024-11-06,A,Musanze,barley,Improved,clayey,6.96,53.6,29.9,32.8,284.4,58.6,0.9,Manure
PLT-1512,2026-01-11,B,Kirehe,sorghum,Improved,clayey,5.7,36.3,26.7,28.8,194.0,62.2,0.95,Urea
PLT-1513,2024-02-24,B,Rwamagana,cassava,Ndamirabana,clayey,6.61,37.8,20.2,52.2,285.7,36.3,11.55,Manure
PLT-1514,2024-04-13,B,Rulindo,tomatoes,Improved,loamy,7.41,73.0,47.0,59.1,337.9,67.3,8.17,DAP+Urea
PLT-1515,2024-11-24,C,Gisagara,soybean,Improved,loamy,5.95,28.6,47.0,36.1,157.8,68.2,0.63,Urea
PLT-1516,2024-07-26,C,Nyarugenge,banana,Improved,clayey,5.67,73.9,36.8,99.3,490.5,52.2,7.57,DAP+Urea
PLT-1517,2024-12-23,B,Burera,wheat,Improved,loamy,7.1,63.8,39.6,24.2,509.9,37.6,1.03,Urea
PLT-1518,2026-01-23,B,Nyaruguru,cassava,Ndamirabana,sandy,6.03,33.4,24.0,58.6,587.0,58.9,8.12,DAP+Urea
PLT-1519,2026-06-17,A,Kirehe,groundnut,Improved,loamy,5.92,20.0,35.3,35.6,334.3,62.3,0.62,Urea
PLT-1520,2024-01-09,A,Rulindo,tomatoes,Local,sandy,7.41,43.9,27.6,44.5,174.7,50.2,4.83,None
PLT-1521,2025-05-04,A,Nyamasheke,irish_potatoes,Cruza,loamy,6.08,31.2,32.4,42.4,574.7,42.5,4.39,None
PLT-1522,2024-09-03,A,Gatsibo,sweet_potato,Improved,loamy,6.45,43.7,46.7,75.1,585.5,57.2,7.35,DAP+Urea
PLT-1523,2025-03-20,A,Rusizi,tea,Improved,clayey,4.78,69.0,26.8,48.4,466.8,62.8,1.24,DAP+Urea
PLT-1524,2025-12-11,A,Nyanza,corn,Hybrid WH,clayey,6.76,50.4,45.5,47.1,165.0,48.5,1.95,Manure
PLT-1525,2024-07-24,C,Nyaruguru,rice,Zhongeng,loamy,5.82,82.3,40.4,39.5,240.6,63.5,3.36,NPK+Manure
PLT-1526,2025-10-02,A,Kayonza,sugarcane,Local,alluvial,7.88,105.4,59.8,79.2,286.5,40.9,39.61,NPK+Manure
PLT-1527,2025-07-12,B,Burera,irish_potatoes,Kirundo,sandy,5.77,73.1,62.1,88.2,229.3,45.5,5.63,DAP+Urea
PLT-1528,2025-08-21,C,Muhanga,beans,Bush,sandy,5.52,31.3,33.6,30.9,543.4,66.7,0.44,Urea
PLT-1529,2024-02-24,B,Nyarugenge,rice,Zhongeng,alluvial,6.74,83.7,33.6,35.1,516.1,54.5,2.5,Urea
PLT-1530,2025-09-28,C,Rutsiro,irish_potatoes,Kinigi,clayey,6.96,102.8,91.8,119.7,438.1,34.0,6.88,NPK+Manure
PLT-1531,2026-01-24,B,Nyarugenge,tomatoes,Local,loamy,5.52,95.9,65.5,80.5,353.3,40.0,10.1,NPK+Manure
PLT-1532,2024-06-28,B,Nyaruguru,rice,Zhongeng,alluvial,6.08,96.7,38.9,47.4,527.8,40.4,3.75,NPK 17-17-17
PLT-1533,2025-01-07,A,Nyagatare,sorghum,Local,clayey,6.72,54.5,42.1,42.8,213.2,63.0,1.44,NPK 17-17-17
PLT-1534,2026-12-13,A,Rwamagana,cotton,Local,clayey,6.0,63.6,33.1,43.6,335.0,33.6,0.84,Urea
PLT-1535,2025-12-24,A,Musanze,barley,Improved,loamy,5.9,42.2,37.1,37.1,495.7,61.8,0.94,DAP+Urea
PLT-1536,2025-09-18,C,Rutsiro,coffee,Local,clayey,6.13,25.8,19.3,43.1,437.6,34.7,0.31,None
PLT-1537,2025-10-19,B,Muhanga,sugarcane,Local,clayey,5.9,54.1,42.2,71.2,426.4,32.7,29.76,Manure
PLT-1538,2025-06-27,A,Nyamagabe,corn,Hybrid WH,alluvial,5.32,86.8,51.5,56.0,431.3,52.9,2.57,DAP+Urea
PLT-1539,2026-10-20,A,Gakenke,barley,Improved,loamy,7.61,52.4,37.0,24.2,431.7,59.5,0.75,Urea
PLT-1540,2024-08-01,A,Gatsibo,sweet_potato,Local,sandy,5.42,36.5,35.4,71.7,374.7,52.7,3.94,Manure
PLT-1541,2026-11-18,B,Gicumbi,barley,Local,sandy,6.93,21.3,18.3,23.4,231.9,57.7,0.52,None
PLT-1542,2024-02-06,C,Nyanza,soybean,Improved,clayey,6.63,32.5,33.9,43.1,566.5,32.5,0.71,Urea
PLT-1543,2026-05-20,C,Nyabihu,irish_potatoes,Kinigi,loamy,4.69,81.2,70.3,87.0,591.7,44.5,5.93,Urea
PLT-1544,2026-09-15,B,Kicukiro,tomatoes,Local,loamy,5.69,43.6,35.1,31.3,385.7,50.6,3.58,None
PLT-1545,2026-03-19,A,Ngoma,sorghum,Local,loamy,7.48,59.1,43.1,43.4,120.4,39.0,1.5,DAP+Urea
PLT-1546,2024-08-01,A,Gakenke,tea,Improved,loamy,4.4,74.9,29.3,72.5,424.9,65.6,0.89,Manure
PLT-1547,2025-12-18,C,Kicukiro,rice,Intsindagirabigega,loamy,6.82,67.9,33.3,34.0,457.9,47.1,2.12,DAP+Urea
PLT-1548,2026-08-26,A,Gasabo,sweet_potato,Local,sandy,6.43,36.2,45.2,82.5,392.2,66.8,6.09,NPK 17-17-17
PLT-1549,2026-12-04,A,Burera,barley,Improved,clayey,7.71,49.4,29.3,28.8,191.3,59.7,1.02,DAP+Urea
PLT-1550,2024-09-08,C,Burera,pea,Improved,loamy,7.04,39.3,42.0,44.7,522.2,40.6,1.13,DAP+Urea
PLT-1551,2026-06-24,C,Muhanga,coffee,Improved,loamy,6.47,61.3,46.8,78.6,449.7,57.3,0.89,NPK+Manure
PLT-1552,2024-08-18,C,Rulindo,tea,Local,loamy,4.59,88.4,37.8,73.5,287.9,43.2,1.42,NPK 17-17-17
PLT-1553,2024-01-05,A,Burera,barley,Local,clayey,7.69,43.9,25.4,35.2,562.8,56.7,0.88,Urea
PLT-1554,2025-01-06,B,Gasabo,rice,Kigori,clayey,7.46,27.2,16.3,20.2,222.7,44.3,1.02,None
PLT-1555,2026-09-27,B,Kayonza,sugarcane,Improved,clayey,6.42,81.5,46.2,74.2,422.6,42.6,26.63,Urea
PLT-1556,2026-05-26,C,Rulindo,pea,Local,loamy,5.52,22.4,14.8,23.3,456.5,60.7,0.51,None
PLT-1557,2024-02-26,B,Gisagara,sugarcane,Improved,loamy,7.1,92.2,53.0,78.9,245.0,60.8,50.76,DAP+Urea
PLT-1558,2025-01-04,A,Burera,tea,Improved,clayey,4.33,46.0,21.7,41.6,514.2,36.6,0.41,None
PLT-1559,2024-01-28,B,Bugesera,sugarcane,Local,alluvial,5.41,58.4,34.3,65.6,353.3,62.3,26.16,Manure
PLT-1560,2026-01-26,A,Nyarugenge,tomatoes,Improved,sandy,5.58,69.3,41.3,48.6,499.1,38.3,7.26,DAP+Urea
PLT-1561,2025-07-08,A,Gatsibo,groundnut,Improved,loamy,6.98,25.3,35.1,27.5,135.6,56.9,0.51,DAP+Urea
PLT-1562,2026-03-23,B,Bugesera,sunflower,Local,loamy,6.01,30.1,44.1,45.2,502.3,60.6,1.08,Manure
PLT-1563,2024-04-16,B,Nyarugenge,corn,Kigega,clayey,6.98,78.7,47.2,48.6,514.1,63.0,2.14,NPK 17-17-17
PLT-1564,2025-08-10,A,Gatsibo,groundnut,Local,sandy,5.86,24.9,29.0,32.9,490.4,56.4,0.49,Manure
PLT-1565,2025-11-05,C,Rwamagana,beans,Mutiki,loamy,5.63,35.1,24.7,30.1,452.0,39.9,0.65,Manure
PLT-1566,2026-01-21,B,Rulindo,wheat,Local,clayey,5.31,35.4,22.1,23.2,336.9,53.8,0.37,None
PLT-1567,2024-10-16,B,Rusizi,cassava,Gisari,loamy,7.44,39.7,27.5,53.5,476.0,46.4,8.64,DAP+Urea
PLT-1568,2026-06-20,B,Rwamagana,beans,Mutiki,loamy,7.47,32.5,34.5,31.0,262.8,42.9,0.49,Urea
PLT-1569,2026-06-28,C,Musanze,sweet_potato,Local,sandy,6.92,30.0,34.8,67.0,203.3,36.7,4.11,Manure
PLT-1570,2024-10-09,B,Ngororero,irish_potatoes,Kinigi,sandy,6.63,101.2,73.8,126.5,551.8,36.5,7.98,NPK 17-17-17
PLT-1571,2026-05-28,B,Nyagatare,cotton,Local,clayey,7.86,80.5,54.6,49.6,210.1,39.1,0.92,NPK 17-17-17
PLT-1572,2025-10-22,B,Rulindo,corn,Hybrid WH,clayey,5.97,82.8,50.7,59.5,141.2,45.7,2.0,NPK+Manure
PLT-1573,2024-04-15,B,Rwamagana,soybean,Local,loamy,6.54,40.7,49.7,47.8,461.5,51.7,1.22,NPK 17-17-17
PLT-1574,2025-10-20,A,Gakenke,irish_potatoes,Kinigi,sandy,4.99,76.7,65.1,73.3,194.2,37.1,4.82,Urea
PLT-1575,2026-12-01,B,Rwamagana,groundnut,Local,loamy,5.29,27.5,24.3,26.7,317.2,43.5,0.55,Manure
PLT-1576,2024-07-05,A,Nyamagabe,banana,Local,alluvial,5.31,81.3,46.8,157.5,443.0,62.1,6.65,NPK 17-17-17
PLT-1577,2024-10-17,C,Gasabo,tomatoes,Improved,loamy,6.22,93.5,62.8,73.4,155.2,39.2,15.01,DAP+Urea
PLT-1578,2026-09-20,C,Nyanza,banana,Improved,clayey,6.25,93.4,38.9,149.3,352.8,47.8,10.34,NPK 17-17-17
PLT-1579,2025-04-17,C,Kirehe,rice,Kigori,clayey,6.8,105.7,37.2,40.8,277.9,63.0,3.89,NPK 17-17-17
PLT-1580,2026-05-06,A,Rusizi,irish_potatoes,Kinigi,loamy,5.49,62.2,75.9,74.2,357.5,69.6,7.33,Manure
PLT-1581,2024-03-16,A,Gasabo,banana,Improved,clayey,6.04,67.4,24.8,99.7,298.6,51.7,5.69,Manure
PLT-1582,2026-04-01,B,Kamonyi,sugarcane,Improved,loamy,6.5,76.5,36.5,64.4,540.4,45.9,33.69,DAP+Urea
PLT-1583,2025-07-25,B,Nyarugenge,soybean,Improved,loamy,5.42,28.6,34.2,32.6,222.0,36.5,0.71,Manure
PLT-1584,2024-07-28,C,Ruhango,beans,Bush,loamy,6.01,20.9,12.4,20.1,487.2,56.6,0.4,None
PLT-1585,2026-08-19,B,Gicumbi,barley,Improved,clayey,6.23,40.5,36.3,28.0,107.4,42.7,0.89,Urea
PLT-1586,2025-08-14,B,Rubavu,corn,Kigega,alluvial,5.54,39.3,19.5,18.5,594.8,34.2,1.04,None
PLT-1587,2024-05-18,A,Rulindo,barley,Local,clayey,6.39,36.3,27.3,37.7,353.6,69.0,0.92,Urea
PLT-1588,2024-04-20,A,Gicumbi,barley,Local,clayey,6.46,33.2,12.5,20.4,376.3,42.9,0.72,None
PLT-1589,2026-01-12,B,Rwamagana,groundnut,Improved,sandy,6.23,20.2,32.2,26.7,530.1,38.6,0.74,DAP+Urea
PLT-1590,2024-07-27,A,Gatsibo,groundnut,Local,loamy,5.19,24.4,33.6,35.4,113.5,40.4,0.41,Urea
PLT-1591,2024-11-27,B,Nyaruguru,cassava,Ndamirabana,clayey,6.45,30.1,23.5,64.4,200.3,32.0,8.99,DAP+Urea
PLT-1592,2026-02-23,C,Musanze,pea,Local,clayey,5.67,37.5,33.3,28.1,141.9,61.7,0.81,Urea
PLT-1593,2024-06-07,A,Rubavu,corn,Local,loamy,6.27,63.1,37.4,36.0,513.1,46.1,1.88,Urea
PLT-1594,2026-11-19,B,Rusizi,irish_potatoes,Cruza,clayey,5.32,30.4,47.0,64.8,128.1,49.6,4.38,None
PLT-1595,2025-09-01,A,Ruhango,cassava,Ndamirabana,loamy,7.09,27.6,12.4,36.2,552.0,43.5,3.9,None
PLT-1596,2025-02-22,A,Ruhango,sweet_potato,Local,loamy,6.71,38.4,47.4,90.8,570.3,68.4,7.14,NPK+Manure
PLT-1597,2024-12-22,C,Nyaruguru,banana,Local,alluvial,5.43,31.4,17.9,53.4,164.9,49.3,2.51,None
PLT-1598,2026-09-09,B,Ngoma,sugarcane,Improved,alluvial,6.16,57.0,35.4,49.4,386.5,59.1,28.41,Urea
PLT-1599,2024-11-11,C,Gasabo,sweet_potato,Improved,loamy,6.69,31.5,32.6,64.6,582.8,51.1,4.38,Manure
PLT-1600,2024-12-19,A,Kicukiro,banana,Local,clayey,7.27,36.2,18.5,48.4,341.2,51.2,2.79,None
PLT-1601,2026-01-11,A,Gatsibo,groundnut,Improved,loamy,5.42,29.5,44.0,40.4,123.1,48.0,0.81,NPK+Manure
PLT-1602,2026-07-28,A,Kirehe,sunflower,Improved,loamy,7.72,56.5,50.3,50.8,278.2,44.2,1.1,DAP+Urea
PLT-1603,2024-11-07,A,Nyagatare,beans,Mutiki,loamy,6.24,13.4,23.8,15.9,386.6,54.0,0.41,None
PLT-1604,2025-05-20,A,Nyagatare,sugarcane,Local,alluvial,7.84,90.2,55.1,90.7,322.1,53.0,32.18,NPK+Manure
PLT-1605,2025-09-20,B,Gatsibo,sorghum,Local,sandy,6.51,25.0,15.0,21.5,304.8,40.8,0.65,None
PLT-1606,2025-06-21,B,Musanze,pea,Local,clayey,5.22,31.1,33.7,26.4,176.9,47.2,0.71,Manure
PLT-1607,2026-09-28,B,Nyamagabe,sugarcane,Improved,alluvial,6.24,75.4,33.6,70.4,108.5,32.1,35.53,DAP+Urea
PLT-1608,2024-06-08,A,Gatsibo,sorghum,Local,clayey,7.46,48.4,43.1,44.1,511.5,54.0,1.11,NPK+Manure
PLT-1609,2026-08-14,B,Rulindo,tomatoes,Improved,clayey,5.89,56.4,50.1,62.8,358.2,64.8,7.61,DAP+Urea
PLT-1610,2024-09-25,B,Rulindo,wheat,Local,sandy,7.35,50.7,44.3,36.7,205.0,39.3,0.97,DAP+Urea
PLT-1611,2026-11-03,C,Rusizi,beans,Mutiki,sandy,6.15,14.0,18.7,16.0,359.1,34.4,0.33,None
PLT-1612,2024-04-01,B,Bugesera,cotton,Improved,clayey,5.61,46.0,33.7,38.4,258.9,62.9,0.65,Urea
PLT-1613,2024-01-01,B,Rubavu,coffee,Improved,clayey,6.08,58.8,38.8,72.6,221.7,57.6,0.89,NPK+Manure
PLT-1614,2025-02-26,B,Nyagatare,sorghum,Local,sandy,7.67,38.3,33.3,27.2,438.9,42.3,0.66,Urea
PLT-1615,2025-09-02,A,Burera,wheat,Local,sandy,7.46,59.1,46.5,32.1,534.6,56.3,1.0,DAP+Urea
PLT-1616,2024-06-23,C,Rusizi,coffee,Improved,clayey,6.37,66.7,46.2,86.7,526.2,43.1,0.82,DAP+Urea
PLT-1617,2024-06-04,B,Karongi,cassava,Gahene,loamy,4.8,19.5,12.4,43.2,245.4,61.2,4.8,None
PLT-1618,2026-06-10,C,Kicukiro,tomatoes,Improved,sandy,6.26,52.1,56.9,57.2,134.2,63.0,9.05,Urea
PLT-1619,2025-01-26,B,Huye,beans,Climbing,sandy,6.6,24.8,37.1,32.6,525.6,61.3,0.59,Urea
PLT-1620,2025-08-25,A,Ruhango,sugarcane,Improved,alluvial,7.25,81.3,39.3,72.9,406.3,36.0,29.38,Urea
PLT-1621,2024-09-16,C,Rulindo,irish_potatoes,Kinigi,loamy,5.58,62.7,63.9,103.9,462.1,34.6,6.77,Manure
PLT-1622,2026-01-07,B,Rubavu,tea,Improved,clayey,5.09,94.7,42.1,94.7,520.7,40.5,1.62,NPK 17-17-17
PLT-1623,2025-06-26,B,Gatsibo,cassava,Gisari,clayey,7.04,46.8,31.7,91.9,137.6,50.4,12.67,DAP+Urea
PLT-1624,2025-07-15,A,Kayonza,sunflower,Local,sandy,7.41,52.3,56.7,50.4,558.1,52.5,1.25,NPK+Manure
PLT-1625,2025-11-13,A,Burera,barley,Improved,clayey,6.02,28.5,18.7,20.6,487.5,44.1,0.65,None
PLT-1626,2024-09-03,B,Gatsibo,cotton,Local,loamy,7.53,79.0,49.4,46.2,524.7,37.9,0.97,DAP+Urea
PLT-1627,2026-02-10,C,Nyabihu,irish_potatoes,Kirundo,clayey,5.85,39.3,39.4,64.3,200.8,38.2,4.9,None
PLT-1628,2024-07-21,A,Nyanza,banana,Local,clayey,6.53,72.5,38.0,138.8,495.0,58.7,7.55,Manure
PLT-1629,2024-05-12,C,Huye,soybean,Local,clayey,5.87,30.8,38.4,30.1,296.5,50.9,0.69,DAP+Urea
PLT-1630,2026-06-06,C,Gakenke,irish_potatoes,Cruza,loamy,4.98,45.4,39.5,67.9,350.3,45.7,2.79,None
PLT-1631,2024-03-04,B,Nyagatare,cotton,Improved,clayey,6.92,42.1,47.4,40.3,451.4,49.4,0.74,Manure
PLT-1632,2024-04-23,A,Kayonza,sunflower,Local,loamy,6.56,41.5,40.7,34.8,126.9,62.3,0.9,DAP+Urea
PLT-1633,2024-01-06,A,Musanze,wheat,Local,clayey,5.3,44.2,30.4,28.3,557.8,45.3,0.81,DAP+Urea
PLT-1634,2024-02-18,B,Burera,irish_potatoes,Kinigi,clayey,6.86,70.2,55.6,87.6,585.4,32.4,4.91,Urea
PLT-1635,2026-08-09,A,Gakenke,wheat,Local,clayey,7.07,45.6,31.3,33.0,587.0,63.2,0.88,DAP+Urea
PLT-1636,2026-04-14,B,Huye,cassava,Gisari,loamy,7.21,43.7,18.7,55.3,452.2,43.1,8.52,DAP+Urea
PLT-1637,2024-07-25,C,Ngororero,tea,Improved,loamy,4.52,54.8,34.6,75.8,550.4,37.8,1.29,Manure
PLT-1638,2026-06-16,B,Gatsibo,cotton,Local,alluvial,7.59,74.2,48.4,46.5,505.4,43.4,1.19,NPK+Manure
PLT-1639,2026-04-05,B,Nyabihu,irish_potatoes,Kinigi,clayey,6.56,55.2,68.2,97.2,584.9,59.6,4.93,Manure
PLT-1640,2025-04-07,B,Nyarugenge,tomatoes,Improved,clayey,6.69,80.3,65.3,73.2,222.9,66.9,12.64,NPK 17-17-17
PLT-1641,2024-12-03,B,Rwamagana,sunflower,Improved,sandy,7.65,28.9,25.4,26.1,228.7,37.2,0.38,None
PLT-1642,2024-02-25,B,Kicukiro,rice,Kigori,loamy,5.13,56.0,37.9,34.4,253.1,30.8,2.25,Manure
PLT-1643,2026-10-07,A,Ruhango,corn,Kigega,sandy,7.14,61.4,44.1,36.8,535.5,32.2,2.07,DAP+Urea
PLT-1644,2025-03-24,C,Musanze,tea,Local,clayey,4.43,33.8,18.2,39.9,551.2,49.4,0.62,None
PLT-1645,2026-03-21,C,Burera,pea,Local,loamy,5.65,29.6,31.3,35.7,208.0,52.1,1.03,Urea
PLT-1646,2024-03-07,A,Ngoma,sweet_potato,Local,sandy,6.66,21.0,20.2,35.6,551.0,41.8,3.42,None
PLT-1647,2026-08-27,C,Rusizi,irish_potatoes,Kirundo,loamy,4.72,102.8,89.8,119.4,543.1,30.6,6.85,NPK 17-17-17
PLT-1648,2026-11-26,C,Gasabo,sweet_potato,Improved,sandy,6.97,36.4,45.1,75.6,401.0,33.2,5.15,DAP+Urea
PLT-1649,2025-11-11,B,Rwamagana,sunflower,Local,sandy,7.74,53.6,49.7,50.5,239.9,46.0,1.28,NPK 17-17-17
PLT-1650,2026-12-21,B,Rulindo,wheat,Local,loamy,5.75,53.9,39.6,24.1,275.0,69.0,1.34,DAP+Urea
PLT-1651,2025-01-04,A,Rulindo,pea,Improved,clayey,6.12,13.2,15.8,16.3,580.0,36.2,0.54,None
PLT-1652,2025-12-06,A,Gicumbi,tomatoes,Local,loamy,6.59,48.6,38.9,61.0,120.3,60.3,7.63,Manure
PLT-1653,2026-10-07,A,Kirehe,sugarcane,Local,loamy,7.28,103.2,51.3,78.2,336.7,65.6,38.66,NPK+Manure
PLT-1654,2024-11-27,B,Gicumbi,barley,Improved,sandy,6.22,51.2,32.2,31.5,129.5,55.8,1.29,Manure
PLT-1655,2025-12-03,B,Nyarugenge,tomatoes,Local,loamy,7.07,53.8,55.0,53.8,529.8,49.2,8.42,Manure
PLT-1656,2025-05-02,A,Rulindo,corn,Local,loamy,6.96,35.2,25.3,25.1,378.3,59.5,0.82,None
PLT-1657,2024-09-23,B,Nyagatare,sorghum,Local,sandy,7.65,31.6,35.3,31.9,399.3,69.0,0.86,DAP+Urea
PLT-1658,2024-05-17,B,Gasabo,soybean,Local,clayey,5.77,46.9,45.1,57.9,137.0,61.9,1.01,NPK+Manure
PLT-1659,2026-06-28,B,Gasabo,soybean,Local,loamy,6.68,33.4,35.0,37.1,518.2,49.9,0.83,Manure
PLT-1660,2025-12-03,C,Nyamagabe,rice,Kigori,loamy,6.79,61.5,31.7,32.0,402.6,69.2,2.21,Urea
PLT-1661,2025-04-16,B,Gatsibo,corn,Hybrid WH,sandy,5.48,93.2,56.9,51.5,537.9,69.2,2.17,DAP+Urea
PLT-1662,2025-03-20,B,Ruhango,cassava,Gisari,sandy,6.49,20.2,13.6,40.1,558.0,56.2,6.04,None
PLT-1663,2025-07-15,A,Musanze,corn,Kigega,loamy,6.07,72.7,55.4,57.2,364.7,52.1,2.09,NPK+Manure
PLT-1664,2025-01-03,A,Nyagatare,sweet_potato,Improved,loamy,5.51,42.1,44.3,80.3,345.8,63.5,6.77,NPK 17-17-17
PLT-1665,2024-12-05,A,Gatsibo,corn,Hybrid WH,clayey,5.14,41.4,19.2,21.7,161.0,46.7,0.97,None
PLT-1666,2025-12-19,C,Rwamagana,rice,Zhongeng,clayey,5.5,46.4,20.9,22.1,339.9,37.9,1.53,None
PLT-1667,2026-05-25,B,Nyanza,sugarcane,Improved,loamy,7.06,30.4,26.0,42.8,471.5,55.0,17.34,None
PLT-1668,2024-07-02,A,Bugesera,sugarcane,Improved,loamy,7.71,60.7,42.7,54.3,146.4,51.8,21.78,Urea
PLT-1669,2026-07-01,A,Nyagatare,groundnut,Improved,loamy,7.37,27.2,45.3,38.5,326.7,43.7,0.69,NPK+Manure
PLT-1670,2026-10-21,A,Gicumbi,barley,Improved,loamy,7.11,44.5,26.8,36.4,444.8,63.9,1.3,DAP+Urea
PLT-1671,2024-01-15,A,Gasabo,sweet_potato,Local,sandy,7.26,35.4,29.8,64.8,478.8,65.6,3.26,Manure
PLT-1672,2026-08-21,A,Burera,barley,Local,sandy,5.58,29.5,23.2,15.5,542.2,62.9,0.5,None
PLT-1673,2026-03-28,A,Huye,sugarcane,Local,alluvial,5.36,75.6,43.8,66.4,382.7,59.8,22.59,Manure
PLT-1674,2025-06-09,C,Karongi,coffee,Improved,loamy,4.73,50.6,28.0,66.6,248.0,36.8,0.46,Urea
PLT-1675,2024-04-26,A,Huye,coffee,Improved,loamy,4.81,35.5,13.0,45.6,306.3,45.1,0.29,None
PLT-1676,2025-04-19,C,Gasabo,beans,Climbing,loamy,5.18,36.3,46.3,47.2,177.4,37.3,0.62,DAP+Urea
PLT-1677,2025-12-13,B,Gatsibo,rice,Zhongeng,clayey,6.74,66.7,27.9,35.2,477.2,60.9,2.44,Urea
PLT-1678,2026-09-19,A,Burera,beans,Climbing,loamy,6.24,36.1,38.0,40.0,362.5,42.5,0.9,NPK 17-17-17
PLT-1679,2025-12-23,C,Nyagatare,rice,Intsindagirabigega,clayey,6.68,82.4,37.5,25.5,373.9,65.9,3.21,Manure
PLT-1680,2025-07-26,C,Musanze,irish_potatoes,Cruza,clayey,4.8,99.6,74.7,122.2,301.6,41.9,6.99,NPK 17-17-17
PLT-1681,2025-10-10,B,Gisagara,cassava,Gahene,clayey,4.58,58.3,28.4,82.7,485.4,57.6,12.16,NPK+Manure
PLT-1682,2024-07-19,B,Rulindo,barley,Improved,clayey,7.2,65.2,45.8,41.6,297.5,48.4,1.69,NPK+Manure
PLT-1683,2025-02-18,B,Bugesera,sunflower,Improved,sandy,6.81,33.3,34.4,41.3,182.3,63.1,1.22,Urea
PLT-1684,2024-06-18,A,Nyabihu,tea,Local,clayey,4.03,67.9,29.1,52.3,572.1,50.4,1.1,Urea
PLT-1685,2024-08-20,B,Ngoma,sunflower,Improved,sandy,6.42,48.2,54.9,49.9,292.3,49.6,1.57,NPK+Manure
PLT-1686,2025-06-21,B,Nyagatare,sunflower,Local,sandy,5.98,45.1,48.2,54.5,123.0,62.7,1.3,NPK+Manure
PLT-1687,2025-01-01,B,Ngoma,soybean,Improved,clayey,6.56,40.3,53.1,51.9,547.4,34.0,0.92,NPK+Manure
PLT-1688,2025-01-03,B,Bugesera,groundnut,Local,sandy,6.78,12.2,20.1,12.2,200.7,31.5,0.39,None
PLT-1689,2024-04-18,B,Bugesera,sunflower,Improved,sandy,5.63,53.1,46.2,57.1,146.5,45.3,1.25,NPK 17-17-17
PLT-1690,2024-09-21,A,Nyamagabe,coffee,Improved,clayey,6.13,32.1,14.4,32.8,467.9,49.6,0.42,None
PLT-1691,2025-03-01,B,Gasabo,banana,Local,alluvial,6.94,70.5,25.1,91.1,332.8,53.1,6.89,DAP+Urea
PLT-1692,2026-06-14,A,Gicumbi,barley,Local,clayey,7.29,19.6,19.1,18.0,484.0,67.7,0.67,None
PLT-1693,2025-01-18,B,Gatsibo,cotton,Local,clayey,7.6,52.3,36.9,31.1,549.4,56.5,0.79,Manure
PLT-1694,2026-07-16,B,Kirehe,groundnut,Improved,loamy,5.35,14.6,22.8,16.6,263.7,65.4,0.22,None
PLT-1695,2024-07-08,B,Nyaruguru,rice,Kigori,alluvial,6.43,64.2,32.8,37.6,207.5,63.7,3.28,Manure
PLT-1696,2024-01-10,B,Nyamagabe,soybean,Local,loamy,6.13,25.3,32.0,33.1,522.5,66.0,0.94,DAP+Urea
PLT-1697,2025-02-08,C,Gasabo,sweet_potato,Local,sandy,6.01,20.0,20.6,43.6,188.1,55.5,1.87,None
PLT-1698,2026-05-03,A,Rutsiro,irish_potatoes,Kinigi,loamy,4.98,30.9,42.8,62.7,273.5,43.6,3.65,None
PLT-1699,2024-11-26,B,Nyaruguru,tomatoes,Local,loamy,7.41,40.0,24.9,42.8,287.8,37.7,4.87,None
PLT-1700,2025-08-01,C,Muhanga,sweet_potato,Local,loamy,6.51,36.7,36.7,71.4,352.8,40.2,4.57,DAP+Urea
PLT-1701,2024-04-25,A,Nyamasheke,corn,Kigega,loamy,5.22,33.6,28.2,15.2,258.8,34.5,1.2,None
PLT-1702,2024-09-06,A,Gakenke,barley,Improved,sandy,6.59,44.6,27.7,32.1,507.2,48.9,1.02,DAP+Urea
PLT-1703,2024-05-10,C,Nyanza,beans,Climbing,clayey,6.68,12.4,19.0,18.2,241.1,34.5,0.32,None
PLT-1704,2025-02-10,A,Gicumbi,wheat,Improved,loamy,6.28,37.2,17.7,17.1,301.9,58.9,0.5,None
PLT-1705,2025-10-14,A,Musanze,barley,Local,loamy,6.6,46.4,26.8,26.6,507.1,43.6,1.11,Manure
PLT-1706,2025-03-27,B,Rwamagana,groundnut,Improved,sandy,7.46,14.7,22.3,16.0,228.9,66.5,0.35,None
PLT-1707,2024-03-26,A,Nyanza,banana,Improved,alluvial,6.82,95.0,38.9,165.5,490.1,32.8,9.84,DAP+Urea
PLT-1708,2024-06-14,B,Gatsibo,cassava,Ndamirabana,clayey,7.15,45.1,24.0,68.7,504.3,50.2,6.52,Urea
PLT-1709,2025-01-28,B,Muhanga,coffee,Local,loamy,5.77,54.5,37.5,87.2,522.7,41.7,0.86,NPK+Manure
PLT-1710,2026-03-26,B,Kayonza,sorghum,Improved,sandy,5.32,28.9,18.5,16.1,234.7,48.9,0.46,None
PLT-1711,2024-05-18,A,Kirehe,cotton,Local,alluvial,5.39,66.9,51.6,49.8,389.1,54.3,1.21,NPK+Manure
PLT-1712,2025-09-16,B,Nyaruguru,sugarcane,Local,alluvial,7.45,105.6,47.6,80.6,581.4,37.9,44.22,NPK 17-17-17
PLT-1713,2026-03-07,C,Ruhango,tomatoes,Local,clayey,5.8,53.3,38.9,51.6,100.9,43.1,8.49,Urea
PLT-1714,2025-08-05,A,Kicukiro,sweet_potato,Local,sandy,6.78,30.0,27.0,68.4,180.4,50.8,3.85,DAP+Urea
PLT-1715,2025-07-03,B,Ngoma,sorghum,Improved,clayey,6.22,42.9,26.0,30.6,585.0,35.3,0.97,DAP+Urea
PLT-1716,2026-01-28,B,Gasabo,soybean,Improved,loamy,5.25,47.5,47.4,46.7,583.4,38.6,0.73,DAP+Urea
PLT-1717,2026-02-11,A,Rwamagana,sweet_potato,Improved,sandy,5.33,37.0,34.4,69.0,558.1,44.9,4.87,Manure
PLT-1718,2025-08-03,C,Musanze,pea,Improved,loamy,5.43,12.8,21.7,17.5,254.7,37.5,0.44,None
PLT-1719,2026-03-03,A,Ngoma,cotton,Improved,clayey,6.81,81.0,52.6,57.5,159.4,34.5,1.44,NPK 17-17-17
PLT-1720,2025-01-01,B,Huye,coffee,Improved,loamy,5.66,38.0,29.2,61.3,560.8,45.8,0.49,Manure
PLT-1721,2025-05-15,A,Gisagara,sugarcane,Local,alluvial,7.15,84.6,46.2,64.6,111.3,44.2,35.19,DAP+Urea
PLT-1722,2025-06-25,C,Rutsiro,tea,Local,loamy,4.82,50.7,37.4,71.7,265.7,36.4,1.03,Urea
PLT-1723,2026-05-16,B,Rulindo,pea,Local,loamy,5.84,43.8,41.0,47.2,525.6,65.7,1.21,DAP+Urea
PLT-1724,2024-11-09,B,Gatsibo,sunflower,Improved,sandy,7.51,42.0,34.7,35.8,226.1,33.2,0.91,Manure
PLT-1725,2024-05-23,B,Gicumbi,tomatoes,Local,sandy,6.99,24.9,34.0,43.8,117.9,65.4,3.68,None
PLT-1726,2025-03-15,A,Gicumbi,irish_potatoes,Cruza,sandy,5.19,105.5,88.1,116.3,159.4,66.7,7.67,NPK 17-17-17
PLT-1727,2026-04-21,C,Huye,soybean,Improved,clayey,6.63,37.5,45.6,35.9,129.8,41.9,0.78,Manure
PLT-1728,2025-01-06,B,Rubavu,corn,Hybrid WH,loamy,6.1,90.1,58.1,51.9,491.1,57.2,2.3,NPK 17-17-17
PLT-1729,2024-04-26,A,Nyabihu,beans,Mutiki,clayey,5.07,33.0,25.1,33.9,208.0,51.7,0.53,Urea
PLT-1730,2025-05-05,A,Rulindo,barley,Local,clayey,6.89,44.4,32.3,27.7,189.2,67.4,0.94,Manure
PLT-1731,2024-02-22,B,Rubavu,cassava,Ndamirabana,loamy,5.78,51.5,28.7,72.9,116.5,49.2,16.2,DAP+Urea
PLT-1732,2026-01-27,B,Nyarugenge,soybean,Improved,loamy,6.51,37.6,52.3,50.4,361.6,63.0,1.28,DAP+Urea
PLT-1733,2025-01-27,B,Kayonza,sorghum,Local,loamy,5.54,36.0,28.1,36.9,584.2,62.7,0.93,Urea
PLT-1734,2024-07-05,A,Burera,pea,Improved,clayey,6.74,22.9,17.7,19.1,324.0,60.1,0.46,None
PLT-1735,2025-12-12,B,Rutsiro,cassava,Gisari,clayey,4.59,55.8,31.9,80.6,148.6,58.3,11.13,NPK+Manure
PLT-1736,2024-06-16,B,Gasabo,rice,Kigori,alluvial,6.56,48.2,18.5,18.4,491.7,64.7,1.3,None
PLT-1737,2024-04-11,C,Nyanza,rice,Intsindagirabigega,clayey,6.76,96.1,37.9,36.8,543.6,41.8,4.51,DAP+Urea
PLT-1738,2024-11-24,A,Rutsiro,cassava,Gahene,loamy,4.84,50.0,30.6,82.2,507.2,37.5,11.89,DAP+Urea
PLT-1739,2025-05-09,B,Bugesera,sugarcane,Improved,clayey,5.01,78.9,35.5,56.4,101.3,53.4,25.44,DAP+Urea
PLT-1740,2025-01-13,A,Rwamagana,beans,Climbing,sandy,7.42,43.1,41.3,40.5,518.7,39.7,0.71,NPK+Manure
PLT-1741,2024-05-12,A,Burera,irish_potatoes,Kinigi,sandy,6.34,106.7,74.5,140.0,587.6,61.2,9.45,NPK 17-17-17
PLT-1742,2026-08-24,A,Gatsibo,sunflower,Local,loamy,6.89,36.0,35.8,40.7,380.0,32.0,1.03,DAP+Urea
PLT-1743,2026-08-13,B,Karongi,cassava,Gisari,loamy,6.33,56.9,32.7,76.1,544.0,41.4,14.84,NPK+Manure
PLT-1744,2024-04-03,B,Kayonza,sorghum,Improved,sandy,7.32,45.2,33.1,26.0,366.9,32.7,0.88,Manure
PLT-1745,2024-08-16,C,Rubavu,tea,Improved,clayey,4.26,91.5,41.4,94.0,290.4,32.0,1.28,DAP+Urea
PLT-1746,2024-09-02,C,Gakenke,pea,Improved,clayey,6.57,44.9,36.5,41.5,370.9,30.1,1.06,NPK+Manure
PLT-1747,2024-03-02,B,Gatsibo,sunflower,Improved,sandy,7.13,36.9,43.6,33.7,292.3,50.5,1.11,DAP+Urea
PLT-1748,2024-02-23,A,Gatsibo,sweet_potato,Improved,loamy,7.13,32.2,31.9,53.6,443.3,39.0,4.29,Manure
PLT-1749,2025-10-04,B,Kicukiro,rice,Intsindagirabigega,loamy,6.57,102.9,46.3,47.4,135.5,45.6,3.21,DAP+Urea
PLT-1750,2026-02-16,A,Ngoma,groundnut,Local,sandy,7.4,33.5,38.0,46.2,131.1,60.4,0.77,DAP+Urea
PLT-1751,2025-09-16,B,Nyamagabe,sugarcane,Improved,alluvial,5.6,97.5,51.6,78.8,427.8,30.0,46.5,NPK+Manure
PLT-1752,2024-01-11,B,Musanze,wheat,Local,clayey,7.5,46.1,36.2,37.4,193.1,54.6,0.79,Urea
PLT-1753,2025-09-25,A,Kamonyi,beans,Climbing,loamy,7.41,25.1,32.1,28.3,260.7,45.5,0.48,DAP+Urea
PLT-1754,2025-12-19,A,Gakenke,tomatoes,Improved,clayey,5.68,71.7,38.0,62.0,394.6,40.0,6.56,Manure
PLT-1755,2025-07-27,B,Nyamasheke,irish_potatoes,Kinigi,sandy,6.28,85.0,73.7,107.4,580.3,31.1,6.61,Manure
PLT-1756,2024-07-03,C,Gicumbi,irish_potatoes,Kirundo,sandy,5.76,32.7,45.1,39.2,574.2,68.9,4.3,None
PLT-1757,2024-08-16,C,Musanze,pea,Local,clayey,5.11,37.2,37.1,31.4,397.7,39.1,0.82,Manure
PLT-1758,2024-09-04,B,Rubavu,tea,Local,clayey,5.37,65.0,30.1,54.9,203.1,45.6,0.92,Manure
PLT-1759,2024-10-03,C,Kamonyi,coffee,Local,clayey,6.65,67.7,40.8,84.0,406.4,56.3,0.74,NPK 17-17-17
PLT-1760,2025-01-28,A,Nyagatare,cotton,Local,loamy,6.27,71.7,59.5,57.8,566.8,40.1,1.16,NPK 17-17-17
PLT-1761,2026-11-28,A,Nyabihu,irish_potatoes,Kinigi,sandy,5.01,94.8,80.6,126.0,372.4,39.1,9.01,NPK 17-17-17
PLT-1762,2026-03-25,A,Kirehe,sorghum,Local,sandy,7.69,52.2,47.0,37.0,352.9,56.9,1.13,DAP+Urea
PLT-1763,2026-12-16,B,Gasabo,banana,Local,alluvial,7.08,90.3,46.0,171.9,354.3,37.3,8.32,DAP+Urea
PLT-1764,2024-10-21,C,Kicukiro,rice,Kigori,alluvial,5.08,82.8,44.6,40.2,167.7,30.2,2.53,NPK+Manure
PLT-1765,2025-05-17,B,Ruhango,cassava,Gisari,loamy,7.49,51.1,27.8,83.7,264.0,38.5,11.29,DAP+Urea
PLT-1766,2026-04-22,A,Kicukiro,corn,Hybrid WH,sandy,7.58,72.8,37.8,33.4,140.2,51.4,1.26,Manure
PLT-1767,2025-03-21,B,Rusizi,banana,Improved,loamy,7.42,59.7,34.1,137.5,264.3,62.2,6.29,Urea
PLT-1768,2025-09-04,A,Nyagatare,sugarcane,Improved,clayey,5.79,81.0,44.1,51.5,144.6,34.6,28.46,Urea
PLT-1769,2024-08-23,C,Rulindo,pea,Local,loamy,5.43,20.7,22.8,21.9,109.4,69.7,0.39,None
PLT-1770,2026-10-10,B,Muhanga,banana,Local,alluvial,5.14,53.9,31.6,113.5,286.7,43.0,4.95,Manure
PLT-1771,2024-11-19,B,Musanze,pea,Improved,loamy,6.9,46.7,46.5,43.8,111.6,43.8,1.15,NPK 17-17-17
PLT-1772,2026-04-16,A,Rulindo,tea,Improved,loamy,5.02,57.9,29.4,59.9,507.7,49.5,0.91,Urea
PLT-1773,2024-09-26,B,Ngoma,sorghum,Local,loamy,7.22,50.3,37.8,47.1,368.8,47.4,1.23,NPK 17-17-17
PLT-1774,2026-04-16,C,Karongi,irish_potatoes,Kinigi,loamy,6.52,51.8,44.6,54.4,424.1,49.9,2.78,None
PLT-1775,2026-09-19,A,Musanze,sweet_potato,Improved,loamy,5.66,32.0,28.7,49.1,210.1,30.5,3.94,Manure
PLT-1776,2026-01-27,A,Rulindo,irish_potatoes,Kinigi,sandy,6.94,60.3,71.3,105.5,536.6,40.4,5.95,Urea
PLT-1777,2026-07-11,B,Ngoma,sugarcane,Local,clayey,6.78,82.3,46.0,58.7,128.8,45.6,37.65,Urea
PLT-1778,2024-09-17,A,Ngoma,sweet_potato,Local,loamy,6.78,40.2,41.8,75.5,194.9,64.3,7.16,NPK+Manure
PLT-1779,2025-04-18,A,Gakenke,barley,Local,loamy,7.1,40.6,24.0,27.4,341.4,41.8,0.89,DAP+Urea
PLT-1780,2026-05-22,B,Kirehe,soybean,Local,loamy,7.32,24.6,31.2,37.7,163.5,63.2,0.6,DAP+Urea
PLT-1781,2024-03-24,B,Rwamagana,sugarcane,Improved,loamy,5.39,72.0,40.6,49.3,596.1,57.3,26.67,DAP+Urea
PLT-1782,2026-04-19,A,Kamonyi,cassava,Gahene,loamy,6.77,59.4,28.5,84.6,359.9,58.6,14.83,DAP+Urea
PLT-1783,2026-12-28,A,Nyarugenge,tomatoes,Local,loamy,7.19,52.8,37.0,54.8,371.9,69.8,9.0,DAP+Urea
PLT-1784,2024-04-27,B,Rwamagana,groundnut,Improved,loamy,7.4,12.1,21.1,18.1,255.5,39.2,0.28,None
PLT-1785,2026-10-11,C,Gisagara,soybean,Improved,loamy,5.16,37.6,56.0,52.7,413.5,68.0,0.86,NPK+Manure
PLT-1786,2026-04-26,A,Nyanza,sugarcane,Local,clayey,5.64,52.1,27.9,43.3,558.5,47.1,20.08,None
PLT-1787,2025-05-24,B,Karongi,corn,Kigega,clayey,5.28,69.5,36.5,31.7,569.6,61.1,1.53,Manure
PLT-1788,2024-08-20,A,Musanze,barley,Improved,sandy,5.86,65.1,41.2,42.3,565.4,60.7,1.42,NPK+Manure
PLT-1789,2025-03-13,A,Kamonyi,corn,Local,alluvial,6.21,76.6,45.1,56.3,470.4,31.3,2.11,NPK+Manure
PLT-1790,2024-10-06,A,Karongi,coffee,Improved,clayey,4.86,26.0,17.9,36.6,176.8,38.9,0.38,None
PLT-1791,2024-05-22,B,Kicukiro,banana,Local,clayey,7.38,87.5,38.1,136.8,168.9,44.2,6.15,NPK 17-17-17
PLT-1792,2024-05-02,B,Huye,banana,Local,clayey,6.65,74.2,34.0,116.8,283.1,62.7,6.09,Manure
PLT-1793,2026-06-14,A,Gatsibo,sunflower,Improved,loamy,7.93,46.0,49.4,52.5,457.0,53.0,1.15,NPK 17-17-17
PLT-1794,2025-01-25,A,Bugesera,cassava,Ndamirabana,sandy,5.51,57.1,28.5,84.6,284.2,57.9,14.25,NPK 17-17-17
PLT-1795,2025-04-03,B,Nyamasheke,tea,Local,clayey,4.39,46.7,13.3,27.2,550.9,35.1,0.55,None
PLT-1796,2026-06-02,A,Gakenke,sweet_potato,Local,sandy,5.05,39.3,44.4,90.8,280.3,69.0,4.89,DAP+Urea
PLT-1797,2025-12-01,B,Burera,tomatoes,Improved,sandy,7.06,82.8,60.7,85.8,581.4,32.3,9.51,NPK+Manure
PLT-1798,2025-07-12,B,Gasabo,banana,Local,loamy,6.65,91.1,45.1,175.8,563.2,36.8,9.24,NPK+Manure
PLT-1799,2026-07-02,C,Gisagara,soybean,Improved,clayey,5.71,31.6,38.3,40.3,481.1,69.2,0.85,Manure
PLT-1800,2026-05-01,B,Gakenke,barley,Local,clayey,7.33,37.0,28.3,29.0,468.0,41.1,1.16,DAP+Urea
PLT-1801,2025-05-14,C,Nyarugenge,rice,Kigori,alluvial,7.34,61.7,32.2,24.9,575.3,33.4,2.56,Manure
PLT-1802,2026-02-14,B,Burera,irish_potatoes,Kinigi,loamy,6.61,35.1,30.5,67.2,473.3,50.2,3.9,None
PLT-1803,2025-08-15,B,Muhanga,corn,Hybrid WH,alluvial,7.23,33.6,24.5,23.4,140.2,42.8,0.62,None
PLT-1804,2026-05-27,B,Kirehe,groundnut,Improved,sandy,5.86,22.4,26.0,31.3,356.6,48.6,0.61,Manure
PLT-1805,2025-03-22,C,Nyarugenge,tomatoes,Local,clayey,7.28,49.2,51.3,73.3,320.1,45.1,7.48,Urea
PLT-1806,2025-12-07,C,Bugesera,sweet_potato,Improved,sandy,6.38,27.0,32.8,55.0,208.5,31.3,5.51,Urea
PLT-1807,2024-01-22,B,Nyagatare,sunflower,Local,loamy,5.65,52.8,54.7,51.4,485.8,48.5,1.26,NPK 17-17-17
PLT-1808,2024-03-27,C,Gasabo,soybean,Improved,loamy,5.3,24.5,33.5,38.9,486.0,67.1,0.62,DAP+Urea
PLT-1809,2024-12-01,A,Bugesera,sweet_potato,Improved,sandy,6.91,46.8,39.4,80.1,219.3,34.7,4.56,DAP+Urea
PLT-1810,2025-01-23,A,Gicumbi,barley,Local,sandy,5.65,44.8,28.0,29.4,437.2,46.7,0.92,Manure
PLT-1811,2025-05-12,B,Burera,beans,Mutiki,clayey,6.55,30.5,29.6,31.9,346.2,43.5,0.48,DAP+Urea
PLT-1812,2025-12-22,B,Gicumbi,pea,Improved,loamy,5.22,38.7,39.0,38.1,330.5,43.6,1.03,DAP+Urea
PLT-1813,2024-11-18,C,Burera,pea,Local,loamy,6.93,46.6,47.3,47.5,428.7,50.2,1.33,DAP+Urea
PLT-1814,2024-02-02,C,Gisagara,coffee,Improved,loamy,4.6,32.6,21.9,25.5,371.7,48.7,0.28,None
PLT-1815,2024-12-26,B,Rutsiro,irish_potatoes,Kirundo,loamy,6.49,98.0,79.4,121.7,169.1,60.8,7.69,DAP+Urea
PLT-1816,2026-09-02,B,Gicumbi,pea,Improved,loamy,7.08,31.5,33.2,31.1,461.4,55.5,0.79,DAP+Urea
PLT-1817,2024-05-17,A,Burera,pea,Improved,loamy,7.2,37.6,43.0,41.8,440.7,62.4,0.81,NPK 17-17-17
PLT-1818,2026-08-20,B,Kirehe,banana,Local,loamy,5.59,85.0,43.8,173.6,368.2,48.2,9.93,NPK+Manure
PLT-1819,2025-08-13,B,Nyanza,soybean,Improved,loamy,5.61,36.1,51.9,51.9,359.4,33.4,1.24,DAP+Urea
PLT-1820,2024-06-18,A,Gatsibo,sorghum,Improved,sandy,6.87,58.7,40.0,36.3,458.9,45.2,1.48,NPK 17-17-17
PLT-1821,2025-08-28,A,Karongi,coffee,Local,clayey,5.7,46.7,32.1,55.2,310.1,51.8,0.63,Manure
PLT-1822,2026-08-08,B,Musanze,barley,Improved,loamy,6.96,22.0,19.5,14.5,406.7,40.9,0.67,None
PLT-1823,2024-09-15,B,Nyagatare,groundnut,Improved,sandy,5.32,22.0,29.4,35.4,369.5,51.0,0.4,DAP+Urea
PLT-1824,2025-02-06,A,Nyamasheke,tea,Local,clayey,5.77,56.9,25.4,61.4,355.5,62.5,1.24,Manure
PLT-1825,2024-03-17,C,Nyaruguru,coffee,Improved,clayey,6.46,37.2,31.7,48.6,146.9,62.4,0.65,DAP+Urea
PLT-1826,2025-01-24,C,Burera,irish_potatoes,Cruza,sandy,6.15,70.5,56.0,86.1,519.8,65.7,5.54,Urea
PLT-1827,2026-07-25,B,Gatsibo,cassava,Ndamirabana,loamy,7.33,52.3,33.7,80.3,578.2,57.2,11.15,NPK+Manure
PLT-1828,2025-02-15,B,Gakenke,barley,Improved,clayey,7.67,18.0,23.9,13.0,495.4,59.5,0.56,None
PLT-1829,2026-10-22,B,Gatsibo,cotton,Improved,loamy,6.19,65.6,37.0,42.7,510.4,33.1,0.96,Urea
PLT-1830,2025-04-04,A,Nyanza,banana,Local,alluvial,5.9,29.3,17.9,83.1,169.6,34.8,3.54,None
PLT-1831,2026-10-19,A,Musanze,sweet_potato,Local,loamy,5.08,26.7,26.9,58.4,186.1,65.9,3.21,Manure
PLT-1832,2024-03-09,B,Ngoma,sugarcane,Local,clayey,5.82,68.3,31.3,59.0,148.8,31.3,34.08,Urea
PLT-1833,2026-06-20,B,Kicukiro,soybean,Local,loamy,7.26,40.7,59.4,48.4,354.1,31.7,0.77,NPK 17-17-17
PLT-1834,2025-10-26,A,Gatsibo,cotton,Improved,loamy,7.22,56.7,38.9,38.1,254.6,62.7,1.06,Urea
PLT-1835,2026-08-16,A,Gakenke,barley,Local,sandy,6.09,62.6,45.5,47.2,233.9,64.4,1.49,NPK 17-17-17
PLT-1836,2025-08-07,B,Nyagatare,sorghum,Local,clayey,6.71,43.3,25.2,29.6,287.9,59.2,0.81,Manure
PLT-1837,2025-08-01,A,Karongi,cassava,Gisari,clayey,6.46,35.8,23.7,69.4,349.3,39.6,12.67,Urea
PLT-1838,2026-07-24,A,Gicumbi,tea,Improved,clayey,5.27,57.6,28.5,62.6,482.8,46.6,1.14,Urea
PLT-1839,2025-06-07,B,Rusizi,irish_potatoes,Kinigi,loamy,4.54,64.4,57.0,112.0,450.8,31.6,5.87,DAP+Urea
PLT-1840,2024-09-14,B,Nyagatare,groundnut,Local,sandy,5.49,16.5,17.5,20.7,481.7,37.3,0.38,None
PLT-1841,2024-10-12,C,Kicukiro,banana,Local,alluvial,7.39,74.0,36.8,92.4,440.7,37.6,5.07,Manure
PLT-1842,2024-01-17,A,Rutsiro,beans,Climbing,loamy,5.35,17.4,17.4,18.4,271.5,43.3,0.33,None
PLT-1843,2026-03-04,B,Nyagatare,cotton,Local,alluvial,7.87,59.9,36.7,43.0,512.9,50.2,0.8,Manure
PLT-1844,2026-02-13,B,Rulindo,tea,Local,clayey,5.26,70.6,35.2,56.8,254.5,68.1,1.13,Manure
PLT-1845,2025-01-13,A,Kamonyi,corn,Hybrid WH,sandy,6.17,63.9,37.4,38.3,351.6,44.6,1.46,Urea
PLT-1846,2024-09-16,C,Ruhango,beans,Mutiki,sandy,5.47,21.2,17.1,14.3,387.3,45.0,0.22,None
PLT-1847,2024-08-12,B,Burera,wheat,Local,clayey,7.06,30.7,20.3,12.8,343.5,43.1,0.55,None
PLT-1848,2024-07-02,C,Ngororero,irish_potatoes,Kinigi,sandy,4.85,77.2,66.5,101.3,521.5,41.4,5.93,DAP+Urea
PLT-1849,2025-03-06,B,Musanze,wheat,Local,clayey,6.37,66.5,51.0,47.4,480.7,60.4,1.74,NPK+Manure
PLT-1850,2025-03-22,B,Gakenke,barley,Local,clayey,6.27,34.5,16.0,14.1,529.6,36.3,0.82,None
PLT-1851,2025-10-06,B,Gicumbi,barley,Improved,clayey,7.33,47.9,28.2,29.2,466.4,66.1,1.06,Manure
PLT-1852,2025-11-02,B,Ngoma,banana,Local,alluvial,5.08,52.2,27.0,123.9,581.2,66.6,4.73,Manure
PLT-1853,2024-01-06,A,Kayonza,sunflower,Local,loamy,6.12,36.1,32.4,32.2,495.8,44.9,1.13,Manure
PLT-1854,2025-03-14,B,Rwamagana,soybean,Improved,loamy,5.37,47.7,52.8,46.7,424.0,69.4,0.86,DAP+Urea
PLT-1855,2026-11-04,B,Kamonyi,sugarcane,Improved,alluvial,5.5,84.0,46.0,89.3,416.8,36.0,47.76,DAP+Urea
PLT-1856,2024-03-02,C,Nyanza,soybean,Local,loamy,5.07,34.8,32.3,40.2,540.0,41.1,0.65,Urea
PLT-1857,2025-05-01,B,Muhanga,tomatoes,Improved,sandy,7.24,69.1,53.2,69.7,488.8,53.6,7.94,DAP+Urea
PLT-1858,2026-06-11,B,Kayonza,cotton,Improved,loamy,5.38,66.0,32.4,45.6,318.2,66.2,0.71,Urea
PLT-1859,2026-08-14,B,Burera,tomatoes,Improved,loamy,6.42,91.3,62.8,94.1,229.8,62.3,14.47,NPK 17-17-17
PLT-1860,2025-10-18,A,Bugesera,sweet_potato,Local,sandy,6.02,44.8,45.5,95.5,369.4,69.8,5.66,DAP+Urea
PLT-1861,2024-07-14,A,Nyabihu,beans,Mutiki,sandy,5.45,28.7,33.2,31.5,535.7,35.6,0.5,DAP+Urea
PLT-1862,2024-07-13,A,Gasabo,sweet_potato,Local,loamy,5.83,15.1,19.1,27.1,157.9,56.4,1.87,None
PLT-1863,2026-06-04,A,Rutsiro,cassava,Gisari,clayey,7.45,49.5,29.4,72.9,470.6,52.5,10.5,DAP+Urea
PLT-1864,2024-09-10,C,Nyanza,coffee,Improved,loamy,6.62,38.0,27.5,57.4,531.4,56.7,0.42,Manure
PLT-1865,2026-11-28,B,Burera,tea,Local,clayey,5.83,51.6,26.1,57.7,281.0,51.5,0.98,Urea
PLT-1866,2025-08-17,B,Karongi,cassava,Gahene,clayey,4.77,54.6,32.2,93.9,503.9,64.1,13.27,NPK+Manure
PLT-1867,2024-05-10,A,Kirehe,cotton,Local,loamy,5.53,27.6,29.1,26.2,376.1,56.3,0.49,None
PLT-1868,2026-02-25,B,Kayonza,sunflower,Improved,sandy,6.7,56.5,51.9,50.1,291.6,49.5,1.38,DAP+Urea
PLT-1869,2024-10-04,B,Ngoma,groundnut,Improved,loamy,6.14,12.2,22.2,16.5,406.0,68.6,0.45,None
PLT-1870,2024-06-20,B,Ngororero,irish_potatoes,Kirundo,loamy,4.92,63.6,50.2,73.2,357.6,33.9,4.26,Urea
PLT-1871,2025-04-01,A,Burera,barley,Local,sandy,5.65,55.0,27.1,25.4,231.4,52.4,0.95,DAP+Urea
PLT-1872,2026-12-14,A,Ngoma,groundnut,Improved,sandy,6.52,25.5,32.9,33.9,413.9,39.7,0.61,Urea
PLT-1873,2026-04-15,B,Ruhango,cassava,Gisari,sandy,4.53,45.4,24.7,52.4,518.7,42.3,8.51,DAP+Urea
PLT-1874,2026-10-11,B,Nyanza,sugarcane,Local,clayey,5.3,71.9,33.7,55.3,109.7,42.4,28.9,Manure
PLT-1875,2025-06-11,B,Kamonyi,coffee,Improved,loamy,5.51,54.3,46.3,92.3,519.1,33.1,0.74,NPK+Manure
PLT-1876,2025-04-18,A,Rulindo,barley,Improved,clayey,6.08,56.7,37.0,46.8,382.8,53.6,1.62,NPK 17-17-17
PLT-1877,2026-08-21,A,Gicumbi,corn,Local,sandy,5.99,87.1,54.0,59.8,263.4,59.3,2.05,NPK 17-17-17
PLT-1878,2024-09-27,B,Gatsibo,sunflower,Local,loamy,6.13,37.3,34.6,31.2,571.0,59.1,1.12,Urea
PLT-1879,2024-08-18,B,Gakenke,tea,Improved,loamy,4.88,82.6,40.1,85.2,401.1,56.9,1.83,NPK 17-17-17
PLT-1880,2025-10-14,A,Nyarugenge,tomatoes,Local,clayey,7.45,37.1,23.1,38.2,119.9,31.5,5.16,None
PLT-1881,2024-06-23,A,Nyagatare,groundnut,Improved,loamy,6.84,23.1,31.7,32.6,152.5,37.7,0.56,Manure
PLT-1882,2026-09-06,A,Nyagatare,sunflower,Improved,sandy,6.24,52.7,55.6,46.0,136.8,41.5,1.23,NPK 17-17-17
PLT-1883,2024-02-05,B,Nyabihu,corn,Kigega,clayey,7.01,72.3,51.0,54.9,365.3,31.8,2.33,DAP+Urea
PLT-1884,2025-11-20,B,Ngoma,groundnut,Local,loamy,6.94,27.5,37.3,25.9,591.4,66.6,0.74,Urea
PLT-1885,2024-03-11,B,Karongi,corn,Local,sandy,4.82,49.9,36.8,41.2,557.9,60.3,1.28,Manure
PLT-1886,2024-09-08,A,Rulindo,wheat,Improved,sandy,7.11,72.0,58.5,44.1,462.5,44.7,1.21,DAP+Urea
PLT-1887,2026-04-15,A,Gatsibo,sorghum,Improved,loamy,5.89,45.9,40.1,36.9,297.7,57.9,1.44,NPK 17-17-17
PLT-1888,2026-11-04,C,Gisagara,sweet_potato,Improved,sandy,4.94,15.3,21.4,39.4,533.3,34.4,1.66,None
PLT-1889,2024-11-26,B,Kicukiro,tomatoes,Local,clayey,6.14,61.2,46.6,68.5,596.7,51.0,10.2,Manure
PLT-1890,2025-01-11,A,Rusizi,coffee,Improved,clayey,5.05,49.9,25.3,74.5,123.1,62.2,0.49,DAP+Urea
PLT-1891,2026-04-16,C,Gasabo,soybean,Local,clayey,5.92,30.9,42.6,40.5,149.8,35.4,0.73,Urea
PLT-1892,2025-06-16,B,Gisagara,corn,Local,loamy,5.0,46.3,23.8,23.9,482.6,60.9,1.0,None
PLT-1893,2025-10-03,B,Bugesera,sugarcane,Local,clayey,6.02,85.2,33.9,70.9,346.3,55.7,29.6,Urea
PLT-1894,2024-06-09,B,Kirehe,cotton,Improved,loamy,5.32,23.7,18.3,16.4,352.2,52.8,0.57,None
PLT-1895,2025-02-28,C,Rubavu,coffee,Improved,clayey,5.78,18.7,16.9,44.6,220.2,61.4,0.27,None
PLT-1896,2025-09-24,B,Ruhango,rice,Kigori,alluvial,6.77,46.8,17.9,22.7,285.9,41.2,1.64,None
PLT-1897,2026-08-26,B,Huye,soybean,Improved,loamy,5.74,35.8,33.3,34.7,197.3,39.7,0.82,Manure
PLT-1898,2024-03-13,C,Musanze,tea,Improved,clayey,4.06,45.8,17.8,27.2,409.3,52.0,0.56,None
PLT-1899,2024-05-03,A,Gicumbi,pea,Local,loamy,6.38,22.5,23.2,18.2,599.4,66.0,0.57,None
PLT-1900,2024-05-14,A,Bugesera,corn,Hybrid WH,clayey,5.08,85.2,53.2,53.5,245.2,55.0,2.16,NPK 17-17-17
PLT-1901,2026-01-05,A,Burera,barley,Improved,loamy,6.54,48.9,33.6,33.2,498.5,52.4,1.11,DAP+Urea
PLT-1902,2025-01-16,B,Rulindo,tomatoes,Improved,clayey,5.78,42.4,23.1,36.9,402.0,33.3,3.38,None
PLT-1903,2024-06-01,A,Rubavu,coffee,Improved,loamy,6.2,19.6,16.2,30.2,227.5,36.4,0.41,None
PLT-1904,2025-07-02,A,Burera,tomatoes,Improved,clayey,6.93,47.3,25.3,30.0,327.0,51.7,4.56,None
PLT-1905,2026-04-19,A,Huye,cassava,Ndamirabana,sandy,6.07,37.2,23.0,51.5,304.5,35.1,11.01,Manure
PLT-1906,2024-10-05,B,Kamonyi,banana,Improved,clayey,7.48,49.1,29.9,95.3,149.9,59.4,5.28,DAP+Urea
PLT-1907,2026-04-12,B,Ngororero,beans,Climbing,sandy,6.27,13.8,20.9,12.5,133.4,36.0,0.38,None
PLT-1908,2026-05-02,B,Burera,barley,Local,loamy,6.69,37.4,34.7,37.9,230.7,56.6,0.85,Manure
PLT-1909,2025-06-20,B,Gatsibo,cotton,Local,clayey,5.91,78.5,57.6,58.8,358.5,51.0,1.49,NPK+Manure
PLT-1910,2025-05-14,C,Burera,sweet_potato,Local,sandy,7.07,41.4,39.2,88.0,218.3,66.7,5.33,DAP+Urea
PLT-1911,2026-01-17,B,Gasabo,banana,Improved,loamy,5.47,66.2,32.2,139.5,323.9,40.5,5.07,Manure
PLT-1912,2025-12-13,A,Rwamagana,sunflower,Improved,loamy,5.83,54.2,57.2,48.1,575.1,34.3,1.27,NPK 17-17-17
PLT-1913,2024-08-18,C,Gasabo,soybean,Local,clayey,7.46,36.3,50.1,45.4,138.5,63.7,1.03,NPK 17-17-17
PLT-1914,2025-06-03,A,Rulindo,irish_potatoes,Kinigi,clayey,6.8,57.4,63.4,86.5,223.6,66.1,4.03,Urea
PLT-1915,2025-12-01,B,Kicukiro,banana,Improved,alluvial,7.33,79.6,47.4,142.3,223.0,58.1,8.68,NPK+Manure
PLT-1916,2026-12-28,B,Nyagatare,cassava,Gahene,loamy,5.07,49.8,33.9,76.1,524.1,45.4,12.79,NPK 17-17-17
PLT-1917,2025-11-11,C,Nyanza,beans,Bush,sandy,5.06,16.2,20.2,19.3,336.6,65.9,0.33,None
PLT-1918,2024-04-08,A,Muhanga,cassava,Gisari,loamy,5.61,47.0,32.4,73.8,536.3,46.5,14.48,NPK+Manure
PLT-1919,2026-10-15,B,Ngoma,sorghum,Improved,sandy,7.43,39.2,26.0,28.4,498.9,62.6,0.93,Manure
PLT-1920,2024-11-28,B,Rwamagana,cotton,Improved,clayey,7.27,35.1,17.4,24.5,442.4,40.1,0.37,None
PLT-1921,2025-07-23,B,Ngororero,beans,Climbing,loamy,7.3,27.9,37.9,37.7,165.4,56.2,0.36,Urea
PLT-1922,2025-05-23,B,Gicumbi,barley,Local,loamy,5.66,28.5,12.0,22.5,579.0,50.6,0.47,None
PLT-1923,2025-11-10,A,Huye,tomatoes,Improved,loamy,5.81,73.6,37.7,52.2,483.5,37.8,10.59,Manure
PLT-1924,2026-03-04,B,Kirehe,rice,Zhongeng,clayey,6.73,82.3,26.4,30.2,130.0,46.7,2.14,Manure
PLT-1925,2026-06-25,C,Nyarugenge,rice,Intsindagirabigega,loamy,6.95,64.4,31.2,27.7,489.5,44.2,2.92,Manure
PLT-1926,2025-06-05,A,Bugesera,cassava,Ndamirabana,clayey,6.43,34.1,23.5,66.2,348.9,36.1,10.51,Urea
PLT-1927,2025-09-04,A,Rulindo,pea,Local,loamy,6.68,20.5,13.5,23.6,564.7,46.1,0.52,None
PLT-1928,2025-02-13,B,Ruhango,soybean,Improved,clayey,6.76,40.2,57.1,51.1,488.1,57.4,1.18,DAP+Urea
PLT-1929,2026-05-08,B,Rulindo,irish_potatoes,Cruza,loamy,6.49,28.8,32.7,44.6,309.4,49.3,3.3,None
PLT-1930,2024-09-07,A,Nyamasheke,irish_potatoes,Kirundo,loamy,4.83,76.7,74.7,88.9,315.2,45.9,5.76,Manure
PLT-1931,2025-05-15,B,Rwamagana,sorghum,Local,clayey,7.03,58.1,39.5,42.8,372.7,44.7,1.55,DAP+Urea
PLT-1932,2024-06-17,A,Kirehe,cotton,Local,loamy,5.47,54.9,42.1,36.7,141.7,63.2,0.79,Manure
PLT-1933,2025-07-09,B,Gasabo,corn,Hybrid WH,clayey,6.0,56.8,30.8,30.8,299.8,35.3,1.58,Urea
PLT-1934,2026-03-05,C,Gakenke,pea,Local,clayey,5.06,29.9,36.0,37.5,453.6,32.1,0.72,Urea
PLT-1935,2024-08-21,B,Bugesera,beans,Mutiki,sandy,5.5,32.4,29.5,26.0,112.1,40.7,0.65,DAP+Urea
PLT-1936,2026-08-19,A,Nyaruguru,coffee,Local,clayey,5.65,56.5,47.4,87.5,117.4,57.3,1.04,DAP+Urea
PLT-1937,2025-10-23,B,Kayonza,sugarcane,Local,clayey,6.21,45.9,25.6,38.5,460.9,44.4,18.14,None
PLT-1938,2025-08-10,B,Musanze,barley,Improved,sandy,6.41,47.2,34.3,30.5,332.0,56.5,1.0,DAP+Urea
PLT-1939,2026-03-05,B,Muhanga,soybean,Improved,loamy,5.47,35.5,36.4,37.3,281.4,47.5,0.58,Urea
PLT-1940,2025-08-09,C,Huye,soybean,Local,loamy,6.29,19.5,17.5,26.7,120.5,46.1,0.53,None
PLT-1941,2026-05-22,B,Kirehe,cassava,Gisari,loamy,7.12,42.7,25.5,68.7,574.2,51.5,7.55,DAP+Urea
PLT-1942,2024-01-25,C,Gasabo,rice,Kigori,clayey,7.41,27.2,21.6,20.8,198.4,40.7,1.68,None
PLT-1943,2025-03-08,C,Karongi,irish_potatoes,Kinigi,sandy,5.11,91.4,78.5,111.1,483.0,52.6,8.01,NPK+Manure
PLT-1944,2024-12-17,A,Gakenke,pea,Improved,loamy,6.81,20.4,12.2,15.6,467.8,41.0,0.53,None
PLT-1945,2025-06-23,B,Musanze,corn,Local,loamy,7.44,68.7,34.4,37.4,417.2,53.2,1.18,DAP+Urea
PLT-1946,2025-09-12,B,Gakenke,corn,Local,alluvial,6.21,51.3,45.3,37.8,284.3,42.7,1.76,DAP+Urea
PLT-1947,2025-10-07,B,Bugesera,sunflower,Improved,loamy,6.42,31.1,46.8,42.6,138.2,57.6,1.15,Urea
PLT-1948,2024-06-09,B,Burera,barley,Improved,sandy,6.21,55.6,29.4,35.6,263.3,55.3,1.18,Urea
PLT-1949,2024-10-04,A,Kamonyi,sugarcane,Local,alluvial,5.47,81.6,45.5,78.9,219.8,57.6,36.61,NPK 17-17-17
PLT-1950,2025-04-09,B,Musanze,pea,Improved,loamy,7.12,38.5,36.9,41.0,446.8,58.6,1.02,NPK 17-17-17
PLT-1951,2025-01-21,B,Gisagara,corn,Kigega,sandy,5.75,79.9,51.8,50.4,202.0,57.2,2.34,NPK 17-17-17
PLT-1952,2026-12-10,B,Musanze,wheat,Improved,sandy,5.79,64.3,30.7,26.3,373.3,32.3,0.94,Urea
PLT-1953,2026-12-04,C,Gicumbi,irish_potatoes,Kirundo,sandy,6.89,30.0,44.6,38.8,480.4,42.3,3.44,None
PLT-1954,2026-09-07,B,Gicumbi,pea,Improved,clayey,7.4,19.5,17.5,20.6,207.4,48.4,0.27,None
PLT-1955,2025-11-20,C,Nyamagabe,sweet_potato,Local,sandy,7.02,21.1,23.3,44.0,248.9,51.7,1.5,None
PLT-1956,2025-02-12,B,Nyagatare,rice,Intsindagirabigega,alluvial,6.38,91.9,42.2,45.3,103.7,58.2,4.11,NPK+Manure
PLT-1957,2026-06-14,B,Nyanza,rice,Intsindagirabigega,alluvial,6.44,98.7,47.5,41.4,579.6,64.8,4.48,NPK 17-17-17
PLT-1958,2025-12-23,B,Gicumbi,barley,Improved,clayey,7.57,45.1,24.4,33.0,581.7,54.1,0.74,Manure
PLT-1959,2025-10-06,B,Gatsibo,sorghum,Local,clayey,5.11,54.2,39.3,39.9,319.4,39.9,1.01,NPK 17-17-17
PLT-1960,2024-10-27,B,Ngoma,soybean,Local,clayey,7.32,47.6,54.5,50.3,203.5,48.5,0.82,NPK+Manure
PLT-1961,2024-05-09,A,Bugesera,sorghum,Local,loamy,7.72,46.2,34.9,29.2,104.6,57.6,0.76,Manure
PLT-1962,2024-09-07,A,Gicumbi,beans,Climbing,sandy,6.24,27.3,26.0,26.1,195.8,51.6,0.43,DAP+Urea
PLT-1963,2025-07-02,A,Nyanza,corn,Local,sandy,6.53,66.2,41.7,35.2,439.6,59.7,1.59,DAP+Urea
PLT-1964,2026-03-20,C,Nyarugenge,soybean,Local,loamy,7.34,46.3,45.9,48.6,581.7,55.0,0.91,DAP+Urea
PLT-1965,2026-07-19,B,Nyamagabe,corn,Local,sandy,6.55,78.7,51.3,58.6,240.4,50.4,2.64,NPK+Manure
PLT-1966,2024-05-19,A,Rwamagana,corn,Local,alluvial,7.13,53.4,45.1,41.8,364.1,54.9,1.37,DAP+Urea
PLT-1967,2025-04-28,C,Nyagatare,rice,Kigori,alluvial,6.64,54.2,28.2,32.9,554.3,32.9,2.58,Manure
PLT-1968,2024-06-18,A,Nyarugenge,corn,Kigega,loamy,5.89,78.9,57.4,48.5,397.1,37.3,2.32,NPK+Manure
PLT-1969,2024-06-13,B,Musanze,irish_potatoes,Kirundo,sandy,6.51,59.8,62.9,104.6,565.2,52.0,5.47,Urea
PLT-1970,2025-03-05,B,Kayonza,sugarcane,Improved,alluvial,7.55,51.3,17.6,42.5,149.1,67.2,18.38,None
PLT-1971,2026-12-05,B,Nyaruguru,sugarcane,Local,loamy,7.77,61.1,41.0,55.8,103.7,31.7,27.36,Urea
PLT-1972,2024-07-21,B,Rubavu,tea,Improved,clayey,5.57,49.5,32.2,65.3,261.1,38.2,1.08,DAP+Urea
PLT-1973,2025-05-28,B,Gicumbi,tea,Local,clayey,5.57,58.6,26.7,61.9,355.0,58.7,1.11,DAP+Urea
PLT-1974,2026-01-17,C,Gatsibo,soybean,Improved,loamy,6.75,26.7,45.3,47.1,418.5,40.5,0.68,DAP+Urea
PLT-1975,2024-04-17,A,Musanze,wheat,Improved,sandy,6.58,68.4,45.2,46.3,296.8,34.8,1.37,DAP+Urea
PLT-1976,2026-02-05,B,Rulindo,wheat,Local,sandy,5.17,73.2,56.8,39.2,333.4,69.7,1.33,NPK 17-17-17
PLT-1977,2025-01-09,B,Bugesera,soybean,Improved,loamy,5.54,36.6,54.3,48.5,392.8,45.2,1.12,NPK+Manure
PLT-1978,2026-06-22,B,Ngoma,beans,Mutiki,clayey,6.5,41.8,46.7,43.4,377.5,33.9,0.89,DAP+Urea
PLT-1979,2025-07-01,A,Kayonza,sugarcane,Improved,alluvial,6.74,35.9,20.5,42.4,302.5,32.1,16.1,None
PLT-1980,2025-09-13,B,Gicumbi,barley,Local,sandy,6.47,34.6,15.7,12.7,362.3,48.1,0.7,None
PLT-1981,2024-01-26,B,Nyamasheke,coffee,Improved,clayey,5.75,24.9,16.8,39.9,459.0,59.6,0.44,None
PLT-1982,2024-10-02,A,Muhanga,banana,Improved,loamy,6.48,75.6,32.1,142.4,261.7,30.5,7.3,DAP+Urea
PLT-1983,2024-04-14,C,Ruhango,tomatoes,Improved,loamy,5.6,76.8,71.7,84.4,563.8,54.4,9.99,DAP+Urea
PLT-1984,2026-01-03,B,Rutsiro,irish_potatoes,Kirundo,loamy,6.38,72.2,50.3,87.8,235.6,39.3,5.57,Urea
PLT-1985,2024-05-16,B,Gicumbi,barley,Local,sandy,6.22,63.8,46.5,37.6,175.6,37.4,1.81,NPK 17-17-17
PLT-1986,2024-04-17,A,Nyarugenge,sweet_potato,Local,loamy,5.65,38.4,45.2,86.3,434.4,34.0,7.55,NPK+Manure
PLT-1987,2025-11-11,C,Kayonza,soybean,Local,clayey,5.67,39.5,52.4,45.1,187.8,49.1,1.18,DAP+Urea
PLT-1988,2024-02-15,C,Rutsiro,tea,Improved,loamy,6.11,87.8,45.1,83.9,447.7,44.9,1.44,NPK 17-17-17
PLT-1989,2024-12-10,A,Ngoma,groundnut,Improved,loamy,6.04,22.7,24.1,32.7,463.0,61.2,0.74,Urea
PLT-1990,2026-11-15,C,Nyamasheke,tea,Improved,clayey,5.12,68.8,29.4,60.7,173.3,68.6,1.17,Urea
PLT-1991,2024-10-01,A,Nyagatare,groundnut,Local,loamy,5.76,21.0,38.0,26.8,333.4,34.2,0.6,Urea
PLT-1992,2024-09-03,B,Gasabo,soybean,Improved,clayey,6.72,14.1,17.4,28.3,328.6,59.0,0.39,None
PLT-1993,2024-12-16,A,Rubavu,banana,Local,clayey,6.7,65.3,36.7,90.4,366.7,32.9,7.97,Manure
PLT-1994,2024-05-23,B,Musanze,corn,Kigega,sandy,6.94,73.4,32.5,47.0,253.1,53.6,1.55,DAP+Urea
PLT-1995,2026-09-13,A,Huye,tomatoes,Local,clayey,7.13,75.4,54.1,68.9,359.8,39.5,7.63,Urea
PLT-1996,2024-11-04,B,Kayonza,groundnut,Improved,sandy,6.23,22.4,32.7,37.7,410.3,63.9,0.66,Manure
PLT-1997,2025-03-15,A,Gicumbi,pea,Local,loamy,5.29,23.9,20.8,17.0,471.6,38.6,0.5,None
PLT-1998,2025-05-05,A,Burera,wheat,Improved,loamy,6.43,31.8,25.9,20.3,258.9,37.6,0.46,None
PLT-1999,2025-02-10,B,Ngoma,sugarcane,Local,clayey,5.62,81.0,46.0,78.4,421.7,62.1,48.38,NPK+Manure
PLT-2000,2026-03-06,B,Ngoma,groundnut,Local,loamy,6.57,13.2,16.6,17.1,171.8,59.4,0.45,None
PLT-2001,2026-05-26,A,Rulindo,wheat,Improved,loamy,6.24,61.4,37.5,28.4,293.5,61.3,1.18,Urea
PLT-2002,2025-09-11,B,Musanze,corn,Kigega,clayey,5.23,69.0,35.8,33.7,386.9,51.7,1.75,Manure
PLT-2003,2024-12-19,A,Gicumbi,tea,Improved,loamy,4.65,77.2,39.8,94.2,568.9,62.7,1.89,DAP+Urea
PLT-2004,2024-05-16,A,Ruhango,sweet_potato,Improved,loamy,5.41,46.9,46.2,86.3,344.1,35.2,7.13,DAP+Urea
PLT-2005,2025-11-17,A,Ruhango,banana,Local,loamy,5.98,67.8,28.7,125.1,291.6,32.9,5.26,Urea
PLT-2006,2026-10-14,B,Bugesera,sunflower,Improved,sandy,5.87,52.6,45.5,52.5,401.9,32.8,1.16,DAP+Urea
PLT-2007,2024-04-08,A,Bugesera,groundnut,Local,loamy,6.3,18.0,17.4,13.1,234.4,67.1,0.33,None
PLT-2008,2026-11-18,C,Nyanza,soybean,Local,loamy,5.05,24.6,42.3,39.9,401.3,63.0,0.74,DAP+Urea
PLT-2009,2026-05-18,B,Rwamagana,sorghum,Local,clayey,5.5,28.0,20.2,19.8,426.8,42.6,0.55,None
PLT-2010,2025-05-22,C,Kicukiro,sweet_potato,Improved,sandy,4.8,24.2,31.6,61.3,575.5,45.3,4.11,DAP+Urea
PLT-2011,2026-01-09,B,Gasabo,corn,Local,sandy,5.79,53.3,31.9,41.9,462.6,61.9,1.7,Urea
PLT-2012,2025-01-01,A,Gasabo,corn,Hybrid WH,loamy,7.26,89.4,55.4,57.4,123.2,30.4,1.92,NPK+Manure
PLT-2013,2026-08-28,A,Kirehe,sorghum,Local,sandy,5.59,53.2,47.2,47.6,446.7,46.4,1.16,NPK+Manure
PLT-2014,2025-06-11,B,Musanze,wheat,Improved,clayey,6.42,60.4,37.1,33.2,422.8,65.5,1.0,Manure
PLT-2015,2026-06-16,A,Musanze,wheat,Local,sandy,5.2,56.6,39.2,27.6,540.4,64.0,0.86,Manure
PLT-2016,2026-06-06,B,Gasabo,corn,Local,clayey,5.92,61.8,32.8,33.0,244.5,61.4,1.5,DAP+Urea
PLT-2017,2026-08-22,C,Kicukiro,rice,Intsindagirabigega,alluvial,7.44,80.9,24.4,26.2,565.6,35.5,1.85,DAP+Urea
PLT-2018,2026-05-06,B,Gasabo,tomatoes,Local,sandy,5.4,49.2,48.8,49.7,222.0,52.6,7.13,Manure
PLT-2019,2024-02-16,B,Burera,wheat,Local,clayey,7.21,21.9,18.8,16.1,510.2,58.4,0.57,None
PLT-2020,2026-02-22,A,Ngoma,sunflower,Improved,loamy,7.88,43.7,38.4,33.3,218.1,45.3,0.66,Urea
PLT-2021,2025-09-10,C,Gasabo,soybean,Local,clayey,5.47,13.6,21.7,26.6,111.5,42.0,0.28,None
PLT-2022,2024-12-10,A,Rwamagana,sweet_potato,Improved,loamy,5.55,36.6,46.5,76.9,261.8,30.7,5.98,NPK+Manure
PLT-2023,2026-07-28,B,Musanze,wheat,Improved,loamy,5.81,44.8,44.3,35.9,547.9,53.9,0.97,Urea
PLT-2024,2024-02-14,B,Ngoma,groundnut,Improved,sandy,5.52,29.3,46.5,39.5,375.2,49.1,0.94,NPK+Manure
PLT-2025,2025-08-17,C,Rutsiro,beans,Mutiki,sandy,7.32,45.0,46.5,41.3,517.5,36.4,0.72,NPK 17-17-17
PLT-2026,2026-09-13,A,Bugesera,sugarcane,Improved,alluvial,6.73,60.7,46.1,75.9,538.2,47.9,29.47,Manure
PLT-2027,2025-12-06,B,Nyarugenge,rice,Zhongeng,alluvial,5.7,89.3,36.6,38.4,431.6,56.0,3.49,DAP+Urea
PLT-2028,2025-03-07,A,Gasabo,sweet_potato,Improved,sandy,6.1,46.5,44.1,79.1,288.7,46.3,7.39,NPK+Manure
PLT-2029,2025-01-19,C,Rusizi,tea,Local,loamy,4.76,54.5,28.0,75.2,368.4,59.4,0.95,Urea
PLT-2030,2026-02-28,A,Burera,barley,Improved,sandy,6.03,57.9,43.5,38.7,546.4,34.0,1.81,NPK+Manure
PLT-2031,2025-02-15,C,Kamonyi,beans,Mutiki,sandy,5.66,30.3,31.7,29.1,471.7,36.2,0.53,Urea
PLT-2032,2025-12-27,B,Rutsiro,beans,Bush,sandy,5.21,17.1,15.1,20.9,371.0,43.1,0.3,None
PLT-2033,2024-12-24,A,Kirehe,sunflower,Local,loamy,7.52,46.7,35.1,41.9,294.2,66.2,0.76,DAP+Urea
PLT-2034,2025-10-18,B,Nyagatare,cassava,Gahene,sandy,6.8,45.7,33.0,90.7,420.2,52.5,14.52,NPK 17-17-17
PLT-2035,2026-09-21,C,Nyarugenge,sweet_potato,Improved,loamy,4.91,36.7,40.1,74.5,133.2,64.8,4.49,NPK 17-17-17
PLT-2036,2024-12-22,B,Rwamagana,sorghum,Improved,clayey,7.45,39.6,37.8,27.8,205.8,55.3,0.75,DAP+Urea
PLT-2037,2026-04-25,B,Nyagatare,rice,Kigori,clayey,6.28,84.9,41.0,47.8,556.3,51.7,3.65,DAP+Urea
PLT-2038,2026-06-11,C,Nyamagabe,rice,Zhongeng,alluvial,6.81,56.0,34.8,25.5,476.8,51.4,3.31,Urea
PLT-2039,2024-12-21,C,Nyamagabe,tomatoes,Improved,loamy,6.03,95.7,69.3,94.6,453.8,49.5,13.33,NPK+Manure
PLT-2040,2024-11-09,A,Musanze,barley,Improved,sandy,6.04,60.7,43.8,44.2,352.9,51.0,1.65,NPK+Manure
PLT-2041,2024-05-18,B,Rusizi,tea,Improved,clayey,5.42,74.9,46.0,78.8,386.7,58.8,1.79,DAP+Urea
PLT-2042,2024-09-05,A,Rwamagana,groundnut,Local,loamy,5.29,26.1,24.3,25.1,257.6,48.0,0.53,Manure
PLT-2043,2025-10-27,B,Rulindo,wheat,Improved,clayey,5.91,82.9,50.2,45.1,522.1,41.3,1.78,NPK 17-17-17
PLT-2044,2026-09-07,A,Gakenke,sweet_potato,Improved,sandy,5.01,17.6,16.0,36.9,477.6,48.2,2.46,None
PLT-2045,2025-12-03,A,Nyarugenge,tomatoes,Improved,sandy,6.37,26.2,22.3,41.6,458.3,57.1,4.24,None
PLT-2046,2025-02-28,B,Rulindo,wheat,Improved,loamy,6.78,61.5,42.9,27.3,475.4,47.2,1.0,DAP+Urea
PLT-2047,2026-12-06,C,Ngororero,irish_potatoes,Kinigi,loamy,5.31,105.0,88.5,109.2,252.6,61.0,9.43,NPK 17-17-17
PLT-2048,2025-12-08,A,Ngoma,sorghum,Local,loamy,5.25,21.5,23.4,22.7,103.9,47.7,0.37,None
PLT-2049,2026-02-12,B,Gicumbi,wheat,Improved,loamy,7.36,77.9,56.6,43.5,143.3,43.7,1.1,DAP+Urea
PLT-2050,2026-06-15,A,Kirehe,beans,Climbing,sandy,6.41,37.1,41.6,39.7,283.8,38.0,0.83,NPK+Manure
PLT-2051,2024-09-07,A,Kirehe,cotton,Local,loamy,6.34,61.1,35.1,30.0,160.0,52.1,0.74,Manure
PLT-2052,2024-02-11,C,Bugesera,sweet_potato,Improved,loamy,5.31,29.0,27.7,65.7,454.3,52.0,5.46,Urea
PLT-2053,2025-06-23,A,Gisagara,tomatoes,Improved,loamy,5.5,39.9,29.8,30.1,463.2,55.4,3.29,None
PLT-2054,2026-09-06,B,Nyaruguru,rice,Zhongeng,clayey,7.27,62.6,28.2,31.2,239.6,45.9,2.4,DAP+Urea
PLT-2055,2025-11-22,A,Musanze,barley,Local,sandy,7.63,46.4,33.8,30.5,192.3,47.1,0.85,Urea
PLT-2056,2026-07-23,B,Kirehe,sunflower,Improved,sandy,6.86,38.3,44.4,40.7,503.0,69.7,1.0,Manure
PLT-2057,2024-01-17,C,Nyaruguru,soybean,Local,clayey,6.87,37.2,57.5,54.4,459.1,34.9,0.97,NPK+Manure
PLT-2058,2024-01-15,B,Bugesera,soybean,Local,clayey,7.37,26.5,45.1,30.2,331.5,67.5,0.61,Manure
PLT-2059,2026-10-22,B,Bugesera,groundnut,Local,loamy,7.36,29.6,43.1,38.1,567.9,67.3,0.74,NPK 17-17-17
PLT-2060,2025-04-03,A,Gicumbi,barley,Local,clayey,5.73,58.7,43.2,38.4,420.4,40.8,1.26,DAP+Urea
PLT-2061,2024-01-17,A,Rwamagana,sunflower,Improved,loamy,7.65,37.6,31.9,37.4,448.5,44.0,0.87,Urea
PLT-2062,2024-04-14,A,Rulindo,wheat,Local,loamy,5.01,55.4,35.5,36.2,595.0,61.7,0.88,Manure
PLT-2063,2024-11-24,A,Nyarugenge,sweet_potato,Improved,loamy,5.25,37.5,46.6,86.6,271.1,69.3,5.83,NPK+Manure
PLT-2064,2024-10-12,C,Nyarugenge,tomatoes,Local,clayey,5.86,72.8,55.1,72.3,124.0,36.6,14.81,DAP+Urea
PLT-2065,2024-03-11,A,Burera,irish_potatoes,Cruza,sandy,6.64,79.9,65.7,100.3,413.1,68.2,5.43,Manure
PLT-2066,2026-10-02,A,Bugesera,sorghum,Improved,loamy,6.36,51.4,43.8,46.8,365.6,41.2,1.29,DAP+Urea
PLT-2067,2025-01-06,A,Kamonyi,coffee,Improved,clayey,5.57,47.6,31.1,72.0,313.4,40.4,0.69,Urea
PLT-2068,2026-08-28,B,Rwamagana,cotton,Local,clayey,6.27,54.1,32.8,37.0,330.6,39.6,0.87,Manure
PLT-2069,2026-12-24,A,Kirehe,beans,Bush,loamy,7.22,43.4,45.9,44.7,137.7,45.8,0.69,NPK 17-17-17
PLT-2070,2025-09-09,C,Rutsiro,tea,Local,loamy,5.23,91.5,37.9,93.2,278.8,54.2,1.66,NPK 17-17-17
PLT-2071,2024-03-05,B,Rwamagana,soybean,Local,clayey,5.85,30.9,33.0,44.4,147.2,46.8,0.73,DAP+Urea
PLT-2072,2026-03-14,C,Nyarugenge,rice,Kigori,loamy,7.36,67.0,24.6,34.6,515.0,64.3,1.95,Manure
PLT-2073,2025-02-20,B,Nyagatare,groundnut,Local,loamy,6.11,35.1,44.3,37.5,537.2,68.5,0.76,NPK+Manure
PLT-2074,2025-12-10,A,Gasabo,sweet_potato,Local,sandy,6.33,32.4,24.4,62.8,593.9,54.8,5.21,Manure
PLT-2075,2025-09-02,B,Nyamagabe,soybean,Improved,clayey,7.18,23.6,24.1,21.5,217.2,56.2,0.32,None
PLT-2076,2024-06-26,C,Nyaruguru,sweet_potato,Improved,loamy,6.06,37.7,37.7,87.0,589.3,65.5,7.5,DAP+Urea
PLT-2077,2025-09-14,B,Gakenke,irish_potatoes,Kirundo,loamy,6.2,39.8,31.2,56.7,323.7,33.7,4.08,None
PLT-2078,2024-07-16,B,Gicumbi,wheat,Improved,loamy,7.46,74.9,52.8,41.1,520.6,64.3,1.23,NPK 17-17-17
PLT-2079,2024-11-19,B,Ngoma,sunflower,Local,sandy,5.78,32.9,40.0,37.9,547.0,37.5,0.95,Urea
PLT-2080,2024-01-11,A,Kayonza,sweet_potato,Improved,loamy,4.78,22.1,14.4,44.5,443.3,68.7,1.47,None
PLT-2081,2026-04-03,B,Kicukiro,tomatoes,Local,sandy,5.53,55.1,50.5,61.7,376.8,62.6,7.46,Manure
PLT-2082,2025-08-13,A,Gatsibo,sunflower,Improved,loamy,6.3,46.6,55.3,46.5,284.6,63.2,1.63,NPK 17-17-17
PLT-2083,2025-07-18,B,Burera,irish_potatoes,Cruza,loamy,6.19,83.1,72.3,90.3,296.9,69.6,7.34,DAP+Urea
PLT-2084,2026-02-15,A,Kayonza,cotton,Local,alluvial,6.12,44.1,44.5,41.5,318.6,51.1,0.81,Manure
PLT-2085,2025-05-19,A,Nyagatare,sugarcane,Local,alluvial,7.17,107.5,47.1,75.1,287.3,33.9,41.2,NPK 17-17-17
PLT-2086,2026-10-26,A,Rulindo,corn,Kigega,clayey,6.78,68.8,41.7,34.6,275.7,65.3,1.56,DAP+Urea
PLT-2087,2024-01-18,C,Gakenke,sweet_potato,Improved,loamy,7.1,22.5,15.4,38.8,156.0,57.8,2.66,None
PLT-2088,2026-05-17,A,Gicumbi,tea,Improved,loamy,4.91,30.4,18.5,30.4,398.4,51.5,0.53,None
PLT-2089,2024-08-08,B,Gisagara,rice,Intsindagirabigega,clayey,6.39,62.6,30.0,32.8,239.1,50.3,2.83,DAP+Urea
PLT-2090,2025-05-12,B,Rusizi,irish_potatoes,Kinigi,sandy,6.58,46.6,42.0,60.3,556.9,41.2,2.65,None
PLT-2091,2025-04-22,C,Bugesera,sweet_potato,Improved,loamy,7.06,30.6,35.4,54.7,443.5,60.3,3.46,Urea
PLT-2092,2025-03-04,C,Rwamagana,beans,Climbing,loamy,6.92,36.3,33.9,24.9,503.7,37.9,0.5,Manure
PLT-2093,2024-04-18,B,Bugesera,soybean,Improved,clayey,5.7,32.7,47.3,41.8,293.4,46.3,0.78,Urea
PLT-2094,2024-05-09,A,Gakenke,barley,Local,clayey,7.65,56.8,36.1,44.3,349.1,53.4,1.03,DAP+Urea
PLT-2095,2024-02-01,A,Huye,coffee,Improved,loamy,5.87,38.6,27.4,54.9,370.5,61.9,0.71,Urea
PLT-2096,2024-11-22,A,Huye,coffee,Improved,clayey,6.35,70.6,45.2,91.8,576.7,53.9,1.0,NPK 17-17-17
PLT-2097,2024-09-20,A,Rusizi,corn,Local,sandy,6.02,75.7,33.2,44.0,477.0,52.6,1.4,Manure
PLT-2098,2026-06-23,A,Burera,barley,Local,clayey,7.87,40.2,33.7,35.0,458.0,66.5,0.86,DAP+Urea
PLT-2099,2025-05-21,B,Gakenke,corn,Hybrid WH,clayey,6.27,69.5,45.7,40.6,264.9,35.8,1.95,Manure
PLT-2100,2024-03-27,A,Ngororero,tea,Improved,clayey,4.02,61.5,31.8,53.0,331.2,49.2,0.77,Manure
PLT-2101,2026-05-05,C,Gasabo,sweet_potato,Improved,sandy,5.51,44.1,44.8,93.4,553.6,30.7,7.24,NPK 17-17-17
PLT-2102,2025-03-15,B,Gicumbi,tomatoes,Improved,clayey,6.61,51.5,41.0,50.7,495.7,60.4,8.1,Urea
PLT-2103,2026-06-16,A,Rusizi,irish_potatoes,Cruza,sandy,4.77,65.0,55.5,89.5,488.2,57.4,4.03,Manure
PLT-2104,2024-11-20,B,Kayonza,sunflower,Improved,loamy,6.72,51.3,48.4,59.8,363.1,64.7,1.18,DAP+Urea
PLT-2105,2025-11-15,A,Gakenke,corn,Kigega,loamy,6.13,57.6,31.3,32.9,538.8,33.4,1.45,Urea
PLT-2106,2024-09-06,A,Nyamasheke,corn,Kigega,clayey,6.33,54.3,34.0,35.2,426.2,41.2,1.91,Manure
PLT-2107,2025-05-06,A,Gicumbi,barley,Improved,clayey,7.84,44.8,24.2,30.4,108.4,32.1,0.76,Urea
PLT-2108,2026-08-04,C,Ngororero,beans,Mutiki,sandy,6.91,27.9,34.6,24.4,536.4,59.1,0.47,DAP+Urea
PLT-2109,2024-10-02,A,Bugesera,sugarcane,Local,loamy,6.26,70.5,46.4,59.4,362.8,41.0,32.6,DAP+Urea
PLT-2110,2026-11-21,A,Burera,wheat,Improved,loamy,6.46,51.9,30.3,28.8,283.7,48.5,1.24,Manure
PLT-2111,2024-12-27,B,Nyanza,rice,Zhongeng,loamy,5.5,70.8,36.7,30.0,377.9,54.6,2.22,DAP+Urea
PLT-2112,2026-01-16,C,Kicukiro,rice,Zhongeng,clayey,7.12,61.9,26.2,34.1,139.7,67.5,2.15,Manure
PLT-2113,2026-07-18,B,Rulindo,wheat,Local,sandy,7.24,63.9,47.0,44.7,111.0,36.2,1.24,NPK+Manure
PLT-2114,2026-09-02,A,Kirehe,sunflower,Improved,loamy,5.94,48.4,54.9,53.9,343.7,62.8,1.26,NPK 17-17-17
PLT-2115,2025-06-09,A,Muhanga,beans,Bush,loamy,6.49,38.3,39.3,36.5,244.6,36.4,0.77,NPK+Manure
PLT-2116,2025-06-13,C,Gatsibo,sweet_potato,Local,loamy,5.79,34.0,29.8,61.0,224.9,44.9,4.76,Manure
PLT-2117,2026-12-09,C,Gatsibo,sweet_potato,Improved,sandy,6.37,24.1,30.7,56.3,207.4,60.8,4.18,DAP+Urea
PLT-2118,2025-12-03,B,Kicukiro,corn,Kigega,clayey,5.43,92.4,53.8,52.5,285.6,53.5,2.66,DAP+Urea
PLT-2119,2026-05-28,A,Kicukiro,beans,Mutiki,loamy,7.23,19.8,15.0,16.0,472.0,64.9,0.29,None
PLT-2120,2025-12-09,A,Rubavu,banana,Local,alluvial,5.14,33.2,19.1,60.7,223.7,68.8,3.69,None
PLT-2121,2025-05-13,B,Rwamagana,sorghum,Improved,loamy,7.69,46.1,34.1,29.7,473.2,47.0,0.76,DAP+Urea
PLT-2122,2024-06-19,B,Nyanza,sugarcane,Improved,loamy,5.18,82.3,52.3,80.9,175.2,44.5,39.63,NPK 17-17-17
PLT-2123,2025-04-05,B,Rusizi,irish_potatoes,Cruza,sandy,6.39,82.9,80.9,135.8,247.6,66.5,7.91,DAP+Urea
PLT-2124,2024-10-19,C,Gakenke,pea,Improved,clayey,6.11,37.2,30.7,25.9,131.8,51.4,0.87,Manure
PLT-2125,2026-10-25,C,Nyabihu,coffee,Local,clayey,5.28,63.7,39.9,88.6,192.8,32.3,0.9,DAP+Urea
PLT-2126,2025-08-22,A,Burera,tea,Improved,clayey,4.13,55.8,30.1,75.5,440.4,59.5,1.06,Manure
PLT-2127,2024-06-25,C,Kicukiro,sweet_potato,Local,loamy,5.52,41.0,41.2,85.1,451.7,45.0,7.53,NPK+Manure
PLT-2128,2026-04-22,B,Burera,barley,Improved,clayey,6.6,42.1,28.1,33.7,442.4,60.7,1.28,Urea
PLT-2129,2024-03-24,A,Rulindo,tomatoes,Improved,clayey,6.54,81.7,71.8,79.1,360.0,43.8,12.16,NPK 17-17-17
PLT-2130,2026-03-15,B,Gakenke,barley,Improved,sandy,6.91,48.3,35.9,26.8,429.0,31.7,1.17,Urea
PLT-2131,2026-08-17,C,Kirehe,sweet_potato,Improved,sandy,5.93,42.5,40.2,77.8,113.7,30.4,6.39,DAP+Urea
PLT-2132,2024-11-20,C,Gakenke,tomatoes,Improved,clayey,6.03,26.2,30.2,34.5,311.6,52.5,5.38,None
PLT-2133,2024-09-22,C,Gicumbi,tea,Improved,clayey,5.76,93.8,41.8,80.3,269.6,52.1,1.41,NPK+Manure
PLT-2134,2026-09-12,A,Ngororero,coffee,Local,clayey,4.62,55.5,37.7,92.7,374.2,37.6,0.61,DAP+Urea
PLT-2135,2025-02-08,A,Kirehe,groundnut,Improved,loamy,6.02,27.4,40.6,44.8,226.8,37.7,0.99,DAP+Urea
PLT-2136,2026-08-25,A,Kayonza,banana,Improved,alluvial,6.91,72.4,25.1,134.6,553.0,45.5,6.82,DAP+Urea
PLT-2137,2024-10-12,B,Rwamagana,cassava,Gahene,clayey,6.84,52.6,34.8,86.3,204.5,67.5,15.35,NPK+Manure
PLT-2138,2026-01-23,B,Huye,sugarcane,Local,clayey,6.72,95.0,59.2,80.7,583.5,44.2,40.52,NPK 17-17-17
PLT-2139,2026-08-05,B,Kirehe,rice,Intsindagirabigega,loamy,6.86,90.2,40.7,41.4,185.7,34.8,3.95,DAP+Urea
PLT-2140,2026-06-21,B,Nyaruguru,rice,Intsindagirabigega,loamy,7.18,86.1,43.5,38.3,590.2,40.0,2.93,NPK+Manure
PLT-2141,2024-11-02,A,Gicumbi,tomatoes,Local,sandy,6.87,48.5,52.6,48.7,550.1,65.3,11.19,Manure
PLT-2142,2025-06-17,B,Burera,irish_potatoes,Kinigi,loamy,6.24,57.8,54.5,94.5,302.9,47.7,5.42,DAP+Urea
PLT-2143,2024-07-07,C,Burera,irish_potatoes,Kinigi,loamy,4.99,67.7,66.4,108.0,139.0,31.4,5.56,Manure
PLT-2144,2025-02-08,B,Rusizi,coffee,Local,clayey,6.69,61.5,43.8,89.4,451.3,43.0,0.71,NPK+Manure
PLT-2145,2025-04-07,A,Kamonyi,coffee,Improved,clayey,5.49,47.5,30.8,69.4,592.2,59.8,0.67,Manure
PLT-2146,2025-12-10,A,Kayonza,groundnut,Improved,sandy,5.17,12.6,18.1,15.1,431.3,54.3,0.25,None
PLT-2147,2026-12-19,B,Nyagatare,groundnut,Improved,sandy,6.64,19.0,35.9,26.4,495.0,55.3,0.75,DAP+Urea
PLT-2148,2024-06-12,B,Nyabihu,cassava,Gahene,sandy,6.54,15.3,15.5,33.4,545.0,49.8,5.75,None
PLT-2149,2026-04-03,A,Musanze,corn,Local,alluvial,4.78,80.7,58.2,54.3,367.6,51.1,1.78,NPK 17-17-17
PLT-2150,2024-04-17,B,Gakenke,pea,Improved,loamy,5.39,32.7,30.2,30.9,381.2,33.1,0.8,Urea
PLT-2151,2026-11-24,C,Kirehe,beans,Climbing,loamy,5.51,24.1,33.6,25.7,247.7,64.5,0.58,DAP+Urea
PLT-2152,2024-01-18,A,Gatsibo,cotton,Improved,alluvial,7.34,68.9,48.0,51.1,269.4,36.4,1.11,DAP+Urea
PLT-2153,2024-01-09,B,Rutsiro,coffee,Local,clayey,5.7,47.6,28.0,69.6,173.8,58.4,0.7,Manure
PLT-2154,2025-11-21,A,Muhanga,corn,Kigega,alluvial,4.9,50.0,34.1,30.0,211.0,65.7,1.66,DAP+Urea
PLT-2155,2024-12-24,C,Nyarugenge,sweet_potato,Improved,loamy,5.08,31.5,34.9,50.8,187.2,39.5,4.15,DAP+Urea
PLT-2156,2024-05-03,B,Burera,tomatoes,Improved,loamy,6.94,95.7,66.4,75.0,268.1,56.3,15.58,NPK 17-17-17
PLT-2157,2025-02-14,A,Bugesera,sorghum,Local,loamy,7.12,22.0,22.6,14.3,450.2,59.7,0.56,None
PLT-2158,2024-12-25,A,Musanze,wheat,Improved,clayey,5.6,71.4,57.6,47.5,477.4,69.7,1.76,DAP+Urea
PLT-2159,2024-06-14,B,Kirehe,groundnut,Local,loamy,5.17,9.4,16.0,17.3,437.0,32.9,0.32,None
PLT-2160,2026-09-15,B,Gatsibo,groundnut,Improved,sandy,5.72,19.2,36.2,29.6,341.3,62.7,0.58,DAP+Urea
PLT-2161,2026-02-05,C,Nyarugenge,sweet_potato,Local,loamy,6.25,31.6,34.6,65.2,248.3,39.7,4.22,DAP+Urea
PLT-2162,2026-04-07,A,Ruhango,sugarcane,Local,loamy,7.12,89.3,48.4,89.3,398.9,54.2,43.79,NPK+Manure
PLT-2163,2024-04-07,B,Rulindo,wheat,Local,sandy,6.88,30.1,16.4,19.6,137.6,57.1,0.63,None
PLT-2164,2026-12-09,B,Karongi,tea,Local,loamy,4.57,74.4,45.1,79.1,181.9,63.1,1.93,NPK 17-17-17
PLT-2165,2024-10-24,A,Nyarugenge,corn,Local,clayey,6.17,60.8,35.0,31.0,523.6,59.0,1.57,Urea
PLT-2166,2026-02-19,B,Kayonza,cotton,Local,alluvial,7.8,24.7,26.9,25.4,524.6,40.1,0.34,None
PLT-2167,2025-11-18,A,Nyarugenge,banana,Local,loamy,6.24,76.0,28.5,138.1,391.3,49.7,7.25,Urea
PLT-2168,2024-09-22,C,Nyaruguru,soybean,Improved,clayey,5.19,36.3,39.9,30.9,537.8,36.4,0.52,DAP+Urea
PLT-2169,2024-09-09,C,Gasabo,tomatoes,Local,loamy,5.64,56.6,54.0,58.9,314.4,41.5,6.11,Urea
PLT-2170,2026-04-01,B,Nyarugenge,beans,Bush,loamy,6.72,24.9,24.1,30.9,274.7,64.3,0.55,Manure
PLT-2171,2025-10-05,A,Musanze,tomatoes,Local,clayey,6.88,73.7,62.7,79.8,515.4,38.4,15.2,NPK+Manure
PLT-2172,2025-07-17,B,Musanze,wheat,Improved,loamy,6.19,76.4,59.8,43.4,228.5,63.1,1.46,NPK+Manure
PLT-2173,2025-09-18,A,Ngororero,irish_potatoes,Kirundo,sandy,5.92,52.2,43.0,45.7,468.3,41.2,3.97,None
PLT-2174,2026-11-19,B,Burera,beans,Mutiki,sandy,7.01,27.1,26.6,36.9,560.3,63.2,0.37,DAP+Urea
PLT-2175,2026-02-11,B,Gasabo,soybean,Local,loamy,6.45,36.9,43.3,43.3,382.2,31.1,0.86,Urea
PLT-2176,2025-10-07,C,Kicukiro,soybean,Improved,loamy,5.39,36.9,44.2,44.9,250.8,55.7,0.51,Manure
PLT-2177,2024-05-11,B,Gasabo,rice,Intsindagirabigega,clayey,5.12,41.7,18.2,19.0,517.0,66.4,1.5,None
PLT-2178,2024-10-20,B,Burera,pea,Improved,clayey,7.45,21.7,17.3,20.1,594.1,62.2,0.43,None
PLT-2179,2026-11-16,C,Gakenke,pea,Local,loamy,7.24,24.7,36.9,27.7,468.2,60.9,0.81,DAP+Urea
PLT-2180,2026-11-27,A,Karongi,irish_potatoes,Cruza,clayey,4.98,53.7,36.8,67.9,249.8,49.6,2.41,None
PLT-2181,2026-09-15,A,Musanze,wheat,Local,sandy,6.27,44.9,42.6,37.5,216.5,40.5,1.2,DAP+Urea
PLT-2182,2026-10-10,C,Nyanza,sweet_potato,Improved,loamy,7.14,38.8,42.9,77.5,437.5,62.1,5.98,DAP+Urea
PLT-2183,2026-05-11,B,Rusizi,tea,Local,clayey,4.15,46.7,23.5,45.9,327.0,65.0,0.61,None
PLT-2184,2025-10-06,B,Kayonza,soybean,Improved,loamy,5.9,36.8,45.1,33.1,184.5,37.5,0.61,Urea
PLT-2185,2025-07-23,C,Rubavu,coffee,Local,clayey,5.89,55.2,26.0,53.2,503.6,37.3,0.54,Urea
PLT-2186,2024-04-06,A,Gicumbi,barley,Local,clayey,6.46,42.3,34.7,35.6,576.4,38.2,1.21,Urea
PLT-2187,2026-06-19,B,Nyarugenge,soybean,Local,loamy,5.21,29.4,42.5,34.6,170.1,42.6,0.69,Manure
PLT-2188,2025-07-02,C,Kamonyi,tomatoes,Local,sandy,5.88,62.9,41.3,67.3,251.4,32.3,9.73,Manure
PLT-2189,2025-03-04,A,Gatsibo,cotton,Local,loamy,6.48,64.7,56.6,45.1,170.9,44.5,1.33,NPK 17-17-17
PLT-2190,2026-07-25,C,Rubavu,irish_potatoes,Kinigi,loamy,6.02,74.0,55.2,111.7,452.5,52.4,7.75,Urea
PLT-2191,2026-10-20,A,Rutsiro,corn,Local,alluvial,6.72,70.2,42.5,43.5,218.0,53.4,1.84,Manure
PLT-2192,2026-01-19,C,Kamonyi,coffee,Improved,clayey,5.5,38.3,33.3,52.7,407.6,48.8,0.61,Urea
PLT-2193,2024-01-17,C,Huye,coffee,Local,loamy,5.87,49.1,24.5,71.4,282.6,45.4,0.52,Urea
PLT-2194,2024-10-26,C,Musanze,sweet_potato,Improved,loamy,6.48,24.5,25.4,48.1,229.7,45.7,5.32,Urea
PLT-2195,2026-02-15,C,Rusizi,irish_potatoes,Kirundo,clayey,4.79,84.7,58.0,93.2,328.2,40.2,5.56,Manure
PLT-2196,2024-06-03,C,Ngororero,beans,Bush,clayey,6.31,33.7,34.7,27.6,396.9,57.1,0.64,DAP+Urea
PLT-2197,2025-03-27,B,Gicumbi,pea,Local,loamy,5.33,41.5,44.6,46.7,528.8,41.3,0.85,NPK 17-17-17
PLT-2198,2024-12-21,B,Kirehe,cotton,Improved,alluvial,6.15,51.2,35.4,41.3,315.3,32.1,0.75,Manure
PLT-2199,2026-07-18,B,Rutsiro,coffee,Improved,loamy,6.87,56.7,34.4,51.0,450.7,41.0,0.42,DAP+Urea
PLT-2200,2025-09-03,C,Musanze,sweet_potato,Local,loamy,5.41,33.5,27.8,71.3,426.8,40.1,5.4,Manure
PLT-2201,2024-07-28,B,Nyanza,cassava,Gahene,sandy,6.19,26.0,14.2,41.6,298.7,40.9,4.21,None
PLT-2202,2026-08-13,A,Musanze,pea,Improved,clayey,6.27,37.7,47.7,43.2,349.1,51.3,1.16,NPK 17-17-17
PLT-2203,2026-10-17,A,Kayonza,sorghum,Improved,sandy,5.99,31.6,29.0,33.8,391.0,60.9,1.03,DAP+Urea
PLT-2204,2025-09-10,B,Kamonyi,cassava,Gahene,clayey,6.32,59.9,31.6,78.2,401.5,44.0,17.39,NPK 17-17-17
PLT-2205,2026-05-05,A,Rubavu,coffee,Improved,loamy,5.0,66.7,38.1,79.3,295.9,57.1,0.73,DAP+Urea
PLT-2206,2025-06-15,B,Musanze,wheat,Local,sandy,6.63,47.6,31.3,25.2,157.4,36.9,1.09,Urea
PLT-2207,2024-03-10,C,Huye,banana,Improved,clayey,7.29,60.7,27.0,90.7,531.0,58.0,5.32,Manure
PLT-2208,2026-09-24,B,Kayonza,sunflower,Local,loamy,6.86,42.9,43.4,37.7,167.4,43.9,1.03,DAP+Urea
PLT-2209,2024-03-22,A,Gicumbi,tomatoes,Local,clayey,6.24,79.2,66.9,83.8,327.7,35.0,13.04,DAP+Urea
PLT-2210,2024-04-22,A,Burera,tomatoes,Local,loamy,5.95,54.3,55.4,73.2,345.7,67.0,10.22,DAP+Urea
PLT-2211,2026-02-21,B,Nyagatare,groundnut,Improved,loamy,6.71,30.2,44.9,39.6,361.1,66.2,0.83,NPK 17-17-17
PLT-2212,2025-01-03,B,Rusizi,banana,Local,clayey,5.99,65.0,31.7,97.7,213.9,63.1,6.43,Manure
PLT-2213,2024-01-16,A,Gatsibo,sugarcane,Improved,loamy,6.23,86.8,57.9,82.7,200.3,61.5,38.32,DAP+Urea
PLT-2214,2025-07-10,A,Rulindo,pea,Improved,clayey,6.7,28.4,29.0,27.1,165.4,35.0,0.75,Urea
PLT-2215,2025-09-19,C,Bugesera,soybean,Local,loamy,7.22,35.5,40.0,36.1,334.3,48.5,0.51,Manure
PLT-2216,2024-01-22,B,Nyagatare,beans,Bush,sandy,6.67,45.7,46.4,37.1,552.5,63.6,0.77,DAP+Urea
PLT-2217,2024-03-05,A,Gakenke,pea,Improved,loamy,6.04,47.0,40.4,37.9,222.1,30.8,1.42,NPK+Manure
PLT-2218,2026-09-06,A,Burera,pea,Improved,loamy,6.63,44.7,38.6,46.5,270.6,47.2,1.02,NPK+Manure
PLT-2219,2026-06-03,B,Rusizi,cassava,Gahene,clayey,5.99,42.3,23.0,50.2,194.6,40.3,8.75,DAP+Urea
PLT-2220,2024-07-07,B,Rwamagana,groundnut,Local,loamy,5.82,29.7,44.8,40.4,569.7,36.4,0.87,NPK+Manure
PLT-2221,2025-09-15,C,Kayonza,rice,Kigori,clayey,5.03,54.1,25.5,37.5,488.4,62.0,2.11,Urea
PLT-2222,2026-06-15,C,Rubavu,tea,Local,loamy,4.95,89.1,42.1,93.9,161.2,54.2,1.81,DAP+Urea
PLT-2223,2026-07-10,A,Ngoma,sorghum,Local,clayey,7.43,38.0,34.9,34.2,389.4,60.6,1.06,Urea
PLT-2224,2025-09-11,B,Gakenke,irish_potatoes,Kinigi,clayey,4.6,80.0,75.8,95.8,567.8,35.7,5.37,Urea
PLT-2225,2025-04-22,B,Rusizi,tea,Improved,clayey,5.74,66.5,34.4,53.9,448.3,45.0,1.41,Manure
PLT-2226,2025-12-13,A,Kamonyi,sweet_potato,Improved,sandy,4.82,47.9,44.6,87.5,434.2,50.0,5.83,DAP+Urea
PLT-2227,2025-01-02,B,Musanze,wheat,Local,clayey,5.15,53.4,40.2,31.3,479.7,64.0,0.9,Urea
PLT-2228,2026-05-25,A,Musanze,tea,Improved,clayey,5.68,83.5,45.8,73.5,251.9,52.5,1.8,DAP+Urea
PLT-2229,2026-02-26,B,Gicumbi,irish_potatoes,Kinigi,loamy,4.89,49.5,28.5,69.8,502.6,58.5,3.23,None
PLT-2230,2026-05-26,B,Kayonza,sunflower,Improved,loamy,5.6,18.2,15.6,25.9,593.9,61.0,0.46,None
PLT-2231,2025-11-20,B,Gatsibo,sugarcane,Local,clayey,7.7,98.7,53.7,72.9,191.2,40.5,37.37,NPK 17-17-17
PLT-2232,2025-01-22,C,Kicukiro,banana,Improved,alluvial,7.02,64.1,32.9,109.2,339.1,47.3,6.07,Urea
PLT-2233,2025-03-10,A,Bugesera,sorghum,Local,clayey,5.05,32.7,24.9,30.5,283.3,59.4,0.78,DAP+Urea
PLT-2234,2026-12-08,B,Musanze,irish_potatoes,Kinigi,loamy,6.95,41.2,44.0,61.5,513.6,33.5,2.23,None
PLT-2235,2026-08-22,B,Rutsiro,coffee,Local,clayey,6.74,65.0,43.6,73.7,140.0,47.7,0.63,NPK+Manure
PLT-2236,2025-09-08,A,Kirehe,cassava,Ndamirabana,loamy,6.47,54.4,28.6,83.0,544.0,45.0,16.65,DAP+Urea
PLT-2237,2026-09-10,B,Gakenke,pea,Improved,loamy,7.3,22.9,19.6,21.8,149.1,66.1,0.39,None
PLT-2238,2025-04-08,B,Rwamagana,groundnut,Improved,sandy,7.46,20.6,33.7,30.9,197.6,60.6,0.41,Manure
PLT-2239,2026-08-02,A,Gakenke,barley,Local,loamy,7.3,23.6,18.2,17.6,186.5,48.0,0.5,None
PLT-2240,2026-11-16,A,Kamonyi,banana,Improved,clayey,5.94,78.0,46.2,162.0,380.7,37.9,9.75,NPK 17-17-17
PLT-2241,2026-09-20,A,Nyamagabe,corn,Local,alluvial,7.01,76.6,48.2,59.2,290.0,46.3,2.08,NPK 17-17-17
PLT-2242,2025-01-27,A,Musanze,irish_potatoes,Cruza,loamy,4.7,28.3,45.7,50.0,218.4,57.7,2.18,None
PLT-2243,2025-05-01,B,Rubavu,beans,Climbing,clayey,6.49,26.1,29.9,24.6,575.9,49.5,0.51,DAP+Urea
PLT-2244,2026-07-01,B,Ngoma,groundnut,Improved,sandy,6.42,24.8,33.8,31.3,296.3,44.2,0.49,Urea
PLT-2245,2024-09-22,B,Rubavu,irish_potatoes,Kirundo,sandy,5.06,30.0,45.7,38.4,430.3,49.1,4.05,None
PLT-2246,2025-05-24,B,Bugesera,sunflower,Local,loamy,7.07,26.6,29.7,29.4,461.1,53.8,0.69,None
PLT-2247,2025-01-17,A,Bugesera,cotton,Local,alluvial,5.34,77.1,52.9,56.2,221.4,30.1,0.95,NPK 17-17-17
PLT-2248,2026-06-16,C,Rusizi,banana,Improved,alluvial,6.77,88.5,36.3,139.6,389.4,44.6,8.47,NPK+Manure
PLT-2249,2026-11-17,A,Bugesera,beans,Bush,clayey,5.43,34.3,24.0,30.0,101.4,59.6,0.37,Manure
PLT-2250,2025-09-27,A,Rulindo,pea,Local,clayey,6.3,34.4,29.9,26.2,444.2,36.1,0.89,DAP+Urea
PLT-2251,2024-11-08,B,Nyarugenge,rice,Zhongeng,alluvial,6.85,93.2,45.3,37.1,450.4,39.8,4.01,NPK+Manure
PLT-2252,2025-05-04,A,Kicukiro,beans,Mutiki,clayey,5.78,37.9,42.5,43.0,418.9,34.1,0.72,NPK+Manure
PLT-2253,2026-05-01,C,Nyabihu,beans,Bush,sandy,6.12,32.3,29.4,29.9,377.7,50.0,0.58,Manure
PLT-2254,2024-01-11,A,Kirehe,sugarcane,Improved,alluvial,6.45,61.5,39.6,50.8,209.6,68.5,26.65,Urea
PLT-2255,2024-06-15,A,Gicumbi,barley,Local,loamy,6.62,66.0,47.9,36.9,555.1,40.0,1.57,DAP+Urea
PLT-2256,2026-07-03,B,Kirehe,groundnut,Improved,sandy,5.05,34.4,45.5,45.6,373.0,31.7,0.8,NPK+Manure
PLT-2257,2026-09-09,B,Gakenke,barley,Improved,clayey,5.65,68.9,43.8,46.7,228.1,62.3,1.24,DAP+Urea
PLT-2258,2025-05-14,B,Musanze,irish_potatoes,Cruza,loamy,6.76,81.9,76.4,135.8,165.2,52.1,7.57,NPK 17-17-17
PLT-2259,2026-12-09,A,Rwamagana,cotton,Local,alluvial,7.95,71.7,50.9,47.0,304.8,41.4,1.13,NPK 17-17-17
PLT-2260,2026-10-04,A,Kayonza,sweet_potato,Improved,sandy,5.23,26.9,37.3,70.3,116.6,42.3,5.34,Urea
PLT-2261,2024-06-01,A,Burera,wheat,Local,loamy,5.47,50.6,44.4,35.5,403.2,62.8,0.82,Urea
PLT-2262,2024-05-23,B,Gatsibo,sunflower,Improved,loamy,6.29,42.9,44.7,41.7,574.7,30.8,0.85,Manure
PLT-2263,2025-04-27,A,Gatsibo,cassava,Ndamirabana,loamy,6.7,46.3,29.9,85.5,315.2,53.0,15.35,DAP+Urea
PLT-2264,2024-04-26,A,Ngoma,sugarcane,Improved,alluvial,6.72,46.8,24.3,47.7,118.6,47.0,22.34,None
PLT-2265,2024-09-03,B,Nyabihu,tea,Local,clayey,4.4,54.8,25.9,54.0,499.7,50.6,0.8,DAP+Urea
PLT-2266,2026-09-05,A,Musanze,sweet_potato,Local,sandy,5.13,35.4,27.0,73.1,138.6,58.4,3.02,Manure
PLT-2267,2026-01-13,B,Gicumbi,barley,Local,sandy,6.54,66.0,39.9,40.5,367.5,48.1,1.67,NPK 17-17-17
PLT-2268,2025-01-05,B,Kicukiro,corn,Local,alluvial,5.39,36.9,23.3,18.7,426.8,61.7,1.24,None
PLT-2269,2025-04-12,B,Nyarugenge,corn,Local,clayey,4.95,58.0,37.0,43.4,373.9,68.2,1.2,DAP+Urea
PLT-2270,2024-10-05,B,Gatsibo,sugarcane,Improved,clayey,6.32,81.3,57.3,87.0,112.2,37.6,48.86,NPK+Manure
PLT-2271,2024-08-22,A,Nyamagabe,corn,Hybrid WH,loamy,6.73,28.0,15.8,15.5,444.0,31.5,0.94,None
PLT-2272,2026-01-26,B,Ngoma,groundnut,Improved,loamy,6.11,14.7,19.5,19.4,462.5,32.4,0.42,None
PLT-2273,2024-11-18,B,Ruhango,rice,Zhongeng,alluvial,7.17,81.3,30.9,30.8,311.2,44.3,2.34,Urea
PLT-2274,2026-12-21,A,Rulindo,barley,Improved,loamy,6.96,21.8,23.8,20.3,299.4,39.2,0.69,None
PLT-2275,2025-04-04,C,Nyamasheke,irish_potatoes,Kirundo,loamy,5.11,66.3,53.1,74.0,391.5,53.2,6.37,Urea
PLT-2276,2025-01-08,C,Huye,tomatoes,Improved,loamy,5.64,85.9,65.8,81.3,312.2,36.7,10.48,NPK+Manure
PLT-2277,2026-04-21,A,Musanze,tea,Local,clayey,4.7,53.1,27.0,49.0,263.8,58.8,1.29,DAP+Urea
PLT-2278,2026-01-21,C,Rulindo,irish_potatoes,Cruza,loamy,5.95,71.4,56.0,89.2,144.8,32.4,6.25,DAP+Urea
PLT-2279,2025-12-03,A,Kayonza,cassava,Gisari,clayey,7.35,46.8,27.1,56.9,468.2,52.3,9.7,DAP+Urea
PLT-2280,2025-09-06,C,Rutsiro,irish_potatoes,Kinigi,sandy,4.87,56.4,54.3,80.6,406.4,59.2,5.53,Urea
PLT-2281,2024-06-11,B,Rusizi,corn,Local,alluvial,5.79,28.1,27.7,29.4,213.9,66.9,0.85,None
PLT-2282,2024-10-12,C,Muhanga,coffee,Local,clayey,4.7,39.8,25.1,70.8,117.7,37.1,0.43,Manure
PLT-2283,2024-11-03,C,Gasabo,sweet_potato,Local,sandy,6.51,36.0,36.1,74.0,482.0,31.7,3.79,DAP+Urea
PLT-2284,2026-06-11,B,Gicumbi,irish_potatoes,Kinigi,loamy,6.98,35.8,29.6,54.8,292.6,47.7,3.44,None
PLT-2285,2026-02-12,A,Rulindo,barley,Local,clayey,5.89,51.5,36.1,37.2,137.0,46.5,0.92,DAP+Urea
PLT-2286,2024-05-12,A,Kirehe,sweet_potato,Improved,sandy,6.67,29.7,25.2,75.0,512.6,50.9,5.62,Urea
PLT-2287,2024-11-24,B,Nyarugenge,tomatoes,Local,clayey,5.89,70.2,54.7,57.6,222.8,41.0,9.25,Manure
PLT-2288,2024-03-01,A,Rusizi,tea,Improved,clayey,5.99,55.2,31.0,51.3,479.4,58.6,0.97,Urea
PLT-2289,2025-09-13,B,Nyagatare,groundnut,Improved,loamy,6.6,22.5,33.4,26.5,367.5,30.3,0.66,Manure
PLT-2290,2025-10-02,B,Karongi,cassava,Gahene,clayey,5.72,19.8,10.0,25.4,125.6,36.9,7.63,None
PLT-2291,2025-04-18,C,Muhanga,soybean,Improved,clayey,7.0,46.4,46.9,47.0,315.2,56.2,0.84,DAP+Urea
PLT-2292,2025-07-09,A,Nyagatare,groundnut,Local,sandy,6.38,24.4,30.5,37.7,529.5,63.8,0.72,Urea
PLT-2293,2026-06-17,C,Rwamagana,beans,Bush,sandy,5.78,19.4,19.5,15.0,262.9,32.0,0.29,None
PLT-2294,2026-08-23,A,Nyarugenge,banana,Local,loamy,6.9,72.6,34.3,124.9,258.0,41.5,7.57,Manure
PLT-2295,2026-04-05,A,Nyarugenge,banana,Improved,alluvial,6.33,48.0,32.6,106.0,353.2,53.5,6.98,DAP+Urea
PLT-2296,2026-12-04,A,Gatsibo,groundnut,Local,sandy,6.8,21.4,34.0,28.7,519.0,42.1,0.69,Urea
PLT-2297,2026-07-07,B,Nyabihu,coffee,Local,clayey,5.75,52.9,37.5,70.9,123.5,65.4,0.73,Urea
PLT-2298,2026-07-01,B,Ngororero,banana,Improved,clayey,6.39,68.5,32.1,125.8,302.7,63.9,7.67,Manure
PLT-2299,2026-12-07,C,Nyamagabe,banana,Local,clayey,5.39,75.3,47.9,172.2,402.9,38.6,8.26,NPK+Manure
PLT-2300,2025-10-18,B,Gasabo,rice,Zhongeng,loamy,5.06,68.6,25.0,27.1,288.5,53.0,1.92,DAP+Urea
PLT-2301,2026-06-19,B,Ruhango,coffee,Local,clayey,5.81,37.8,27.8,54.7,505.1,39.0,0.66,Urea
PLT-2302,2026-12-19,B,Ngororero,corn,Kigega,loamy,7.13,59.9,42.6,31.0,484.5,32.0,1.81,Manure
PLT-2303,2026-08-03,B,Kayonza,sunflower,Local,loamy,7.37,20.0,22.9,21.7,224.5,36.4,0.57,None
PLT-2304,2024-11-05,B,Ngoma,groundnut,Improved,loamy,5.1,27.8,38.3,37.7,531.2,58.5,0.81,DAP+Urea
PLT-2305,2024-08-15,B,Kayonza,groundnut,Local,sandy,5.19,18.3,35.4,32.6,402.5,55.2,0.53,Manure
PLT-2306,2025-06-04,A,Rubavu,irish_potatoes,Kirundo,clayey,6.1,81.3,74.2,80.4,385.6,69.9,7.41,Manure
PLT-2307,2026-01-17,B,Nyamagabe,banana,Improved,loamy,6.33,69.3,28.9,109.6,495.3,59.6,7.47,DAP+Urea
PLT-2308,2025-02-25,A,Gasabo,corn,Local,alluvial,6.0,94.4,47.8,59.5,466.8,53.3,2.67,NPK 17-17-17
PLT-2309,2025-04-01,B,Musanze,pea,Local,clayey,6.46,37.7,32.1,24.3,180.9,36.6,0.92,DAP+Urea
PLT-2310,2024-02-21,A,Ruhango,corn,Kigega,alluvial,5.22,95.8,52.1,46.8,582.7,42.4,2.49,DAP+Urea
PLT-2311,2026-03-08,A,Rwamagana,sugarcane,Improved,alluvial,7.6,68.7,40.9,61.8,534.4,34.3,25.54,Manure
PLT-2312,2024-06-03,B,Rwamagana,banana,Improved,loamy,7.14,58.1,25.4,140.7,105.7,64.0,5.47,DAP+Urea
PLT-2313,2026-11-02,B,Gatsibo,sunflower,Local,loamy,5.61,57.4,48.2,45.2,434.5,54.5,1.29,NPK 17-17-17
PLT-2314,2025-11-19,A,Kamonyi,banana,Improved,loamy,7.0,69.0,35.3,104.8,505.2,57.8,5.34,DAP+Urea
PLT-2315,2024-05-18,B,Rwamagana,sorghum,Local,loamy,6.97,46.2,25.5,30.1,164.3,48.3,1.07,Urea
PLT-2316,2026-11-11,B,Musanze,pea,Local,clayey,7.47,41.7,46.3,43.2,442.2,32.7,1.05,DAP+Urea
PLT-2317,2025-08-10,B,Gakenke,wheat,Local,sandy,6.39,34.9,27.0,22.3,340.9,54.7,0.73,None
PLT-2318,2024-03-21,B,Gakenke,pea,Local,loamy,5.36,17.2,22.7,12.4,451.0,57.8,0.41,None
PLT-2319,2024-11-12,A,Gasabo,corn,Hybrid WH,sandy,6.15,56.4,46.7,37.0,135.2,31.1,1.63,DAP+Urea
PLT-2320,2024-02-19,B,Kicukiro,tomatoes,Local,loamy,5.78,63.3,56.9,59.6,290.7,45.2,8.43,DAP+Urea
PLT-2321,2025-03-18,A,Gatsibo,sweet_potato,Improved,loamy,5.43,36.5,26.5,62.8,498.7,67.1,3.6,Manure
PLT-2322,2025-02-22,A,Gakenke,barley,Improved,clayey,6.23,66.6,38.4,45.9,330.3,41.9,1.56,NPK+Manure
PLT-2323,2024-02-24,B,Gasabo,tomatoes,Local,clayey,6.63,64.0,36.3,57.6,397.2,52.9,8.46,Urea
PLT-2324,2025-02-11,A,Nyamasheke,irish_potatoes,Kinigi,clayey,4.94,84.7,59.8,86.9,106.9,59.8,6.08,Urea
PLT-2325,2026-08-02,A,Rulindo,barley,Local,loamy,6.33,58.9,40.2,41.1,415.6,46.8,1.53,NPK+Manure
PLT-2326,2024-11-28,C,Kicukiro,sweet_potato,Improved,sandy,6.29,29.3,26.8,70.2,595.8,33.9,4.41,Urea
PLT-2327,2025-02-08,B,Kirehe,groundnut,Local,loamy,6.81,9.8,16.4,13.1,145.7,57.4,0.33,None
PLT-2328,2026-02-23,A,Rulindo,tomatoes,Improved,clayey,6.67,68.0,54.6,69.3,325.0,47.8,10.26,DAP+Urea
PLT-2329,2024-09-07,C,Gakenke,tomatoes,Improved,clayey,6.58,37.3,32.1,36.3,516.0,64.8,6.63,None
PLT-2330,2025-05-08,B,Musanze,tea,Local,loamy,5.81,80.8,40.9,73.6,238.7,61.5,1.16,NPK+Manure
PLT-2331,2026-02-22,B,Burera,barley,Local,sandy,7.19,58.5,46.0,39.5,596.2,34.2,1.6,NPK+Manure
PLT-2332,2025-12-17,C,Nyagatare,rice,Intsindagirabigega,loamy,5.06,81.9,25.2,37.5,334.7,47.1,2.63,Urea
PLT-2333,2025-02-26,A,Gatsibo,sorghum,Local,loamy,7.7,26.6,18.5,23.7,178.8,48.2,0.33,None
PLT-2334,2025-04-07,C,Kicukiro,rice,Zhongeng,loamy,6.34,33.9,14.5,14.4,160.9,44.4,2.09,None
PLT-2335,2026-06-01,C,Kicukiro,sweet_potato,Improved,sandy,5.24,44.5,37.2,88.0,145.8,60.7,6.1,DAP+Urea
PLT-2336,2026-07-07,C,Gasabo,tomatoes,Improved,sandy,5.54,84.4,59.5,82.3,252.5,42.7,11.55,NPK 17-17-17
PLT-2337,2026-10-15,A,Gicumbi,pea,Improved,clayey,6.7,12.9,21.5,20.9,599.1,36.9,0.4,None
PLT-2338,2025-07-17,A,Gicumbi,sweet_potato,Local,sandy,4.91,34.1,28.3,67.3,397.9,64.1,4.15,DAP+Urea
PLT-2339,2026-04-02,C,Burera,pea,Improved,clayey,5.65,29.6,36.9,27.0,256.7,66.1,0.81,DAP+Urea
PLT-2340,2025-02-07,A,Nyarugenge,banana,Improved,alluvial,5.13,86.4,39.4,140.6,362.6,61.8,7.51,NPK 17-17-17
PLT-2341,2024-06-02,B,Musanze,pea,Local,loamy,5.85,44.8,36.5,37.3,320.3,64.0,1.17,NPK+Manure
PLT-2342,2024-06-26,B,Rulindo,wheat,Improved,loamy,6.6,64.4,56.3,45.0,593.7,41.5,1.51,DAP+Urea
PLT-2343,2026-02-21,B,Gicumbi,wheat,Improved,loamy,5.55,22.1,26.1,20.4,509.8,63.5,0.77,None
PLT-2344,2026-01-18,C,Gatsibo,soybean,Local,loamy,6.2,32.6,47.0,47.2,413.3,38.9,0.95,Urea
PLT-2345,2026-08-28,A,Nyabihu,coffee,Local,clayey,5.08,46.7,37.1,70.5,379.5,55.1,0.53,Urea
PLT-2346,2026-12-01,A,Gatsibo,banana,Improved,alluvial,5.14,73.2,37.1,154.2,465.5,55.0,7.1,NPK 17-17-17
PLT-2347,2025-09-04,B,Rulindo,tea,Improved,loamy,4.51,73.3,36.7,68.7,455.6,43.7,1.0,Urea
PLT-2348,2026-02-15,B,Kirehe,rice,Kigori,alluvial,5.25,62.3,31.5,31.2,215.9,57.2,1.82,DAP+Urea
PLT-2349,2025-05-21,A,Burera,irish_potatoes,Cruza,loamy,6.02,95.5,76.6,122.1,459.0,34.9,8.54,NPK 17-17-17
PLT-2350,2026-10-04,B,Kamonyi,coffee,Local,clayey,4.67,69.4,39.4,76.5,251.8,57.8,0.73,NPK 17-17-17
PLT-2351,2024-12-13,B,Rulindo,barley,Local,clayey,7.51,55.7,31.9,24.1,162.6,56.2,0.86,DAP+Urea
PLT-2352,2026-03-27,A,Kamonyi,corn,Kigega,loamy,5.93,91.1,58.4,47.7,176.2,35.7,2.34,NPK 17-17-17
PLT-2353,2024-03-13,A,Nyagatare,cotton,Local,clayey,7.32,49.9,38.3,36.0,281.6,55.6,0.83,Manure
PLT-2354,2026-07-03,B,Kayonza,sorghum,Improved,loamy,6.72,33.8,28.6,37.6,165.0,61.9,0.74,Urea
PLT-2355,2025-08-15,A,Gakenke,wheat,Improved,clayey,6.59,27.1,24.6,23.1,223.3,52.4,0.63,None
PLT-2356,2024-09-05,A,Ngororero,tea,Improved,loamy,5.1,72.4,25.6,66.7,191.5,47.7,1.29,Urea
PLT-2357,2026-08-09,C,Nyamagabe,coffee,Improved,clayey,6.36,48.8,30.7,56.6,355.0,31.5,0.66,Manure
PLT-2358,2024-07-09,B,Ruhango,sugarcane,Improved,alluvial,5.99,105.1,51.8,77.2,312.2,65.8,40.93,NPK 17-17-17
PLT-2359,2025-02-13,C,Nyamagabe,coffee,Local,loamy,5.07,71.7,45.1,86.8,529.8,54.4,1.04,NPK 17-17-17
PLT-2360,2024-12-22,A,Rubavu,tea,Improved,loamy,5.31,87.2,38.1,90.0,160.9,49.6,1.8,NPK 17-17-17
PLT-2361,2025-06-09,B,Gasabo,tomatoes,Improved,loamy,6.09,36.8,26.2,24.8,286.5,37.6,5.9,None
PLT-2362,2026-05-06,A,Ngororero,cassava,Gisari,loamy,6.26,35.7,26.2,51.3,236.9,46.2,11.27,DAP+Urea
PLT-2363,2026-09-08,A,Gakenke,tomatoes,Local,loamy,5.78,44.6,35.6,42.4,419.2,35.7,5.33,None
PLT-2364,2024-06-08,A,Burera,barley,Improved,sandy,6.11,62.8,47.8,39.1,361.7,36.4,1.8,NPK 17-17-17
PLT-2365,2024-12-28,A,Karongi,banana,Local,alluvial,5.8,52.5,31.8,97.6,247.8,40.1,5.7,Manure
PLT-2366,2026-04-09,C,Bugesera,sweet_potato,Improved,loamy,5.41,37.7,34.4,54.7,137.5,60.2,4.74,Urea
PLT-2367,2026-12-16,B,Musanze,tea,Improved,clayey,5.91,91.2,45.4,78.9,583.1,65.2,1.11,NPK+Manure
PLT-2368,2024-02-01,B,Rulindo,pea,Local,loamy,6.53,31.1,35.3,29.4,395.0,39.5,0.83,Manure
PLT-2369,2026-05-05,B,Rusizi,irish_potatoes,Kinigi,sandy,5.28,73.9,56.9,108.0,301.4,31.1,6.43,Manure
PLT-2370,2025-05-10,B,Kamonyi,soybean,Local,clayey,5.69,25.3,39.1,35.4,555.0,45.9,0.85,DAP+Urea
PLT-2371,2026-02-24,C,Rutsiro,coffee,Local,clayey,5.75,46.2,36.7,57.2,572.6,63.8,0.58,Urea
PLT-2372,2024-01-09,B,Rulindo,wheat,Improved,clayey,6.13,76.1,53.5,47.3,314.2,63.5,1.72,DAP+Urea
PLT-2373,2026-09-04,C,Nyanza,beans,Mutiki,loamy,5.33,18.6,14.1,15.4,378.4,54.5,0.26,None
PLT-2374,2026-12-09,B,Kayonza,sunflower,Local,sandy,6.58,33.4,32.2,40.8,141.8,32.6,0.92,Manure
PLT-2375,2026-12-12,C,Kayonza,banana,Local,loamy,5.79,74.0,43.3,159.1,253.0,42.8,10.94,NPK 17-17-17
PLT-2376,2025-06-24,B,Gakenke,wheat,Local,loamy,7.45,64.3,53.0,37.2,598.5,34.3,1.25,DAP+Urea
PLT-2377,2025-08-13,A,Kirehe,cassava,Ndamirabana,loamy,7.06,27.6,11.2,39.6,128.4,56.5,5.31,None
PLT-2378,2025-02-15,A,Kirehe,corn,Hybrid WH,loamy,7.26,70.6,46.4,36.2,171.2,50.7,1.6,Manure
PLT-2379,2024-03-07,B,Nyaruguru,coffee,Local,clayey,5.0,58.2,44.2,87.8,342.7,59.3,0.7,NPK+Manure
PLT-2380,2024-10-17,A,Ngororero,coffee,Improved,loamy,4.61,55.2,47.8,79.8,176.3,41.7,0.73,NPK 17-17-17
PLT-2381,2024-01-24,B,Ngororero,coffee,Improved,clayey,4.5,45.8,29.8,51.5,471.2,51.6,0.39,Urea
PLT-2382,2024-08-28,A,Nyamasheke,banana,Local,clayey,5.43,62.3,30.6,141.6,239.3,31.4,5.41,DAP+Urea
PLT-2383,2024-11-12,B,Rwamagana,soybean,Improved,clayey,5.51,36.5,41.3,41.6,409.2,50.6,0.95,Urea
PLT-2384,2024-07-25,A,Gisagara,tomatoes,Local,clayey,6.16,48.9,42.7,51.3,179.5,56.0,7.79,Urea
PLT-2385,2025-02-21,A,Musanze,wheat,Local,loamy,7.4,54.3,33.5,34.7,248.9,31.3,0.99,DAP+Urea
PLT-2386,2025-07-15,B,Rwamagana,cassava,Gahene,clayey,4.54,30.0,24.6,72.2,201.4,40.5,8.02,DAP+Urea
PLT-2387,2026-09-25,A,Kicukiro,corn,Kigega,loamy,7.42,85.4,45.2,59.0,251.7,45.7,2.02,NPK 17-17-17
PLT-2388,2024-06-06,C,Musanze,pea,Improved,loamy,7.25,33.2,27.5,25.0,544.3,56.0,0.78,Manure
PLT-2389,2026-09-12,B,Kayonza,cotton,Local,loamy,6.09,46.6,38.4,46.6,457.7,51.8,0.91,DAP+Urea
PLT-2390,2024-02-04,B,Rutsiro,cassava,Gahene,clayey,6.05,43.7,20.1,48.6,519.6,50.1,10.3,DAP+Urea
PLT-2391,2025-02-20,A,Kayonza,cotton,Local,alluvial,5.66,45.0,41.4,43.7,137.9,51.3,0.71,Manure
PLT-2392,2024-10-19,B,Burera,pea,Local,clayey,6.19,24.1,30.2,33.5,521.7,41.4,0.82,Manure
PLT-2393,2026-12-02,B,Rwamagana,sunflower,Local,sandy,7.91,36.9,31.0,35.3,202.9,64.4,0.96,Urea
PLT-2394,2024-10-06,B,Gicumbi,wheat,Improved,clayey,5.25,61.1,33.0,34.2,398.0,35.7,1.09,DAP+Urea
PLT-2395,2026-12-04,C,Burera,tea,Improved,clayey,4.17,96.0,46.8,76.2,101.5,43.0,1.09,NPK+Manure
PLT-2396,2024-11-16,A,Nyagatare,sweet_potato,Improved,sandy,6.49,27.4,30.8,61.2,521.5,67.9,5.27,Urea
PLT-2397,2026-08-26,A,Rulindo,barley,Local,loamy,6.67,68.8,41.1,40.3,306.1,69.0,1.69,DAP+Urea
PLT-2398,2025-03-10,B,Nyanza,tomatoes,Improved,sandy,6.86,30.2,32.2,32.2,128.4,34.6,5.65,None
PLT-2399,2024-10-16,A,Kayonza,sorghum,Improved,clayey,7.88,28.6,15.5,13.4,148.2,43.9,0.54,None
PLT-2400,2025-10-15,C,Rulindo,pea,Local,loamy,6.39,39.7,47.3,47.3,330.2,48.7,1.18,NPK+Manure
PLT-2401,2025-01-18,A,Bugesera,sweet_potato,Local,sandy,6.39,42.2,45.3,94.6,435.0,58.8,5.66,NPK 17-17-17
PLT-2402,2026-06-11,B,Burera,pea,Improved,loamy,6.93,25.3,37.2,36.0,259.0,58.0,0.99,Manure
PLT-2403,2026-08-06,B,Nyarugenge,rice,Kigori,loamy,7.2,60.1,30.7,30.1,364.6,39.3,2.33,Urea
PLT-2404,2024-03-01,A,Gicumbi,barley,Improved,sandy,6.07,50.9,26.1,31.1,186.6,32.1,0.99,DAP+Urea
PLT-2405,2024-06-15,A,Bugesera,sorghum,Improved,clayey,5.26,37.7,26.2,31.0,470.1,38.9,0.88,Manure
PLT-2406,2024-10-02,B,Nyagatare,sunflower,Improved,sandy,6.99,26.4,19.1,16.0,129.4,69.4,0.55,None
PLT-2407,2025-01-27,A,Gicumbi,barley,Local,clayey,6.48,68.4,45.6,42.5,140.1,42.0,1.56,DAP+Urea
PLT-2408,2025-01-24,A,Musanze,irish_potatoes,Kinigi,loamy,6.41,57.6,51.4,101.2,408.1,32.1,6.97,Manure
PLT-2409,2024-04-27,A,Kayonza,cotton,Improved,clayey,5.82,63.7,49.5,53.6,199.1,49.3,1.45,DAP+Urea
PLT-2410,2024-04-23,A,Gicumbi,pea,Improved,clayey,5.55,16.8,14.0,18.2,580.5,45.2,0.55,None
PLT-2411,2025-08-12,B,Gatsibo,sorghum,Improved,clayey,6.5,59.2,41.9,41.2,426.5,39.7,1.4,NPK+Manure
PLT-2412,2024-08-20,A,Musanze,barley,Improved,sandy,5.91,38.9,32.4,34.0,436.8,50.3,0.98,DAP+Urea
PLT-2413,2026-12-12,C,Rwamagana,rice,Kigori,alluvial,5.27,77.9,25.6,37.8,539.5,63.5,1.7,Manure
PLT-2414,2026-12-11,C,Nyarugenge,tomatoes,Improved,loamy,7.27,24.3,27.3,35.4,180.0,32.7,4.34,None
PLT-2415,2025-06-08,B,Rwamagana,cassava,Gahene,sandy,4.86,18.5,14.4,29.2,265.9,49.0,3.75,None
PLT-2416,2024-09-24,C,Rutsiro,irish_potatoes,Kinigi,loamy,4.78,106.5,76.8,123.6,118.2,68.6,7.37,DAP+Urea
PLT-2417,2024-07-08,B,Gakenke,tea,Improved,loamy,4.19,75.5,42.0,77.7,525.2,56.5,1.31,NPK 17-17-17
PLT-2418,2026-10-06,B,Gicumbi,wheat,Local,clayey,6.44,48.1,47.3,26.8,171.4,40.9,1.15,Urea
PLT-2419,2024-08-06,B,Gisagara,tomatoes,Local,loamy,6.32,53.7,38.4,49.5,530.1,35.7,7.58,DAP+Urea
PLT-2420,2025-11-18,B,Ngoma,groundnut,Improved,loamy,5.5,32.4,40.8,39.2,271.9,40.4,0.8,DAP+Urea
PLT-2421,2026-06-28,A,Rulindo,irish_potatoes,Kirundo,clayey,4.83,98.7,94.0,130.2,206.3,47.2,6.01,DAP+Urea
PLT-2422,2026-04-04,A,Bugesera,banana,Improved,alluvial,7.46,73.0,25.8,123.1,233.2,57.9,4.16,DAP+Urea
PLT-2423,2024-07-02,A,Rusizi,tea,Improved,clayey,4.52,58.5,26.8,55.0,306.7,34.2,1.37,Manure
PLT-2424,2026-01-11,C,Gatsibo,sweet_potato,Improved,sandy,4.97,37.5,37.1,49.0,556.3,47.6,3.38,Manure
PLT-2425,2026-05-17,A,Rwamagana,cotton,Improved,clayey,7.5,77.4,45.1,47.8,448.7,59.5,1.04,DAP+Urea
PLT-2426,2026-04-10,B,Burera,barley,Local,sandy,7.66,39.2,33.4,28.3,182.9,59.5,0.93,DAP+Urea
PLT-2427,2026-08-16,B,Gisagara,sugarcane,Local,alluvial,5.83,50.2,25.4,32.4,139.9,51.4,15.68,None
PLT-2428,2026-09-03,C,Rusizi,tea,Improved,clayey,4.63,68.1,32.9,55.2,566.6,49.2,1.06,Urea
PLT-2429,2025-05-24,A,Kayonza,cotton,Improved,clayey,7.85,69.1,55.5,51.8,438.5,61.3,1.2,NPK 17-17-17
PLT-2430,2025-12-26,C,Nyarugenge,tomatoes,Improved,sandy,7.18,48.7,51.8,68.2,333.7,67.2,8.97,Manure
PLT-2431,2026-12-05,B,Nyaruguru,cassava,Ndamirabana,clayey,5.72,32.5,25.6,75.2,331.9,48.1,9.78,Urea
PLT-2432,2024-11-24,A,Kicukiro,corn,Local,clayey,4.89,56.9,41.2,41.9,587.2,47.3,1.6,Manure
PLT-2433,2025-09-19,C,Nyanza,banana,Improved,clayey,6.21,67.9,37.7,122.6,104.5,61.4,6.22,Urea
PLT-2434,2026-06-10,C,Rulindo,tea,Local,clayey,4.75,61.9,27.7,55.8,571.9,33.7,1.19,Manure
PLT-2435,2026-01-11,C,Gasabo,soybean,Improved,clayey,6.63,13.2,19.1,16.0,580.9,68.3,0.55,None
PLT-2436,2024-08-17,A,Kayonza,groundnut,Improved,loamy,5.72,35.6,43.5,40.4,351.9,33.3,0.92,NPK+Manure
PLT-2437,2026-02-24,A,Kirehe,sweet_potato,Local,loamy,4.7,35.1,36.6,62.9,272.3,58.0,3.56,Manure
PLT-2438,2025-01-20,B,Gicumbi,wheat,Improved,clayey,5.86,76.2,55.6,46.0,319.1,43.9,1.69,NPK+Manure
PLT-2439,2024-03-21,B,Nyanza,rice,Kigori,loamy,5.94,91.2,47.0,44.0,485.7,66.1,3.35,DAP+Urea
PLT-2440,2026-11-04,A,Gicumbi,sweet_potato,Improved,loamy,6.84,29.8,34.8,73.5,178.6,36.4,3.7,Urea
PLT-2441,2025-10-09,A,Kayonza,sunflower,Improved,loamy,6.06,41.4,32.5,38.7,132.7,35.0,1.04,Urea
PLT-2442,2026-12-28,A,Muhanga,tomatoes,Improved,loamy,6.39,25.1,35.9,35.2,371.2,42.8,6.67,None
PLT-2443,2026-07-18,C,Nyanza,banana,Improved,alluvial,6.5,90.7,47.5,158.8,375.2,65.1,7.83,DAP+Urea
PLT-2444,2024-03-05,B,Gakenke,irish_potatoes,Kirundo,loamy,4.93,100.2,93.9,129.1,534.1,57.1,7.05,NPK+Manure
PLT-2445,2024-11-21,A,Kirehe,groundnut,Local,loamy,5.25,25.8,26.6,33.3,370.6,53.0,0.4,Urea
PLT-2446,2024-08-05,C,Rulindo,sweet_potato,Improved,loamy,7.04,37.7,46.2,95.2,431.9,32.5,5.4,NPK+Manure
PLT-2447,2024-02-22,B,Gakenke,barley,Improved,sandy,7.79,38.2,37.8,30.1,395.6,31.6,1.0,Manure
PLT-2448,2026-05-13,C,Ngororero,irish_potatoes,Kirundo,clayey,5.37,68.6,61.7,87.4,188.0,52.7,6.26,DAP+Urea
PLT-2449,2026-02-10,A,Rwamagana,sorghum,Improved,sandy,7.03,32.0,30.5,36.3,303.6,57.8,0.75,Urea
PLT-2450,2026-02-27,C,Ngororero,irish_potatoes,Kinigi,clayey,6.36,103.5,81.6,122.1,344.7,43.9,9.63,NPK 17-17-17
PLT-2451,2024-10-24,B,Musanze,barley,Improved,sandy,7.58,46.7,35.1,32.3,441.1,40.6,0.87,DAP+Urea
PLT-2452,2025-06-06,B,Nyagatare,rice,Kigori,loamy,5.76,60.7,28.2,27.1,218.1,69.7,2.21,Urea
PLT-2453,2026-09-25,A,Nyaruguru,tomatoes,Local,sandy,6.86,28.2,19.2,31.6,415.1,57.9,4.5,None
PLT-2454,2025-05-11,A,Burera,pea,Improved,clayey,6.41,35.6,32.3,30.9,558.6,68.6,0.9,Urea
PLT-2455,2025-09-17,B,Gatsibo,sorghum,Local,sandy,7.12,46.0,29.8,31.9,347.7,34.8,0.97,Manure
PLT-2456,2025-01-08,C,Nyamagabe,soybean,Local,clayey,5.22,31.1,31.3,43.7,221.6,55.2,0.67,Urea
PLT-2457,2024-12-06,A,Ngoma,sugarcane,Local,clayey,7.97,93.4,49.7,87.9,391.1,45.9,30.44,DAP+Urea
PLT-2458,2024-01-09,A,Kayonza,sweet_potato,Improved,sandy,5.45,13.3,22.5,28.8,570.2,58.4,2.61,None
PLT-2459,2024-03-21,B,Gakenke,barley,Improved,sandy,6.88,55.0,36.8,34.5,171.1,68.3,1.05,Manure
PLT-2460,2025-07-10,C,Nyanza,soybean,Improved,clayey,5.78,34.9,45.0,30.3,382.0,34.6,0.77,Urea
PLT-2461,2025-06-18,A,Bugesera,sorghum,Local,sandy,7.75,46.0,29.9,36.8,293.7,58.1,0.66,Urea
PLT-2462,2026-05-02,A,Rulindo,pea,Local,clayey,7.24,41.4,42.2,40.0,375.9,59.4,0.86,NPK+Manure
PLT-2463,2025-12-12,A,Gakenke,barley,Local,clayey,6.87,41.0,29.8,33.5,132.8,45.2,0.98,DAP+Urea
PLT-2464,2025-09-16,B,Gasabo,rice,Kigori,clayey,7.31,88.2,42.3,47.6,249.9,60.3,2.85,DAP+Urea
PLT-2465,2025-10-14,A,Gicumbi,pea,Improved,loamy,5.63,36.7,25.9,33.1,319.8,39.5,0.7,DAP+Urea
PLT-2466,2024-11-08,B,Nyagatare,sunflower,Local,loamy,7.88,21.1,15.9,20.7,502.5,64.4,0.6,None
PLT-2467,2026-08-11,A,Huye,cassava,Ndamirabana,loamy,6.88,41.5,26.0,75.0,231.0,45.6,8.21,DAP+Urea
PLT-2468,2025-12-20,C,Nyanza,coffee,Improved,clayey,6.29,43.9,29.9,49.3,333.3,51.6,0.72,Urea
PLT-2469,2025-06-07,B,Nyarugenge,banana,Improved,alluvial,7.23,77.1,37.8,167.6,588.2,53.2,8.46,DAP+Urea
PLT-2470,2026-03-26,B,Rwamagana,sugarcane,Local,loamy,6.9,61.2,41.8,64.1,586.8,45.9,29.31,DAP+Urea
PLT-2471,2026-05-03,A,Rulindo,barley,Local,sandy,6.36,69.0,45.5,37.6,516.0,45.2,1.76,NPK 17-17-17
PLT-2472,2025-12-06,B,Musanze,corn,Hybrid WH,loamy,6.17,61.5,40.0,35.9,233.0,38.1,1.32,Urea
PLT-2473,2024-05-17,B,Nyagatare,cotton,Local,clayey,5.41,61.9,37.9,33.6,334.6,66.4,0.68,Manure
PLT-2474,2025-11-20,B,Kayonza,cassava,Gahene,loamy,5.97,41.9,19.0,62.3,435.8,50.6,8.33,Manure
PLT-2475,2024-10-04,B,Gakenke,wheat,Improved,sandy,6.7,48.2,36.8,31.1,507.5,46.2,1.2,Urea
PLT-2476,2024-08-21,B,Gatsibo,cotton,Local,clayey,6.54,61.6,40.1,39.6,424.2,57.7,0.95,Urea
PLT-2477,2026-07-10,A,Rwamagana,sorghum,Local,sandy,7.69,36.6,32.3,24.3,126.8,37.1,0.6,Manure
PLT-2478,2024-12-21,A,Gakenke,barley,Improved,loamy,6.97,53.0,28.7,30.9,481.9,55.0,1.04,Urea
PLT-2479,2026-10-25,A,Gisagara,cassava,Ndamirabana,loamy,5.94,24.1,16.4,45.4,516.8,52.8,4.64,None
PLT-2480,2026-04-05,A,Rulindo,wheat,Local,loamy,5.67,56.0,46.1,31.3,176.4,31.7,1.29,DAP+Urea
PLT-2481,2024-03-15,A,Musanze,pea,Local,clayey,5.66,43.8,39.2,36.7,144.3,31.4,1.19,NPK 17-17-17
PLT-2482,2025-11-20,B,Nyamasheke,tea,Improved,loamy,6.0,24.6,20.6,40.4,114.5,43.2,0.72,None
PLT-2483,2025-05-14,B,Kayonza,sunflower,Improved,sandy,7.91,15.6,19.2,24.7,144.0,60.5,0.56,None
PLT-2484,2024-02-18,A,Ngoma,sorghum,Improved,sandy,7.43,42.0,37.9,36.2,321.7,41.8,1.13,Urea
PLT-2485,2024-03-02,B,Gatsibo,rice,Kigori,loamy,6.07,57.8,37.9,36.3,365.7,56.4,2.41,Manure
PLT-2486,2026-06-01,C,Ngoma,soybean,Local,loamy,7.46,42.8,52.3,47.8,268.6,53.4,0.91,DAP+Urea
PLT-2487,2026-10-21,C,Rubavu,tea,Local,clayey,5.46,84.9,40.2,78.2,581.1,51.3,1.69,NPK+Manure
PLT-2488,2024-06-16,B,Kayonza,sunflower,Local,sandy,5.66,49.5,52.1,58.5,283.2,43.8,1.15,NPK+Manure
PLT-2489,2024-10-02,B,Rulindo,tea,Improved,loamy,5.11,70.1,37.0,55.0,367.3,58.8,1.11,Manure
PLT-2490,2025-10-28,A,Musanze,pea,Improved,loamy,5.99,45.0,44.3,37.3,378.8,36.3,1.02,NPK+Manure
PLT-2491,2026-05-05,C,Musanze,sweet_potato,Improved,loamy,5.85,47.7,47.4,85.9,406.7,65.5,6.1,NPK+Manure
PLT-2492,2024-11-24,B,Kayonza,cotton,Local,loamy,6.79,64.9,33.4,42.0,284.7,56.8,0.94,Manure
PLT-2493,2026-10-13,B,Kamonyi,sugarcane,Local,clayey,7.72,76.3,41.1,61.0,127.3,48.2,21.08,DAP+Urea
PLT-2494,2025-10-22,B,Kirehe,cotton,Improved,loamy,6.48,66.6,59.7,58.9,468.4,33.3,1.36,DAP+Urea
PLT-2495,2026-11-03,B,Gakenke,pea,Local,clayey,5.57,23.4,12.1,23.4,214.5,39.7,0.59,None
PLT-2496,2024-07-22,A,Kamonyi,sweet_potato,Local,sandy,6.73,29.6,37.0,59.2,199.2,53.0,4.33,Urea
PLT-2497,2026-11-16,A,Rulindo,barley,Improved,sandy,7.3,64.0,45.7,42.3,596.6,42.3,1.46,NPK 17-17-17
PLT-2498,2025-11-27,C,Nyagatare,rice,Zhongeng,loamy,5.87,104.4,43.7,38.1,427.7,61.2,3.53,NPK 17-17-17
PLT-2499,2024-06-02,A,Nyagatare,sugarcane,Local,clayey,7.35,103.3,53.3,85.3,307.2,57.4,46.76,NPK 17-17-17
PLT-2500,2024-05-16,A,Kirehe,sorghum,Improved,clayey,7.66,44.2,25.1,28.9,391.1,62.7,0.78,Urea
